ID,Label,gyrox_meanVal,gyrox_sdVal,gyrox_rmsVal,gyrox_maxVal,gyrox_minVal,gyrox_peakToPeak,gyrox_cvVal,gyrox_mavVal,gyrox_varVal,gyrox_psdMean,gyrox_domFreq,gyrox_domAmp,gyrox_meanFreq,gyrox_medianFreq,gyrox_specEntropy,gyrox_psdAsymmetry,gyrox_harmonicRatio,gyroy_meanVal,gyroy_sdVal,gyroy_rmsVal,gyroy_maxVal,gyroy_minVal,gyroy_peakToPeak,gyroy_cvVal,gyroy_mavVal,gyroy_varVal,gyroy_psdMean,gyroy_domFreq,gyroy_domAmp,gyroy_meanFreq,gyroy_medianFreq,gyroy_specEntropy,gyroy_psdAsymmetry,gyroy_harmonicRatio,gyroz_meanVal,gyroz_sdVal,gyroz_rmsVal,gyroz_maxVal,gyroz_minVal,gyroz_peakToPeak,gyroz_cvVal,gyroz_mavVal,gyroz_varVal,gyroz_psdMean,gyroz_domFreq,gyroz_domAmp,gyroz_meanFreq,gyroz_medianFreq,gyroz_specEntropy,gyroz_psdAsymmetry,gyroz_harmonicRatio,accx_meanVal,accx_sdVal,accx_rmsVal,accx_maxVal,accx_minVal,accx_peakToPeak,accx_cvVal,accx_mavVal,accx_varVal,accx_psdMean,accx_domFreq,accx_domAmp,accx_meanFreq,accx_medianFreq,accx_specEntropy,accx_psdAsymmetry,accx_harmonicRatio,accy_meanVal,accy_sdVal,accy_rmsVal,accy_maxVal,accy_minVal,accy_peakToPeak,accy_cvVal,accy_mavVal,accy_varVal,accy_psdMean,accy_domFreq,accy_domAmp,accy_meanFreq,accy_medianFreq,accy_specEntropy,accy_psdAsymmetry,accy_harmonicRatio,accz_meanVal,accz_sdVal,accz_rmsVal,accz_maxVal,accz_minVal,accz_peakToPeak,accz_cvVal,accz_mavVal,accz_varVal,accz_psdMean,accz_domFreq,accz_domAmp,accz_meanFreq,accz_medianFreq,accz_specEntropy,accz_psdAsymmetry,accz_harmonicRatio,,GMinter_meanVal,GMinter_sdVal,GMinter_rmsVal,GMinter_maxVal,GMinter_minVal,GMinter_peakToPeak,GMinter_cvVal,GMinter_mavVal,GMinter_varVal,GMinter_logDetector,GMinter_waveformLength,GMinter_psdMean,GMinter_domFreq,GMinter_domAmp,GMinter_meanFreq,GMinter_medianFreq,GMinter_meanPowerFreq,GMinter_specEntropy,GMinter_psdAsymmetry,GMinter_harmonicRatio,GMinter_dwtEnergy,GMinter_cwtMean,GMinter_emdEnergy,RFinter_meanVal,RFinter_sdVal,RFinter_rmsVal,RFinter_maxVal,RFinter_minVal,RFinter_peakToPeak,RFinter_cvVal,RFinter_mavVal,RFinter_varVal,RFinter_logDetector,RFinter_waveformLength,RFinter_psdMean,RFinter_domFreq,RFinter_domAmp,RFinter_meanFreq,RFinter_medianFreq,RFinter_meanPowerFreq,RFinter_specEntropy,RFinter_psdAsymmetry,RFinter_harmonicRatio,RFinter_dwtEnergy,RFinter_cwtMean,RFinter_emdEnergy,BFinter_meanVal,BFinter_sdVal,BFinter_rmsVal,BFinter_maxVal,BFinter_minVal,BFinter_peakToPeak,BFinter_cvVal,BFinter_mavVal,BFinter_varVal,BFinter_logDetector,BFinter_waveformLength,BFinter_psdMean,BFinter_domFreq,BFinter_domAmp,BFinter_meanFreq,BFinter_medianFreq,BFinter_meanPowerFreq,BFinter_specEntropy,BFinter_psdAsymmetry,BFinter_harmonicRatio,BFinter_dwtEnergy,BFinter_cwtMean,BFinter_emdEnergy,MGinter_meanVal,MGinter_sdVal,MGinter_rmsVal,MGinter_maxVal,MGinter_minVal,MGinter_peakToPeak,MGinter_cvVal,MGinter_mavVal,MGinter_varVal,MGinter_logDetector,MGinter_waveformLength,MGinter_psdMean,MGinter_domFreq,MGinter_domAmp,MGinter_meanFreq,MGinter_medianFreq,MGinter_meanPowerFreq,MGinter_specEntropy,MGinter_psdAsymmetry,MGinter_harmonicRatio,MGinter_dwtEnergy,MGinter_cwtMean,MGinter_emdEnergy,TAinter_meanVal,TAinter_sdVal,TAinter_rmsVal,TAinter_maxVal,TAinter_minVal,TAinter_peakToPeak,TAinter_cvVal,TAinter_mavVal,TAinter_varVal,TAinter_logDetector,TAinter_waveformLength,TAinter_psdMean,TAinter_domFreq,TAinter_domAmp,TAinter_meanFreq,TAinter_medianFreq,TAinter_meanPowerFreq,TAinter_specEntropy,TAinter_psdAsymmetry,TAinter_harmonicRatio,TAinter_dwtEnergy,TAinter_cwtMean,TAinter_emdEnergy,PLinter_meanVal,PLinter_sdVal,PLinter_rmsVal,PLinter_maxVal,PLinter_minVal,PLinter_peakToPeak,PLinter_cvVal,PLinter_mavVal,PLinter_varVal,PLinter_logDetector,PLinter_waveformLength,PLinter_psdMean,PLinter_domFreq,PLinter_domAmp,PLinter_meanFreq,PLinter_medianFreq,PLinter_meanPowerFreq,PLinter_specEntropy,PLinter_psdAsymmetry,PLinter_harmonicRatio,PLinter_dwtEnergy,PLinter_cwtMean,PLinter_emdEnergy
1,0,6.132551611,53.50607629,53.84384122,310.4163157,-190.3333164,500.7496321,1.291875396,41.41736613,2862.9002,57.32886601,0.9765625,1280.477762,6.929662174,5.46875,6.107742052,0.9193212477,25.34830747,0.7515651354,24.86876247,24.87425873,170.3245719,-59.99387813,230.31845,1.497281761,16.60927363,618.4553467,12.28440865,0.9765625,310.1635038,8.194835751,3.90625,6.263119254,0.9104652572,22.37134617,1.220385995,207.8615688,207.8161686,442.5436996,-300.6352918,743.1789914,1.215640401,170.9893555,43206.43176,864.9724969,0.9765625,66830.87613,1.67288357,1.7578125,2.839459539,0.9978504674,5.997352289,1.268763538,0.627819936,1.415532776,3.308215511,-0.079058594,3.387274105,0.4947138016,1.269056845,0.3941578721,0.03999536712,0,5.569404629,0.8652072162,0,2.292318102,0.9936943149,2.48801961,0.06771487844,0.8410080684,0.8435321932,3.552015233,-4.424443219,7.976458452,1.874675002,0.448615396,0.7072945712,0.01412563105,0.9765625,0.3358027896,10.66180101,7.6171875,6.588238138,0.8331176809,24.00214217,0.1351728721,0.3364773465,0.3625401442,2.200418863,-1.944347723,4.144766586,1.4226336,0.2365172217,0.1132170047,0.002484231112,0,0.06410583127,11.8392123,12.3046875,6.625935735,0.8772827357,14.29926209,,0.00000487882343,0.02172915109,0.02172867181,0.2461444813,-0.2135423571,0.4596868383,1.580527323,0.01374803889,0.0004721560072,0.007588653511,204.6511053,0.0000009959534627,31.49414063,0.00003495511877,78.20290243,45.65429688,0.0000009959534627,9.890565818,0.8898266931,117.5368706,10.70183445,0.002190719098,12.43903771,-0.000003763037746,0.02923805189,0.0292374065,0.3179129632,-0.2995936016,0.6175065648,1.643274721,0.01779255259,0.0008548636785,0.008917967965,234.5387592,0.000001784853666,44.18945313,0.00004056356103,83.3930185,59.69238281,0.000001784853666,10.13564336,0.9266604898,113.9148962,19.36220139,0.002822401869,22.16859097,0.00002339788846,0.06786092879,0.06785943431,0.7952596743,-0.6325995615,1.427859236,1.822260554,0.03723997024,0.004605105657,0.01488924977,476.7770427,0.000009454293506,35.76660156,0.0002216219622,84.15551824,60.91308594,0.000009454293506,10.21044704,0.9226439135,122.4695988,104.3112292,0.005880741649,124.3849003,0.00001422511398,0.09531585781,0.09531375409,0.8502878174,-0.7216509369,1.571938754,1.729457389,0.05511315771,0.00908511275,0.02346754056,847.3875483,0.00001850409666,40.40527344,0.0002154887399,107.985177,93.26171875,0.00001850409666,10.65194369,0.9008969539,173.0075097,208.2543713,0.008345776039,222.6398559,0.000001157413803,0.005350345801,0.005350227779,0.08111085574,-0.09108069103,0.1721915468,1.701289307,0.003144877112,0.00002862620019,0.001752229651,85.08423242,0.00000005730354722,98.38867188,0.000004471320737,196.3236936,178.4667969,0.00000005730354722,11.35572626,0.3812694209,117.5040076,0.6484857019,0.000565386048,0.7507210933,0.00000063396632,0.005493904186,0.005493782905,0.08898975281,-0.09609004474,0.1850797976,1.671666121,0.003286484134,0.0000301829832,0.001825517707,89.76579885,0.00000006161477346,98.38867188,0.000003630418252,198.438574,180.5419922,0.00000006161477346,11.43276466,0.3601633464,139.2532059,0.6835988875,0.0005893634169,0.8004382101
2,0,-0.5146837903,51.91603599,51.90766605,94.9284847,-183.1508202,278.0793049,1.188676756,43.6754868,2695.274793,55.59550618,0.87890625,6331.568959,0.9646670861,0.87890625,3.736912378,0.9999238322,5.27761133,3.573844157,32.8491982,33.03616536,74.33452006,-150.7903876,225.1249076,1.368579211,24.00240917,1079.069822,23.39323867,0.78125,2306.413457,1.051538568,0.87890625,3.877659585,0.9998914147,6.745577354,1.613032719,160.5911361,160.5654547,376.032869,-192.4249921,568.4578611,1.223772794,131.2262675,25789.51299,514.9300111,0.87890625,50206.94997,1.263830473,0.9765625,3.464771302,0.999972611,5.802930668,1.122464017,0.355792277,1.177480513,1.87900738,0.2580378002,1.62096958,0.3169743275,1.122464017,0.1265881443,0.02772648765,0.09765625,6.366926757,0.2461285648,0.09765625,2.102878473,0.9999792104,2.199842496,-0.02569608903,0.2066826069,0.2082306839,0.6771833331,-0.2827052774,0.9598886105,1.286485491,0.1606567726,0.04271770001,0.0008727386366,0.87890625,0.0591153675,1.625156039,1.66015625,4.311900127,0.9999584239,9.276062696,0.267639044,0.1121627196,0.290182427,0.7883277758,-0.03060359448,0.8189313703,0.4189356732,0.2677325584,0.01258047567,0.001707254186,0.09765625,0.3670085998,0.3241543891,0.09765625,2.549235007,0.9999682694,2.349949579,,0.000007445692408,0.01452739838,0.01452707479,0.1123977089,-0.1138835227,0.2262812316,1.410696628,0.01029803154,0.0002110453036,0.006160040964,173.9443829,0.0000003996345962,99.609375,0.00001250306579,110.1546473,74.82910156,0.0000003996345962,10.64121564,0.8021409813,113.0090613,4.74309683,0.001681770164,5.103146375,0.00003166829953,0.0274987622,0.0274981643,0.1959119575,-0.2938059493,0.4897179068,1.50492107,0.01827256109,0.0007561819224,0.009944582285,198.9056174,0.000001591243724,35.40039063,0.00006860846581,62.97984394,43.33496094,0.000001591243724,9.450114562,0.9662369788,90.2881305,17.03960911,0.002762546375,18.61391685,-0.000003376842749,0.04555065429,0.04554963382,0.4965675249,-0.7927082946,1.28927582,2.060244447,0.02210934452,0.002074862106,0.008841310529,356.7138181,0.000003958986788,65.4296875,0.00006517603537,102.7794072,87.52441406,0.000003958986788,10.38281137,0.9367087048,151.6270081,46.33954238,0.003600188584,50.61447067,0.00003486499497,0.1655839637,0.1655802574,1.284351756,-1.311833924,2.59618568,2.114281893,0.07831688115,0.02741804905,0.02302576417,1103.110504,0.00005541871808,45.28808594,0.0007847492911,92.73480481,78.85742188,0.00005541871808,10.25193859,0.9358539249,138.8462549,612.0109737,0.01267251344,683.146839,-0.0001245000658,0.1057442409,0.1057419449,1.051792908,-1.111205604,2.162998513,1.751927996,0.06035878255,0.01118184449,0.02673268193,887.9216933,0.00002138915178,46.50878906,0.0003565181002,94.63551746,77.63671875,0.00002138915178,10.27941503,0.9389180196,141.6540802,251.7109627,0.009599392205,276.2482608,0.000001527460348,0.143965674,0.1439624483,1.45307689,-1.333721289,2.786798179,2.010156382,0.0716191413,0.02072611529,0.02728358323,1089.337674,0.00004679792556,78.49121094,0.000547445473,103.8357033,92.16308594,0.00004679792556,10.43804169,0.9589297095,157.272722,462.6035467,0.01135868348,470.5780624
3,0,9.192385034,50.58273202,51.40027292,109.8304314,-114.0590568,223.8894882,1.121870496,45.08785303,2558.612778,51.27301966,0.78125,3277.964616,1.284976086,0.9765625,3.219225523,0.9992495686,6.815617175,9.031891844,18.79945996,20.85280355,61.67344368,-24.88168587,86.55512955,1.144918466,16.41991157,353.4196949,8.139700645,0.78125,579.3179976,0.9910270203,0.78125,3.182461113,0.9994117579,6.815280859,2.465753073,165.3386079,165.3206551,380.3784801,-176.3016612,556.6801412,1.214304128,136.1591417,27336.85526,539.8345166,0.78125,38941.99245,1.305740888,0.9765625,2.437251598,0.9999607605,5.013769852,1.170112317,0.3881101636,1.232771723,1.987899214,0.3028621829,1.685037031,0.3316862476,1.170112317,0.1506294991,0.03026133566,0,5.067791308,0.2475752174,0,1.491740872,0.9999663826,2.218852243,0.04295472512,0.2900221831,0.2931228453,1.012338588,-0.276914042,1.28925263,1.412263212,0.2053598654,0.08411286671,0.001701154839,1.7578125,0.1722338455,1.719466799,1.7578125,3.035076531,0.9993386734,6.389651426,0.2732093469,0.09036448207,0.2877594438,0.439604998,-0.1065323678,0.5461373659,0.3277775713,0.2756884241,0.00816573962,0.001659969667,0,0.2819249075,0.2216386494,0,1.497068836,0.9995303069,2.217512359,,0.000004892629929,0.01421037616,0.01421006468,0.1515045014,-0.1121222273,0.2636267287,1.395417164,0.01018360425,0.0002019347906,0.006162751487,186.884449,0.0000004083290426,98.87695313,0.00004704690108,122.3067579,98.75488281,0.0000004083290426,10.58598281,0.7868607248,74.83331222,4.611188023,0.001623428042,5.045218744,0.000003969862207,0.01174527917,0.0117450217,0.07516668201,-0.07576882614,0.1509355082,1.38568155,0.008476174897,0.0001379515827,0.005210263308,133.8016618,0.0000002836475266,98.87695313,0.00004528388133,95.89488835,73.48632813,0.0000002836475266,9.961642055,0.8800849854,54.53693202,3.141583491,0.00134693431,3.304850163,0.0000001279113046,0.02370427531,0.02370375433,0.2840512043,-0.5025927969,0.7866440012,1.662273997,0.01426014926,0.0005618926677,0.007553577718,213.4324359,0.0000009916376494,98.87695313,0.0000491779842,91.86368148,72.75390625,0.0000009916376494,10.20293265,0.9365736379,111.3946009,12.79191757,0.002236600776,14.75478509,0.00000860799437,0.07950055486,0.07949880804,0.5124811213,-0.9564906823,1.468971804,1.721247232,0.04618776047,0.006320338223,0.02037491046,765.6212718,0.00001327249095,105.3466797,0.0001216407654,116.6070792,103.1494141,0.00001327249095,10.70739474,0.8939313558,172.5190922,144.5001323,0.007189826667,151.6362455,0.00001660523033,0.09273916276,0.092737126,1.115496606,-1.076999186,2.192495792,1.865562063,0.04971111099,0.00860055231,0.02206124536,601.4211622,0.00001653082215,65.18554688,0.0003176111561,74.93513558,62.01171875,0.00001653082215,9.748015661,0.9742953781,117.7809149,196.2245908,0.007496047661,216.5290584,-0.00002217155889,0.1311518884,0.1311490078,1.442805206,-1.572835004,3.01564021,2.028833575,0.0646439856,0.01720081783,0.02669434502,1011.838065,0.00003412806508,103.8818359,0.0003210484177,112.1288093,100.9521484,0.00003412806508,10.58314226,0.9351472136,168.1189985,391.3756788,0.01027582322,412.8117834
4,0,-7.138361316,89.33823021,89.5998054,157.0479942,-241.0541303,398.1021245,1.241720466,71.94713516,7981.319378,169.4423635,0.9765625,11682.94722,1.273304499,1.171875,3.336591354,0.9996093625,8.842847106,-1.140145582,53.95700309,53.95501967,80.75957965,-185.3768123,266.1363919,1.213885578,44.4498263,2911.358183,62.99611887,0.9765625,3601.934473,1.337645069,1.171875,3.473231917,0.9997791251,10.31219888,2.240592472,153.5638256,153.5402415,353.6107145,-211.6126656,565.2233801,1.198983891,128.078306,23581.84855,470.0282702,0.9765625,28715.33101,1.48822753,1.3671875,3.214665268,0.9998357744,9.121881043,1.136850256,0.4140811425,1.209877073,1.91719241,0.1207551199,1.79643729,0.3642354305,1.136850256,0.1714631926,0.02910923011,0,4.037658943,0.3238291357,0,1.802482363,0.9999760667,2.26386356,0.009559978356,0.3465743709,0.3466161077,0.9962028284,-0.5485725382,1.544775367,1.325281782,0.2615099489,0.1201137946,0.002374753556,0.9765625,0.1710029382,1.489627036,1.171875,3.384203484,0.9999277301,8.416329022,0.5058347676,0.2171318981,0.5504457796,1.247436567,-0.01356396841,1.261000536,0.4292226881,0.5058723689,0.04714626115,0.006178746565,0,0.8110984559,0.3641104174,0,2.055326698,0.9999428849,2.366869882,,0.000004390188113,0.01526393509,0.01526361061,0.1231627059,-0.1631114873,0.2862741932,1.520890467,0.01003618303,0.0002329877145,0.005560154319,176.5999462,0.0000004678282778,89.84375,0.00001640867168,103.9221465,78.125,0.0000004678282778,10.59495499,0.8695194144,128.3006609,5.498155028,0.001632251991,5.945164755,-0.00001100387027,0.02897612355,0.02897550846,0.3549593989,-0.2863601658,0.6413195648,1.782769929,0.01625342848,0.0008396157358,0.006877651362,189.1926114,0.000001655837816,37.23144531,0.00004617295782,63.05863018,49.43847656,0.000001655837816,9.638109475,0.9757814728,107.8679561,20.0850624,0.002573798752,20.3808402,0.000001949830286,0.08570046439,0.08569863904,0.5971956775,-1.082589357,1.679785035,1.905843125,0.04496721857,0.007344569597,0.01671358997,553.9287964,0.00001609629586,41.25976563,0.0002400553405,82.00365963,70.19042969,0.00001609629586,10.12255941,0.9698375175,138.119999,172.4209555,0.007098456527,206.2326487,0.00002116430764,0.06283164189,0.06283030717,0.5185373576,-0.5942716609,1.112809019,1.909117166,0.03291135977,0.003947815222,0.01328615617,506.3377201,0.000008130981467,67.87109375,0.00008131873014,97.52672441,80.32226563,0.000008130981467,10.48761871,0.930585363,167.2128072,92.68191795,0.005333071658,97.04804921,0.00003835533073,0.09300957429,0.09300760114,0.8114800723,-0.9541885271,1.765668599,1.955547823,0.04756190219,0.008650780909,0.01720243706,699.7596428,0.00001709881781,73.85253906,0.0001854449318,96.41969042,83.37402344,0.00001709881781,10.38267741,0.9595158611,150.0923676,204.6102838,0.007538572987,216.0793729,-0.00003504298508,0.07466358537,0.0746620033,0.8936834157,-0.688796929,1.582480345,1.956729456,0.03815733705,0.00557465098,0.01392928285,555.0694384,0.00001078553329,52.734375,0.0001559111459,90.50706526,81.0546875,0.00001078553329,10.2219913,0.9685523347,148.9179709,130.8691371,0.005928592802,133.6982767
5,0,0.1697373818,32.77834166,32.77087809,49.71976654,-121.983038,171.7028045,1.232802364,26.58848054,1074.419682,23.26525437,0.9765625,843.0141351,1.500614096,1.171875,4.131678771,0.9983166139,14.33967144,-4.525133924,33.28857564,33.58678028,72.06737994,-156.2777027,228.3450826,1.370987079,24.28073624,1108.129268,24.35750271,0.9765625,1927.197066,1.29798955,0.9765625,3.355312679,0.9997515679,8.531690776,-2.73076093,169.4541065,169.4352566,381.7617109,-240.4499692,622.2116802,1.222706239,138.5893857,28714.6942,587.9271335,0.9765625,50078.22205,1.418373757,1.171875,2.805744581,0.9999486612,8.067266473,1.267161349,0.4506518708,1.344874371,2.170662592,0.2908082911,1.879854301,0.355638902,1.267161349,0.2030871087,0.03631448413,0,5.463808253,0.296338421,0,1.670842912,0.9999653565,2.251613209,-0.02773507299,0.4358130545,0.4365898242,1.16654789,-0.6692847076,1.835832597,1.273921495,0.3421035409,0.1899330184,0.003924661405,0.9765625,0.3646746702,1.425416345,1.171875,3.035268278,0.9999018477,7.592136956,0.1004869551,0.09761999887,0.1400810391,0.7615797362,-0.1618200032,0.9233997393,0.8860812007,0.1101704887,0.009529664179,0.0004230433637,0,0.03561826894,0.8204256947,0.1953125,3.453986563,0.9998019693,3.882818601,,0.00000375416348,0.04861204009,0.04861096072,1.006176268,-1.321763905,2.327940174,2.257194325,0.02153648871,0.002363130442,0.01047426228,295.3506415,0.000004864802774,39.91699219,0.00008480033632,101.9490975,71.41113281,0.000004864802774,10.50187148,0.8520484322,170.4803372,53.22574599,0.003502163502,65.09034176,0.000010305892,0.02425167909,0.02425114273,0.2457786882,-0.158286691,0.4040653792,1.649943927,0.01469848683,0.0005881439385,0.006990410811,205.612184,0.000001250599866,59.69238281,0.00002268394657,85.32099808,70.55664063,0.000001250599866,10.10116457,0.9526940575,129.1563532,13.25505536,0.00226403889,14.4359482,-0.00001462853306,0.0315916794,0.03159098124,0.3161148695,-0.4401483325,0.756263202,1.742573137,0.01812932767,0.000998034207,0.008729229141,274.2885064,0.000002106668564,62.01171875,0.00003012882075,99.75448265,81.78710938,0.000002106668564,10.49022181,0.9303239993,155.8481167,22.6488736,0.002951070328,26.32562233,0.00001853274839,0.05687599429,0.05687473429,0.4628023734,-0.51497453,0.9777769034,1.658813374,0.03428715681,0.003234878727,0.01639746589,508.6921493,0.000006785034025,40.52734375,0.00009055823833,101.4164259,82.15332031,0.000006785034025,10.56147097,0.9168211172,169.5833309,72.84376513,0.005360062836,75.76687437,0.00001306145547,0.08076065037,0.08075885801,0.6313360661,-0.8267970893,1.458133155,1.680666421,0.04805275416,0.006522282649,0.02220020069,593.4364471,0.0000129367721,41.62597656,0.0002214827409,76.3450072,62.01171875,0.0000129367721,9.904336901,0.9703289219,120.9766263,149.8413613,0.007362934067,167.5220424,0.000008942093711,0.09928641451,0.09928421009,1.167898238,-1.153834411,2.321732649,1.846806684,0.05376113017,0.009857792106,0.02257080261,854.2530728,0.00002057475602,76.53808594,0.0002365899851,107.796036,95.58105469,0.00002057475602,10.53802902,0.9255293391,174.308798,222.0102586,0.008348457698,231.3579709
6,0,3.317101702,48.48970727,48.59287365,110.8543413,-121.9624616,232.8168029,1.248666504,38.83319295,2351.251711,44.43367662,0.87890625,3393.685225,1.399279559,1.07421875,4.376106919,0.9996020173,11.28455809,4.175215086,11.05486711,11.81487116,29.43019027,-33.04084303,62.4710333,1.15465407,9.574181043,122.2100867,2.521480975,0.87890625,200.1681025,1.03203218,0.87890625,4.356283056,0.9997216343,10.19026034,3.171305535,147.5688307,147.571918,353.2507298,-192.7830256,546.0337554,1.240185553,118.989316,21776.55978,429.0407626,0.87890625,30825.35148,1.313113408,1.26953125,4.057070645,0.9997787371,9.941217285,1.125961835,0.3826938126,1.189194306,2.017514673,0.2027136488,1.814801025,0.3398816911,1.125961835,0.1464545542,0.02812383993,0.09765625,6.380319816,0.26908259,0.09765625,2.23052754,0.9999341849,2.229897412,0.03472304092,0.2381113795,0.2405803532,0.880977307,-0.3010038461,1.181981153,1.526383841,0.155997052,0.05669702905,0.001163914792,0.87890625,0.06797521279,1.583385223,1.3671875,4.8303241,0.9988963368,13.63703584,0.2890832034,0.0759332925,0.2988854994,0.4923071144,0.0357386068,0.4565685076,0.262669334,0.2890832034,0.005765864909,0.001777372748,0.09765625,0.4211933884,0.1815226203,0.09765625,1.996594903,0.9999287776,2.136972995,,0.000005631015875,0.01598564982,0.01598536308,0.1619406258,-0.1367697596,0.2987103854,1.557421965,0.01026417386,0.0002555410003,0.005372804659,242.3029572,0.0000005006883873,53.95507813,0.000006717136044,118.9882981,91.06445313,0.0000005006883873,10.82735798,0.803145213,183.0689644,7.109980554,0.001649225199,7.279466095,0.000003645589269,0.02396455653,0.02396412546,0.330778841,-0.2741435411,0.6049223821,2.054140781,0.01166646256,0.0005742999696,0.004417523796,231.0856189,0.000001139242575,70.55664063,0.00001716790396,93.96027395,75.1953125,0.000001139242575,10.29516076,0.9387546515,162.7683951,15.97890904,0.001766840819,17.11698693,0.000008933737782,0.03992691566,0.039926198,0.5395015079,-0.7340569178,1.273558426,2.3297026,0.01713820282,0.001594158594,0.006029134524,339.8739112,0.000003460180108,79.83398438,0.00004505582755,98.85144598,80.56640625,0.000003460180108,10.46340408,0.9310999467,180.7374788,44.4258184,0.00279351522,48.31487256,-0.00000829281092,0.07588802374,0.07588665825,0.6576812549,-0.9087880595,1.566469314,2.076822653,0.03654044491,0.005758992147,0.01109372577,780.0605198,0.00001209006641,61.76757813,0.0001279777049,111.4561677,93.99414063,0.00001209006641,10.66666436,0.9037540547,192.8484928,160.2088563,0.005743922329,165.5404973,-0.000002859375791,0.06867715707,0.06867592098,0.666615052,-0.8486606867,1.515275739,1.721649641,0.03989032113,0.004716551903,0.01722092547,656.3826315,0.000009058193281,56.03027344,0.0001805121325,84.05699687,68.48144531,0.000009058193281,10.07162972,0.963551777,140.8167444,131.0234223,0.005942133787,136.6534917,-0.000009621507692,0.05946808779,0.05946701818,1.099939727,-1.10064078,2.200580507,1.815479075,0.03275614056,0.003536453465,0.01531574739,630.7395216,0.000008071834378,78.125,0.0001097454579,110.343698,96.31347656,0.000008071834378,10.54974953,0.9163603903,186.0305329,98.58616886,0.00498113996,104.0514146
7,0,-4.174677613,57.58499567,57.72378407,91.7949641,-209.7831234,301.5780875,1.173400798,49.07529955,3316.031727,67.22362967,0.87890625,9394.577809,1.129059996,0.87890625,3.540213189,0.9993770186,4.412669425,-2.237548821,38.72911787,38.78539531,98.95597885,-91.64037688,190.5963557,1.2711338,30.46816777,1499.944571,30.29902829,0.87890625,3829.726659,1.087224823,0.87890625,3.503243694,0.9998235371,4.780734337,0.8939603375,166.6361665,166.6027716,377.6135219,-207.4922532,585.1057751,1.245273919,133.8148691,27767.61199,550.8534308,0.87890625,45909.67108,1.361991671,1.5625,3.532640117,0.999962727,5.55991773,1.197358912,0.4273433121,1.271303357,2.07743,0.224957656,1.852472344,0.3569049412,1.197358912,0.1826223064,0.0321300253,0.09765625,7.183057128,0.2877688112,0.09765625,2.223173038,0.9999694759,2.25356156,0.1830526042,0.3213057232,0.3697313589,1.15887,-0.2385173639,1.397387364,1.485742844,0.2162593106,0.1032373678,0.002711639568,0.87890625,0.1734806388,1.184585856,0.87890625,4.228247305,0.999865454,8.113679984,0.2558305117,0.1321587944,0.2879369638,0.7035469309,-0.2161877452,0.919734676,0.5127660624,0.2577370152,0.01746594694,0.00166267698,0.09765625,0.334789831,0.4410150249,0.09765625,2.840726371,0.9999573185,2.532022484,,-0.0000001051130383,0.01455121747,0.01455092407,0.1387133385,-0.1543541167,0.2930674551,1.553135799,0.009368927997,0.0002117379298,0.005179031792,199.7193117,0.0000004184230514,98.26660156,0.00001746742821,127.1813311,98.26660156,0.0000004184230514,10.86027512,0.7811105469,133.1328994,5.254713888,0.001505668586,5.767209283,0.00002807571475,0.04145729547,0.04145646907,0.667058191,-0.5306343216,1.197692513,2.253650821,0.01839561617,0.001718707348,0.006158050494,228.9976185,0.000003406273137,38.0859375,0.0001816640258,59.62517405,41.25976563,0.000003406273137,9.135751826,0.9808289202,89.52162899,42.63378664,0.002696906195,52.25227931,-0.000008962384682,0.0455248756,0.04552395856,0.5721971842,-0.8179203316,1.390117516,2.514078063,0.01810798013,0.002072514299,0.006985198349,325.6834728,0.000004040297731,98.38867188,0.00003662782735,102.9733636,91.06445313,0.000004040297731,10.53623235,0.9364295594,201.122045,51.40407432,0.002872426339,55.94127758,-0.00001886681509,0.1164370863,0.1164347401,1.184435186,-1.120907493,2.305342679,2.009589718,0.05794072553,0.01355759506,0.02027195426,1037.712285,0.00002857860809,69.09179688,0.0004069083375,105.3630672,84.9609375,0.00002857860809,10.49765066,0.8990252049,168.8658659,336.7005319,0.009052804794,366.4087827,-0.00002007766962,0.09287320855,0.0928713381,0.8948801733,-0.961095301,1.855975474,1.838379448,0.05051906376,0.008625432866,0.01987030334,930.5675039,0.00001684777175,53.83300781,0.0001583655409,117.4313417,102.2949219,0.00001684777175,10.7133992,0.907225657,173.8807692,214.0030169,0.007830084511,229.7901935,0.0000108828349,0.07987411157,0.0798725018,0.6845001812,-0.8338310384,1.51833122,1.770447794,0.04511520298,0.006379873699,0.01990658512,813.5875753,0.00001289089585,98.26660156,0.0001196524166,111.8516123,101.4404297,0.00001289089585,10.52869783,0.9251849585,166.3798513,158.5569497,0.006795918014,167.4283562
8,0,-2.012991064,37.55780842,37.60289782,77.70829137,-156.5444407,234.2527321,1.260551159,29.7947514,1410.588974,24.36019635,0.9765625,2057.37405,1.507639372,0.9765625,3.309781839,0.9996311146,6.999604857,-4.541749559,21.88170563,22.34303963,60.69690387,-90.74985384,151.4467577,1.264743295,17.30130194,478.8090411,7.669416256,0.9765625,994.3578024,1.086953221,0.9765625,2.552312186,0.9990642615,4.861513636,2.487486357,175.8398486,175.8161062,388.5513378,-209.75704,598.3083778,1.231185044,142.821625,30919.65236,621.7094726,0.9765625,48828.97538,1.4611085,1.5625,2.653734464,0.9998705595,5.518837654,1.287861692,0.4406198469,1.361118037,2.207256805,0.3602745587,1.846982246,0.3421328932,1.287861692,0.1941458495,0.03708547391,0,5.739833975,0.2773118741,0,1.602319107,0.9999646595,2.232827192,0.1085640758,0.4510727604,0.4638503366,1.35403578,-0.4808671445,1.834902925,1.432564678,0.3148707819,0.2034666351,0.004288983172,0.9765625,0.3864253717,1.397068548,0.9765625,3.126227272,0.9999409091,5.802795055,0.1351371049,0.1474334469,0.1999710954,0.6375185172,-0.4263100717,1.063828589,0.9181296224,0.1605802093,0.02173662126,0.0007416030944,0,0.06359861247,0.8320976798,0.390625,3.203004683,0.9998426799,4.367733545,,0.0000002271001535,0.01172674986,0.01172648779,0.1056977839,-0.1216758589,0.2273736428,1.56860265,0.007475921233,0.0001375166622,0.004196739609,142.5862103,0.0000002630582972,95.703125,0.00002166852537,124.3147784,92.89550781,0.0000002630582972,10.73975752,0.7447411057,98.77701603,3.137151409,0.001232705721,3.423933863,0.000001709033899,0.01857018568,0.01856977076,0.1477941058,-0.1732674243,0.3210615302,1.764708269,0.01052309099,0.0003448517963,0.005023809063,152.8378846,0.0000006904851183,95.703125,0.00002705674268,85.4397877,67.26074219,0.0000006904851183,10.11936868,0.9454377716,124.078298,7.781097213,0.001615408447,8.978751298,0.000006485595318,0.06751485525,0.06751334677,0.5929386451,-0.3973597845,0.9902984296,1.803105495,0.03744365233,0.00455825568,0.01262481821,539.1276096,0.000008961545991,51.26953125,0.0001179537045,95.72123494,79.22363281,0.000008961545991,10.38523896,0.9455172972,145.5732393,102.6310705,0.005906314277,113.2248857,-0.0000162129866,0.08287898111,0.08287713055,0.8463953933,-0.7059966035,1.552391997,1.970083839,0.04206875842,0.00686892551,0.0135007746,622.5889691,0.00001366371367,65.30761719,0.0001524973218,96.10845963,81.29882813,0.00001366371367,10.34065739,0.9558948379,177.8555611,154.6153355,0.006340112209,162.2204157,0.00007050105818,0.08645177169,0.08644986845,0.7309294699,-0.7754092673,1.506338737,1.566591124,0.05518464286,0.007473908829,0.02709804058,658.1277828,0.00001532029963,44.31152344,0.0002204129341,76.71522626,65.67382813,0.00001532029963,9.904465596,0.9809371886,122.8635837,172.269316,0.00811479395,181.3795395,-0.0000005933465577,0.1453316218,0.145328374,1.228577967,-1.185919901,2.414497867,1.895330171,0.07667878877,0.0211212803,0.02774688889,1056.309948,0.00004073654086,65.4296875,0.0007395827089,95.13923805,85.57128906,0.00004073654086,10.26539591,0.9666850532,155.9120086,472.8673396,0.01148533763,490.8470715
9,0,-4.053007857,49.8755673,50.02693234,81.39158833,-179.0596875,260.4512758,1.221529196,40.83043407,2487.572214,51.58799631,0.9765625,3293.009846,1.407288095,0.9765625,3.712752388,0.9959644825,7.462099844,13.70279795,33.1415725,35.85462639,96.0769721,-137.5118301,233.5888022,1.165255247,28.4414703,1098.363828,26.41106773,0.9765625,967.5446229,1.402500958,1.171875,3.879601491,0.9989701222,12.01819913,7.875365801,176.3801714,176.5096715,384.098365,-219.7841061,603.8824712,1.213292382,145.3731797,31109.96488,631.3623571,0.9765625,42410.77822,1.431259596,1.171875,3.146416557,0.9997027158,6.938129616,1.290932829,0.4333250443,1.361682653,2.203376027,0.3748263251,1.828549702,0.3356681577,1.290932829,0.187770594,0.03718545524,0,5.193899463,0.2901400177,0,1.731706708,0.9999614059,2.223929791,-0.04263570539,0.4183386999,0.4203965415,1.133559275,-0.7020644277,1.835623702,1.206516737,0.3467326123,0.1750072678,0.00364182976,0.9765625,0.2627479408,1.439884583,1.171875,3.293196151,0.9993258954,7.10526663,0.08888286407,0.1346802069,0.1613363102,1.016855417,-0.246931429,1.263786846,1.19286379,0.1129049335,0.01813875813,0.0005710404968,0,0.02803314629,0.9946487579,0.78125,3.812803769,0.999579278,6.577697293,,0.000002116831066,0.01150588351,0.01150560777,0.1047912255,-0.1233178126,0.2281090381,1.407818013,0.008172848627,0.0001323853554,0.005074363045,148.7224444,0.0000002652971569,95.82519531,0.00004794404545,140.3003111,106.9335938,0.0000002652971569,10.62534062,0.7292058649,27.90797535,2.762014194,0.001318405888,3.118449222,-0.000001330801134,0.02506664059,0.02506603947,0.2442050524,-0.2200331505,0.4642382029,1.762149126,0.01422503931,0.0006283364704,0.006829725545,184.1802099,0.000001206791536,95.82519531,0.00004472991439,88.27125444,71.2890625,0.000001206791536,10.15690281,0.9583834422,102.344657,13.10455098,0.00221761395,14.21122859,-0.00001035950951,0.03948599653,0.03948505092,1.252824148,-0.9475087641,2.200332912,2.347716638,0.01681889368,0.001559143922,0.007999416261,230.8203203,0.000002561908058,95.82519531,0.00006010106983,98.48520666,73.12011719,0.000002561908058,10.33899363,0.926121049,154.273605,32.50650619,0.002698382142,32.81491045,0.00001495685366,0.1420640528,0.1420606466,1.272512891,-1.169493938,2.44200683,2.086657941,0.06808209914,0.02018219511,0.01846225478,980.2368303,0.00003999808297,63.23242188,0.0004884361399,103.3492213,87.03613281,0.00003999808297,10.49627859,0.916982741,181.5644717,420.7629302,0.01044489055,445.5381533,0.000001955283614,0.06536611107,0.06536454347,0.4951866066,-0.6522590007,1.147445607,1.678232787,0.03894937077,0.004272728477,0.01856891723,486.2760134,0.000007956552992,43.09082031,0.0001261049005,85.25788011,69.09179688,0.000007956552992,10.1569095,0.9623003064,128.6460485,89.22733154,0.006070606909,91.97964413,0.00001256282259,0.08370418205,0.08370217558,0.740543971,-0.9819343117,1.722478283,1.759714999,0.04756689696,0.007006390092,0.02083441439,660.9418348,0.00001386993824,72.265625,0.0001514065048,106.9060116,93.75,0.00001386993824,10.53400011,0.9260076347,158.3080693,146.0771494,0.007312733289,155.6972299
10,0,-12.66913429,67.92252517,69.07379239,95.68311558,-299.874148,395.5572636,1.278961186,53.10757347,4613.469426,88.94271683,1.171875,4558.714897,1.052127816,0.9765625,3.539083361,0.9985156816,12.26511762,2.535986196,38.50780604,38.5796108,69.15555189,-207.7645066,276.9200585,1.550473073,24.83616562,1482.851126,28.8597062,0.9765625,959.5315441,1.17904271,0.9765625,3.864418587,0.998967025,18.65376031,-3.46697307,149.2956896,149.2908404,352.8142621,-214.390364,567.2046261,1.194350626,125.0015585,22289.20292,440.4045702,1.171875,25390.98284,1.524398228,1.3671875,3.441472809,0.9991043087,11.60852574,1.22684832,0.3591991519,1.278320332,1.970232673,0.4030168951,1.567215778,0.2927820384,1.22684832,0.1290240307,0.03277495946,0,4.067503976,0.2616936993,0.1953125,1.710544345,0.9999684801,2.169915602,0.0806495611,0.424154476,0.4316279255,1.407751845,-0.5277031357,1.93545498,1.343932774,0.3156069145,0.1799070195,0.003661968975,1.171875,0.2077039155,1.453796689,1.171875,3.618553018,0.9998311999,14.07560543,0.1983374179,0.2124373839,0.2905857959,1.476371629,-0.1978830473,1.674254677,1.003180416,0.2117638867,0.04512964209,0.001605972148,0,0.1099067617,0.820323106,0.390625,3.481487673,0.9997490331,4.287523686,,-0.00001823890684,0.01418397726,0.01418366778,0.1218458855,-0.1290277105,0.2508735961,1.490238033,0.009517927302,0.0002011852108,0.005474945594,167.1652248,0.0000003812115597,94.7265625,0.0000422993713,115.8418121,90.57617188,0.0000003812115597,10.57769177,0.811859538,55.09009706,4.510070455,0.001556746539,4.688809822,-0.000003347705917,0.02445918399,0.02445863034,0.1798569219,-0.2133438871,0.393200809,1.539217098,0.01589066547,0.0005982516816,0.0085746674,201.3483237,0.000001189554474,94.7265625,0.00003881128977,84.21634239,62.37792969,0.000001189554474,10.17482262,0.9471773586,100.9694748,13.22571874,0.002495619293,13.80346758,-0.000005463045019,0.04549624064,0.0454952107,0.7583601144,-0.5613268689,1.319686983,2.361807586,0.01926331379,0.002069907913,0.006898648598,290.9181357,0.000004335926082,94.7265625,0.00005094104334,98.4206723,81.0546875,0.000004335926082,10.4780027,0.941694014,193.214013,45.72000211,0.003102898958,49.19751546,0.00001828172409,0.07084364124,0.07084203933,0.6760415339,-0.5602458204,1.236287354,1.822040177,0.03888149238,0.005018821504,0.01474849326,663.5013165,0.00001037437747,52.85644531,0.00009077788852,121.7386735,106.4453125,0.00001037437747,10.84085026,0.8654164767,182.900314,112.209136,0.006178407604,121.5691514,0.00003614999318,0.08848770157,0.08848570514,0.9712078124,-1.105760968,2.076968781,1.756861386,0.05036692268,0.007830073329,0.02175768836,646.6410868,0.00001584852217,52.734375,0.0002145431149,86.55053878,72.63183594,0.00001584852217,10.1489757,0.9736679641,141.7659327,172.9278849,0.007627596738,192.0006283,0.00001492496504,0.1180732342,0.1180705614,1.507460359,-1.164841793,2.672302152,2.109125137,0.05598209047,0.01394128864,0.02037297218,873.3079103,0.00002870147471,70.92285156,0.0002746974911,111.708633,99.609375,0.00002870147471,10.59489026,0.9338965684,193.683659,308.250224,0.008626130853,343.0275883
11,0,-1.481389345,35.8663358,35.89022182,65.97549113,-222.8750432,288.8505343,1.416039478,25.32862703,1286.394044,23.90718218,0.78125,991.7140021,1.480750058,1.26953125,5.012486954,0.9994046994,19.80624269,-1.658286038,36.95348978,36.98378308,112.567028,-163.1838274,275.7508554,1.39541637,26.48205264,1365.560407,26.19283601,0.78125,2970.46181,1.115013578,0.78125,3.981464845,0.9995846857,6.835313288,1.001203889,145.0905161,145.0668691,341.3227113,-202.7703276,544.093039,1.245305107,116.5100145,21051.25786,424.8841897,0.78125,39014.46215,1.191517958,1.3671875,3.455044889,0.9999682522,7.224378055,1.171763451,0.2785830215,1.204412344,1.738718343,0.4719501794,1.266768164,0.2377468091,1.171763451,0.07760849985,0.02908918175,0.09765625,6.967288238,0.1655610104,0.09765625,1.785484574,0.9999806635,2.112171274,-0.03743641737,0.2531990887,0.2559048954,0.7338844048,-0.4063578943,1.140242299,1.235475109,0.2049406636,0.06410977852,0.001345882877,1.46484375,0.1157917975,1.428751848,1.46484375,4.071492514,0.9998704065,9.444526378,0.005429590692,0.1462842136,0.1463576371,1.19012757,-0.4514429375,1.641570508,1.513390971,0.09665989584,0.02139907115,0.0003982635231,0.78125,0.02062227219,1.232377387,0.9765625,4.708652093,0.9996562272,17.03408935,,-0.00000147869044,0.03328541446,0.03328484541,0.2511333856,-0.2778826792,0.5290160648,1.559951992,0.02133746079,0.001107918816,0.01065570181,381.2607948,0.000002247566594,34.05761719,0.00004131125297,82.80758814,64.33105469,0.000002247566594,10.14604029,0.9377216628,142.8485333,32.40242007,0.003229665509,33.57440977,-0.00001151379331,0.02606077036,0.02606032734,0.3488553301,-0.4091057782,0.7579611083,1.740534597,0.01497285398,0.0006791637519,0.007137567824,286.7771794,0.000001069218417,92.65136719,0.00003037251465,97.2797814,83.0078125,0.000001069218417,10.41181061,0.9412341489,147.4991234,19.88173727,0.002296030993,19.81712978,0.000003967565085,0.05015622897,0.0501553716,0.5083661563,-0.6188563188,1.127222475,1.993470625,0.02516025485,0.002515647305,0.01026356354,454.6251066,0.000005369724842,39.55078125,0.00007825609284,88.68261134,72.99804688,0.000005369724842,10.27817217,0.9481305758,175.4732145,73.58068985,0.003973870373,83.56110258,0.00005136489004,0.163298659,0.1632958752,1.413796041,-1.292083084,2.705879125,2.355186651,0.06933576112,0.02666645204,0.0182972744,1288.836106,0.0000528290648,61.88964844,0.0006537299941,93.21937585,79.95605469,0.0000528290648,10.36059373,0.958622563,193.2130804,779.871454,0.01059041978,841.3195586,0.00002341213167,0.07889962647,0.07889828099,0.7385737308,-0.6975340524,1.436107783,1.701535347,0.04636966642,0.006225151057,0.02089677524,641.4464424,0.00001175196096,41.015625,0.0003035788772,68.44257758,54.93164063,0.00001175196096,9.648846217,0.9853398515,113.3680943,182.2819098,0.006706709938,196.3197744,0.0000217091295,0.06395013511,0.06394904543,0.5624183682,-0.7324143214,1.29483269,1.650701929,0.0387411767,0.00408961978,0.01953877482,686.0724809,0.000008192165816,75.68359375,0.0001523744269,91.40683667,76.90429688,0.000008192165816,10.28908223,0.9591229834,167.0189839,119.6230232,0.005721347834,124.6147564
12,0,-2.21201167,59.10013485,59.12754603,101.2160055,-274.2609184,375.4769239,1.323065795,44.66908227,3492.82594,73.0869413,0.9765625,6153.109965,1.187029194,0.9765625,3.277673761,0.999077276,6.270187067,11.66410955,79.34441707,80.1786128,193.3096606,-139.9886225,333.2982831,1.261563928,62.89369515,6295.53652,127.3917796,0.9765625,14505.80322,1.142721739,0.9765625,2.624694073,0.9999483822,4.748277949,-2.445292001,150.6262947,150.6105166,322.9888397,-193.6461133,516.634953,1.180764654,127.5667375,22688.28065,452.4683124,0.9765625,47400.44951,1.296633997,0.9765625,2.488977005,0.9999745014,4.730947253,1.207821877,0.3658018226,1.261975183,1.951159878,0.3822408043,1.568919074,0.302860736,1.207821877,0.1338109734,0.0317585441,0,5.020391367,0.2284795166,0,1.48427535,0.9999741406,2.182235554,-0.005294030658,0.3101592995,0.3101311211,0.9403476963,-0.34199103,1.282338726,1.264909488,0.2452027616,0.09619879109,0.001957135896,0.9765625,0.1668600768,1.517744969,1.171875,3.044109996,0.9998650684,5.742346429,0.0814181049,0.2138871426,0.2288121002,0.7309602552,-0.4990962663,1.230056522,1.095447651,0.1952509026,0.04574770976,0.001054431517,0.9765625,0.05946430469,1.267860313,0.9765625,3.62189691,0.9993900135,10.57799444,,-0.000008607392824,0.03883619062,0.03883538667,0.3104021367,-0.3040300449,0.6144321815,1.557581953,0.02493364188,0.001508249702,0.01219092013,348.8254298,0.000003082874943,35.40039063,0.00006681471666,80.34574202,61.88964844,0.000003082874943,10.03513823,0.9473949586,123.5091818,36.53464668,0.00375420239,39.62884872,-0.00000158423873,0.02449863806,0.02449813036,0.1496574903,-0.2572807729,0.4069382632,1.614387904,0.01517518683,0.0006001832667,0.007492142073,252.5309195,0.000001177344719,96.31347656,0.00003049286674,104.0118261,89.96582031,0.000001177344719,10.50601279,0.9311989873,145.6476875,14.55371201,0.002375849595,15.25257376,-0.00000490449676,0.06721563699,0.06721424408,0.7892751572,-0.9698887105,1.759163868,2.034872431,0.03303186773,0.004517941856,0.01264437111,514.0017245,0.000008609564601,41.38183594,0.000146880442,95.09270011,77.02636719,0.000008609564601,10.33620555,0.9397918935,150.1665952,110.0142162,0.005376538835,127.1875681,-0.000003459567088,0.1720124228,0.1720088578,1.435267675,-1.361664801,2.796932477,2.23364001,0.07700991299,0.02958827361,0.02124079605,1240.415491,0.00006558117568,57.12890625,0.0008769234538,100.9502613,87.64648438,0.00006558117568,10.42806507,0.9417339176,164.8728459,713.8165594,0.01208034264,756.7580569,0.00005636618851,0.1019317302,0.1019296332,0.9745140502,-1.105756668,2.080270718,1.659379172,0.06142763027,0.01039007763,0.02798818488,749.884185,0.00002013389,51.26953125,0.0005368925982,75.29612327,60.91308594,0.00002013389,9.825876203,0.9782414357,113.5991476,250.8078599,0.009028578783,269.156408,0.00001107836233,0.06363149732,0.06363017949,0.872886265,-0.7538958196,1.626782085,1.650664514,0.03854901877,0.004048967451,0.019778343,570.6375478,0.000009054376748,46.02050781,0.0001065850841,96.38639509,84.59472656,0.000009054376748,10.37834017,0.951108023,154.8805768,97.71619578,0.005819364393,106.5068646
13,0,3.534164946,26.95367606,27.17898238,42.53142296,-103.3371264,145.8685494,1.180851844,22.82562051,726.5006532,15.52006465,0.78125,1607.090658,1.368784642,0.87890625,4.359360365,0.999286261,7.14170775,2.996098167,37.25218501,37.36496373,75.0195986,-92.5841552,167.6037538,1.267086703,29.39987053,1387.725288,28.53562614,1.5625,2980.372419,1.408301038,1.5625,3.594208213,0.9999139547,7.070216425,2.36939855,168.3538856,168.3365059,391.0162041,-201.970682,592.986886,1.246303795,135.0825427,28343.03079,559.7324771,0.78125,50925.8853,1.274887804,1.46484375,3.366239789,0.9999651301,6.188644248,1.193290085,0.3574021088,1.245642734,1.954769729,0.3818263478,1.572943382,0.2995098287,1.193290085,0.1277362674,0.03087017277,0.09765625,7.196556905,0.2210800076,0.09765625,1.999942057,0.9999783796,2.178379457,-0.1023056111,0.2239651238,0.2461839217,0.7098602314,-0.4546353444,1.164495576,1.021209693,0.2193135508,0.05016037669,0.001161413777,0.78125,0.09131101064,1.209005431,0.87890625,4.138337275,0.9999349163,8.566415971,0.1105328169,0.05920712852,0.1253856834,0.3744039291,-0.06151253649,0.4359164656,0.5305344452,0.1115990282,0.003505484068,0.0003118694007,0.09765625,0.06054717302,0.573559844,0.09765625,3.051799877,0.9995561646,2.572275066,,0.000009103496741,0.01570034959,0.01570004611,0.1673616682,-0.1247634391,0.2921251073,1.495802305,0.01049627317,0.0002465009773,0.005955031972,243.1733118,0.00000048855447,99.85351563,0.00001188017475,134.8260957,108.7646484,0.00000048855447,11.00278363,0.7816982072,176.5934765,6.322874969,0.001650279791,6.76322487,-0.000008066521792,0.01544655139,0.01544625232,0.1927553105,-0.1502948278,0.3430501383,1.746175917,0.008845930835,0.0002385959498,0.00429096638,183.3402172,0.0000004714998811,99.85351563,0.00001074135118,113.8037388,96.06933594,0.0000004714998811,10.63120778,0.8988928847,178.1158244,6.130009665,0.001366145471,6.39538504,-0.000004679227298,0.01953070441,0.01953032417,0.3778515958,-0.3084024909,0.6862540867,2.006651365,0.009732983394,0.0003814484149,0.004714237096,200.5977506,0.0000007955429797,54.56542969,0.00001274423273,98.42978211,71.16699219,0.0000007955429797,10.43329547,0.8908160252,182.1775121,9.791555258,0.001571524829,10.72409282,-0.0000376630126,0.1541893771,0.1541863753,1.239916952,-1.18493881,2.424855762,1.83784486,0.08389684048,0.023774364,0.02871299634,1678.046006,0.00004634728791,64.94140625,0.0004827884375,119.0827546,95.82519531,0.00004634728791,10.75834972,0.8532780473,190.4511561,609.6501299,0.0128278072,655.1459799,-0.00004780373383,0.08162026033,0.08161868291,0.7064106533,-0.7121450661,1.418555719,1.76064276,0.04635821768,0.006661866897,0.01915891794,627.377966,0.0000136918867,71.77734375,0.0002678605008,76.05258895,67.3828125,0.0000136918867,9.797713051,0.98062531,135.4358221,172.1344156,0.006734858205,187.0234049,-0.0000178391957,0.05834747251,0.05834633759,0.7113853814,-0.683451617,1.394836998,1.622134395,0.03596956743,0.003404427549,0.01839320479,670.7005167,0.000006560626144,59.69238281,0.00006537115525,114.0707294,99.73144531,0.000006560626144,10.66160605,0.906609205,175.1257458,87.33674837,0.005397104471,88.42709459
14,0,-0.933525396,50.61332008,50.61062645,84.66931312,-106.4820887,191.1514018,1.152536083,43.91473796,2561.70817,52.13475357,0.9765625,5897.981079,1.08097932,0.9765625,2.12871545,0.9999538284,3.93817442,9.080944671,18.86856344,20.93626597,44.97972105,-42.0708328,87.05055385,1.033508598,18.25680355,356.0226863,9.038299836,1.7578125,548.1958599,1.191684608,0.9765625,3.305527742,0.9997857284,7.706007522,1.389859682,150.185971,150.158861,334.6557798,-199.951977,534.6077569,1.232995722,121.8057519,22555.82588,446.8803856,1.7578125,34074.73726,1.359315679,0.9765625,2.434226534,0.9999483142,5.104202631,1.152992796,0.3540157666,1.206094348,1.783849185,0.3222639279,1.461585258,0.3070407446,1.152992796,0.125327163,0.02889969873,0,4.833068026,0.2259105729,0,1.426396052,0.9999749949,2.187394815,0.08467911219,0.2846991694,0.296964591,0.8850511022,-0.250511904,1.135563006,1.455996452,0.1955356203,0.08105361706,0.001745078309,0.9765625,0.129174575,1.284353435,0.9765625,2.982994395,0.9998828275,5.897493507,0.1589280677,0.07044199098,0.1738332207,0.3472157928,-0.07683457241,0.4240503653,0.4376832249,0.1609428623,0.004962074093,0.0006133842385,0,0.0920612743,0.4283591825,0,2.029221012,0.9997196694,2.391455739,,-0.0000009285690905,0.01300143342,0.01300114853,0.13995209,-0.1197825589,0.2597346489,1.425422457,0.009121108873,0.0001690372709,0.005528814679,187.0082473,0.0000003449132363,98.51074219,0.00002369116554,140.1809709,107.7880859,0.0000003449132363,10.98650793,0.7217539264,94.63906881,3.857479601,0.001472243462,4.226968265,-0.000001748439679,0.01952103692,0.0195206092,0.1592942425,-0.1526941764,0.3119884189,1.632747243,0.01195594542,0.0003810708824,0.005895543314,175.1958107,0.0000007565302773,98.51074219,0.00002222358616,88.04398779,70.06835938,0.0000007565302773,10.16186413,0.9432813939,117.8081337,8.794243498,0.001806563009,9.567210244,0.000007175694787,0.04458348682,0.04458251037,0.634267763,-0.8198932013,1.454160964,2.409112989,0.01850618341,0.001987687297,0.006570947806,299.3587296,0.00000400003409,72.14355469,0.00004779839126,101.6700001,83.37402344,0.00000400003409,10.51862503,0.9329094087,186.6323236,45.45521783,0.003025391085,50.30669452,-0.00003277964374,0.07515277511,0.07515113531,0.6255016416,-0.5875369989,1.21303864,1.945745693,0.03862415083,0.005647939607,0.01314193891,659.047652,0.00001129462009,86.54785156,0.0001182810368,109.1395106,95.33691406,0.00001129462009,10.60143882,0.905609469,175.7923509,128.8786006,0.005971328392,135.2313012,0.0000143281448,0.05854063724,0.05853935609,0.6620520535,-0.6010344803,1.263086534,1.703006388,0.03437487825,0.003427006208,0.01632647177,467.0333962,0.00000714273435,45.65429688,0.0001572793257,82.90910527,64.20898438,0.00000714273435,10.07508047,0.9617606407,123.2148274,78.73229102,0.005259709521,80.03931824,0.000007687344126,0.1605925973,0.1605890782,1.329388587,-1.149360812,2.4787494,2.006068274,0.08005340569,0.02578998232,0.02596186865,1074.616538,0.00004933847265,37.59765625,0.000691404149,88.60407552,75.80566406,0.00004933847265,10.21510537,0.9563033866,140.2178367,589.0114662,0.01271808777,632.5545115
15,0,-4.578957625,60.35985447,60.51810979,104.6453796,-137.7376805,242.38306,1.188453975,50.78855029,3643.312032,73.96347326,0.9765625,7681.366686,1.226692161,0.9765625,2.807921079,0.9993307721,6.273782392,9.673669367,60.83678253,61.58593643,135.2339653,-94.76086519,229.9948305,1.25002662,48.66838957,3701.114109,73.35063239,0.9765625,7663.125733,1.235539776,0.9765625,2.718565289,0.9996539221,6.439063743,-1.560446549,152.8104347,152.7798689,333.3419656,-191.0498363,524.3918019,1.191993221,128.1974025,23351.02894,465.9895108,0.9765625,36315.66511,1.454942319,1.171875,2.888339424,0.9997934439,7.672151956,1.208006446,0.3700688449,1.263392837,1.928094712,0.3880818671,1.540012845,0.3063467468,1.208006446,0.13695095,0.03198151887,0,4.719273857,0.2445830654,0,1.570565205,0.9999649373,2.186396014,0.09449955065,0.3318389747,0.3449517932,1.072600364,-0.3244460388,1.397046402,1.375036654,0.2413310029,0.1101171051,0.002446714322,0.9765625,0.2276568062,1.291600467,0.9765625,3.218485062,0.9999187439,6.94567574,0.1710402232,0.1421724494,0.2223905803,0.4961173084,-0.1748414444,0.6709587527,0.7645438801,0.1859572133,0.02021300537,0.0009778389687,0,0.09521218538,0.6456332886,0.1953125,2.874612534,0.9996900166,3.378284089,,-0.000001721245486,0.0148255498,0.0148251924,0.1473626159,-0.1765000029,0.3238626189,1.562997995,0.009485328742,0.000219796927,0.005298437991,176.8707681,0.0000004540541044,151.4892578,0.000004506488439,133.9611377,107.7880859,0.0000004540541044,11.0501647,0.7504459428,177.3351291,4.55793964,0.001551657403,4.943170277,0.000000648865444,0.01312904253,0.01312872595,0.1006040456,-0.1063037245,0.2069077701,1.573705713,0.008342755843,0.0001723717577,0.004353603936,132.8769386,0.0000003495985185,44.31152344,0.000005095998237,103.4015446,77.88085938,0.0000003495985185,10.57450303,0.8751436966,141.4255818,3.578167779,0.001331897859,3.752506705,-0.000006512528737,0.02900801685,0.02900731808,0.3295027345,-0.3631370031,0.6926397376,1.894572575,0.01531111409,0.0008414650416,0.006743299687,228.9565059,0.000001622066862,41.015625,0.00001949925288,96.200913,73.85253906,0.000001622066862,10.4059054,0.9224870318,148.5290305,17.46590207,0.002445984315,18.60074062,-0.000003212912028,0.06144719263,0.06144571097,0.531002826,-0.7065761306,1.237578957,1.883436428,0.03262504204,0.003775757483,0.01264475677,477.7634079,0.000007843073461,65.91796875,0.00009845982829,103.378037,88.01269531,0.000007843073461,10.45443823,0.9343556735,152.2524524,78.2896042,0.004954648976,83.74710294,-0.00004588089831,0.09169362129,0.09169142166,0.8634948211,-0.7645854987,1.62808032,1.58970412,0.0576796777,0.008407720186,0.0277441969,676.7657532,0.0000166691763,56.51855469,0.0002834499433,79.88555469,66.16210938,0.0000166691763,9.961198805,0.9723994917,118.5588682,174.9569517,0.008614712392,180.9943341,0.000009567396287,0.06389291001,0.06389137,0.5365575285,-0.4659267761,1.002484305,1.597907556,0.0399853607,0.004082303949,0.02014809828,592.345504,0.000008351765494,76.53808594,0.000100697362,109.212483,94.97070313,0.000008351765494,10.54809077,0.9232783875,148.1073706,84.69491463,0.005996937545,90.72343511
1,0,2.176775016,83.82058906,83.82931484,260.6799617,-339.6050132,600.2849749,1.316637091,63.66263691,7025.891151,145.2840669,0.9765625,6089.026685,4.897535439,3.3203125,5.402267986,0.9567563821,13.25619946,-2.835512842,66.21794752,66.26320625,122.657767,-189.2581358,311.9159028,1.250141288,52.96837097,4384.816573,86.98043471,0.9765625,7206.96873,2.448630648,1.171875,3.456200057,0.985522566,6.045301303,-0.09282159613,192.6556209,192.61073,435.6195938,-314.3263685,749.9459623,1.231561236,156.4320272,37116.18826,745.718123,0.9765625,51170.24257,1.792299699,1.7578125,3.008284801,0.9971860274,6.491088224,1.194594915,0.6533228013,1.361502371,3.509291691,-0.1385640768,3.647855768,0.5460356297,1.19648383,0.4268306827,0.03707844634,0,4.986250605,1.071297373,0,2.490352683,0.990314488,2.596345937,0.1298985579,0.9149012516,0.9238656316,3.347924977,-4.993673734,8.341598711,1.835210426,0.4985266206,0.8370443003,0.01739161418,0.9765625,0.322230079,10.2022686,7.6171875,6.641462822,0.8890177006,28.4591111,-0.06488096881,0.3452394457,0.3512039983,1.440965032,-2.131062363,3.572027395,1.552471283,0.222380568,0.1191902748,0.002503467163,0.9765625,0.0289130709,11.99300802,11.71875,6.810912847,0.821034087,38.38902786,,-0.000007738495883,0.09886675482,0.09886455932,0.5688565097,-0.5917810278,1.160637538,1.530596186,0.0645936242,0.009774635208,0.03159356693,920.7638054,0.0000197638669,76.53808594,0.0002803820681,91.16741242,76.53808594,0.0000197638669,10.21498986,0.944379568,133.3466326,220.5021183,0.009648575475,244.7882682,-0.00001329112475,0.07796666615,0.07796493567,0.5820217131,-0.6309002697,1.212921983,1.53395014,0.05082737967,0.006078801031,0.0270991819,868.2083326,0.00001252175767,70.55664063,0.0001126222475,114.4494819,100.0976563,0.00001252175767,10.61793612,0.9148617927,170.2024608,136.9359153,0.007625139843,143.4242596,-0.0000008974495215,0.03016360511,0.0301629352,0.3570573809,-0.2674140259,0.6244714068,1.597391359,0.01888304011,0.0009098430734,0.01032325636,236.6711381,0.000001792850862,36.62109375,0.00007193282572,75.76911069,44.921875,0.000001792850862,9.888658569,0.906085874,105.3684305,20.49190082,0.003023313454,24.26442022,0.00001744676911,0.02079142833,0.02079097388,0.2003408654,-0.1996229475,0.3999638129,1.691667798,0.01229049129,0.0004322834919,0.006043157182,193.6800129,0.000000885541857,43.33496094,0.00001047538191,93.67833115,75.1953125,0.000000885541857,10.4452555,0.9250765531,152.5386883,9.734891322,0.001970979508,10.34672137,0.000001724432295,0.05918362306,0.05918230864,1.073652593,-0.6088032222,1.682455815,1.967182851,0.03008547122,0.003502701239,0.01174391423,487.7370987,0.000007198386193,54.93164063,0.00007249533679,110.2949363,89.35546875,0.000007198386193,10.7428339,0.8693644861,174.1861841,78.86876834,0.00489102648,83.48823153,0.000005506967958,0.09257159984,0.09256954402,0.8406021639,-0.7721522254,1.612754389,1.717839645,0.0538883825,0.008569501097,0.02288315866,904.3122699,0.0000166212617,122.4365234,0.0001580973379,114.6584544,98.99902344,0.0000166212617,10.69488131,0.9073700495,171.2662373,193.8501681,0.008283689341,206.8151586
2,0,-8.608822642,44.49689709,45.31285857,96.513615,-173.2382747,269.7518897,1.103089427,40.33843132,1979.973851,41.9558127,0.87890625,4066.805983,0.9877392007,0.87890625,4.111886733,0.9997663891,6.857976005,-8.36825394,22.19637638,23.71708535,39.84291054,-83.08385691,122.9267675,1.317846149,16.84291933,492.6791244,11.40750797,1.66015625,577.4532216,1.284791863,1.171875,4.450627437,0.9997650785,11.89892683,3.087459254,167.7296169,167.7228546,389.147736,-207.8252,596.972936,1.236434949,135.6558362,28133.22439,562.5040898,0.87890625,52550.60267,1.282336029,0.9765625,3.499707793,0.9999690497,5.609277819,1.0802537,0.3816904943,1.145676472,1.90996172,0.1476781929,1.762283527,0.3533341235,1.0802537,0.1456876334,0.02626235579,0.09765625,5.895557122,0.2892328351,0.09765625,2.225611296,0.9999698251,2.248524396,-0.05092051508,0.2490556467,0.2541566352,0.74997798,-0.4137349715,1.163712951,1.206462181,0.2064346902,0.06202871514,0.001299552701,1.66015625,0.1010232755,1.636651783,1.66015625,4.33726017,0.9997867047,8.736697916,-0.1601485157,0.08574223858,0.1816485474,0.2590791716,-0.3594743024,0.618553474,0.512028018,0.1674561461,0.007351731477,0.0006698278551,0.09765625,0.1305902878,0.4856593124,0.09765625,2.991837305,0.9994686576,2.571660978,,0.000002173142588,0.02058099836,0.02058055748,0.2113072117,-0.1820249504,0.3933321621,1.496236926,0.0137551734,0.0004235774937,0.007793420613,219.6334098,0.0000008415864773,43.09082031,0.00002281254796,93.09369954,66.52832031,0.0000008415864773,10.36124165,0.9006738706,121.7255252,9.884965836,0.002241182604,10.23427645,-0.0000005320734288,0.01923892763,0.0192385154,0.2110767118,-0.1614910913,0.3725678031,1.671221216,0.01151189767,0.0003701363362,0.005900264244,206.9850807,0.0000007174963647,99.48730469,0.00002232728176,109.8464711,90.08789063,0.0000007174963647,10.59213756,0.8752187968,136.9883629,8.645839386,0.00182631175,9.118576345,0.00001076510578,0.08371343436,0.08371164131,0.7637710704,-1.262466485,2.026237556,1.610022648,0.05199519055,0.007007939093,0.02716754309,712.7566812,0.00001275478915,42.23632813,0.0002383194292,83.51611703,61.88964844,0.00001275478915,10.11226529,0.9376429432,121.5913521,164.5945321,0.00824470203,178.6053052,0.0000382680633,0.1526327684,0.1526295027,1.404640846,-1.1833725,2.588013346,1.983698942,0.07694351452,0.02329676198,0.02739145551,1200.240494,0.0000495468265,37.96386719,0.0006391600203,99.57350301,83.37402344,0.0000495468265,10.41790742,0.9381508314,161.3793319,543.612656,0.01256327031,574.2884285,-0.00002494532349,0.1106569756,0.1106546074,1.277141799,-1.027867517,2.305009317,1.760210255,0.06286577146,0.01224496625,0.02801492853,1018.629915,0.0000252672282,64.69726563,0.0002600999153,110.6627718,97.29003906,0.0000252672282,10.60344364,0.923295081,167.1090368,285.7564249,0.00977453338,300.7766848,0.00001610323422,0.1483535405,0.1483503625,1.26429882,-1.284862637,2.549161457,1.921255205,0.07721698819,0.02200877297,0.03212697543,1362.002584,0.00004287668328,42.48046875,0.0004273355861,122.1255209,106.0791016,0.00004287668328,10.76264683,0.9036227377,177.2164011,515.3099171,0.01252291102,576.0594311
3,0,0.1422560005,33.51923259,33.51229417,93.18298812,-64.81154342,157.9945315,1.277168888,26.2449492,1123.538954,21.82523152,0.87890625,1825.379807,1.360671655,1.3671875,3.8444112,0.9999778105,5.758936002,-2.417448823,28.50678862,28.60297231,79.70184223,-56.22127894,135.9231212,1.274782693,22.3620769,812.6369975,16.02544843,1.7578125,1470.687278,1.456904892,1.66015625,3.812493081,0.9998542,5.958111343,1.245049927,164.1118652,164.0811399,372.4478416,-198.0254425,570.4732841,1.219155988,134.611048,26932.70432,542.827883,0.87890625,54801.12162,1.293793,0.9765625,3.510353426,0.9999731563,5.025487098,1.120615298,0.3550787196,1.175502055,1.923864519,0.3448088317,1.579055687,0.3168604963,1.120615298,0.1260808971,0.0276977526,0.09765625,6.326459746,0.2589982371,0.09765625,2.15258045,0.9999584053,2.199668871,0.04670729142,0.3447486184,0.3478244401,1.095839384,-0.3224863257,1.41832571,1.473654932,0.2339412104,0.1188516099,0.002427507767,1.7578125,0.2158415064,1.694579627,1.66015625,4.184898596,0.999880256,6.346059374,-0.1605353592,0.07858524151,0.1787304508,0.07528041179,-0.4525137323,0.5277941441,0.4841424451,0.1623184299,0.006175640184,0.0006384903201,0.09765625,0.1307410119,0.4629240839,0.09765625,2.773793718,0.9997149549,2.477725647,,0.000001835060943,0.01513151669,0.01513118454,0.1792051542,-0.150823207,0.3300283612,1.44189753,0.01049416922,0.0002289627972,0.006196598951,179.560947,0.0000004379206171,98.87695313,0.0000495719568,106.3331601,81.42089844,0.0000004379206171,10.3288197,0.8480867921,76.3384238,5.218560093,0.001653415265,5.696380912,0.000004092746626,0.01343594901,0.0134356546,0.1316242606,-0.1490733677,0.2806976283,1.44768526,0.009280987645,0.0001805247257,0.005558935423,154.84728,0.0000003631927837,98.87695313,0.00004714077629,103.4465441,71.41113281,0.0000003631927837,10.17561207,0.8226105911,68.30110999,4.11222781,0.001514203884,4.474471532,-0.000002085419279,0.02266038049,0.02265988301,0.2741175162,-0.2608776252,0.5349951414,1.715126665,0.01321207404,0.0005134928438,0.006655732996,217.4343615,0.00000109009573,98.87695313,0.00004474453799,97.39966288,76.66015625,0.00000109009573,10.38163392,0.9103571211,129.4089094,11.70413327,0.002081027493,12.69352696,0.000000455579313,0.07420774023,0.07420611078,0.732589517,-0.6584329215,1.391022439,1.766249159,0.0420143103,0.005506788711,0.0171955845,685.2569583,0.00001149678337,66.28417969,0.0001090919089,109.8141343,96.80175781,0.00001149678337,10.58457271,0.9240213813,167.5890036,125.4246661,0.006423906075,128.656881,0.00005793604002,0.089063765,0.08906182819,0.7760240237,-0.7588443711,1.534868395,1.623927526,0.05484466738,0.007932354237,0.02662066221,771.9965711,0.00001594988728,40.64941406,0.000245202366,87.77411955,72.02148438,0.00001594988728,10.19122971,0.9565159178,130.2778754,180.6942668,0.008429914102,191.4295078,-0.000004387891576,0.1421003789,0.1420972587,1.416634074,-1.143203297,2.55983737,1.915059163,0.0742015608,0.02019251768,0.02951145858,1345.383444,0.00004206301103,81.29882813,0.0003600666492,129.7165979,118.2861328,0.00004206301103,10.80950537,0.903484491,184.5805936,459.8218952,0.01173793299,474.9344504
4,0,-7.236868634,50.49913104,51.00293676,103.3731872,-165.358269,268.7314562,1.229903745,41.05941725,2550.162236,52.46185214,0.9765625,3969.518198,1.424626897,1.171875,3.419098076,0.9987636672,6.97549602,-9.575559133,29.57750477,31.08209251,57.36635569,-93.07177709,150.4381328,1.169038492,25.30071077,874.8287882,19.43828124,0.9765625,1959.895182,1.130390087,0.9765625,2.956350649,0.9997209591,5.500920538,0.4294653115,178.0978454,178.0552352,391.6070783,-228.7294526,620.3365309,1.216224015,146.4350673,31718.84255,630.8277804,0.9765625,52714.0891,1.474111834,1.171875,2.547959549,0.999961468,5.36740698,1.169892926,0.4885939792,1.267776766,2.171178772,0.1452519892,2.025926783,0.4176399125,1.169892926,0.2387240765,0.03191916877,0,4.57828224,0.3737390918,0,1.79959094,0.9999517897,2.347342357,0.06125100656,0.4187855644,0.4231407618,1.211404733,-0.5789940428,1.790398776,1.42843361,0.2931781789,0.175381349,0.003527491197,0.9765625,0.2819384252,1.608349584,1.171875,3.157995982,0.9996163599,6.100634519,-0.1912813096,0.1192071272,0.2253707991,0.41472707,-0.4798335196,0.8945605896,0.593741876,0.2007726456,0.01421033918,0.001021593548,0,0.122443508,0.4845341189,0.1953125,2.511775201,0.9998374049,2.774523168,,-0.000001037051163,0.01877210615,0.01877170481,0.1272858016,-0.1412587079,0.2685445095,1.470361769,0.01276699826,0.0003523919695,0.007151208533,197.9674915,0.0000007027369577,89.84375,0.00001548859538,91.06621525,70.92285156,0.0000007027369577,10.31365597,0.9191025034,132.2092542,8.24549841,0.002006812453,8.747689571,0.00001391232768,0.03206587346,0.03206519087,0.4267477254,-0.3968129493,0.8235606748,2.02396422,0.01584310293,0.001028220241,0.007017960595,215.4717661,0.000002150071793,62.86621094,0.00004562511,69.37869976,59.20410156,0.000002150071793,9.620596154,0.9697328681,124.9105908,24.4773552,0.002501319313,25.97274583,0.000003467554433,0.05693530364,0.05693408638,0.5774656942,-0.5236663144,1.101132009,1.813362175,0.03139764599,0.0032416288,0.01267539662,408.530588,0.000006347462809,53.58886719,0.00008709414763,80.84810812,68.60351563,0.000006347462809,10.08192605,0.9712373303,131.7135018,75.83893264,0.004915702446,80.00636619,-0.000005807149816,0.04771366798,0.04771264814,0.4494323259,-0.3936433749,0.8430757008,1.758200002,0.02713779315,0.002276594112,0.01175645191,478.4063307,0.000004628799811,86.18164063,0.00004507971386,118.5139764,100.7080078,0.000004628799811,10.78479229,0.8771903044,173.9837992,53.25440046,0.004321708981,57.7608348,0.00004552334088,0.08432893757,0.08432714678,0.8973797321,-0.802950267,1.700329999,1.810403533,0.04658018835,0.007111369712,0.01870989739,699.1809513,0.00001389760698,66.65039063,0.0001388406283,98.88750593,88.13476563,0.00001389760698,10.4265563,0.9615784496,153.2393478,167.948964,0.007420688878,180.2695943,-0.000007858123102,0.1964291921,0.1964249923,1.242946555,-1.857260537,3.100207092,1.81534406,0.1082049383,0.03858442752,0.04208272118,1179.086073,0.00008123418823,35.88867188,0.001899728364,74.18916271,63.4765625,0.00008123418823,9.975921817,0.9747103898,133.2980508,902.2904166,0.01634589508,1132.028241
5,0,-11.92368043,46.61586113,48.10610382,75.98079112,-213.5979836,289.5787747,1.174332619,39.69561976,2173.038508,51.14699372,0.9765625,3266.159578,1.135937529,0.9765625,3.565384125,0.9994861174,8.632600234,-3.843738251,28.62255975,28.87286655,63.70518735,-89.53896881,153.2441562,1.251291158,22.8744202,819.2509264,17.60743496,0.9765625,1184.552991,1.101976847,0.9765625,3.364630074,0.9997734533,7.640561534,3.667844054,170.184609,170.1843712,374.8145565,-218.8286985,593.643255,1.227695491,138.6211893,28962.80115,575.7428802,0.9765625,50002.64152,1.40433781,1.171875,2.526250249,0.9999741988,5.194710442,1.146544188,0.430416357,1.224636781,1.96690385,0.2048357616,1.762068089,0.3754031999,1.146544188,0.1852582403,0.02976279971,0,4.568530848,0.3123337894,0,1.647156011,0.9999515948,2.280507649,0.03781991429,0.4423272323,0.4438381457,1.229051724,-0.528675121,1.757726845,1.342402461,0.3295041877,0.1956533805,0.003894581187,0.9765625,0.3563231113,1.433005868,0.9765625,2.89536611,0.9996694189,5.342226411,-0.2454011466,0.1225190441,0.2742729014,0.3380008777,-0.5194980309,0.8574989085,0.4818103723,0.2542889301,0.01501091616,0.001536615524,0,0.2059122067,0.4741819116,0,2.293421654,0.9995463984,2.49683126,,0.000005611347379,0.0170360933,0.01703571502,0.2198743244,-0.1787383067,0.3986126311,1.435169414,0.01187044061,0.0002902284749,0.007001585766,173.5241757,0.0000005880985353,93.75,0.00001601937879,88.69157625,60.30273438,0.0000005880985353,10.2610441,0.8920174787,116.6147878,6.531092068,0.001901393266,7.100120692,-0.000005134994553,0.028062523,0.02806189882,0.1883340547,-0.2200608601,0.4083949148,1.59113247,0.01763682379,0.0007875051971,0.008689048111,254.1120802,0.000001582955162,38.57421875,0.0000232541592,88.58733417,68.23730469,0.000001582955162,10.25654702,0.9344479851,135.1914637,17.80943533,0.002766765874,19.11622079,0.0000406318129,0.0667562419,0.06675476833,0.9062721264,-0.6768885011,1.583160627,1.754311773,0.0380526671,0.004456395832,0.01600856028,551.9251668,0.000009009363379,67.62695313,0.0001131148673,97.08834897,78.00292969,0.000009009363379,10.48552245,0.9337793649,151.067749,109.3817358,0.006271506352,107.5990995,0.000003838552888,0.04498428209,0.04498328095,0.42542943,-0.5921441643,1.017573594,1.789250846,0.02514140608,0.002023585635,0.01136355146,423.0479839,0.000004069001015,61.88964844,0.00004127530114,112.7791214,93.26171875,0.000004069001015,10.69659342,0.8907062097,172.2530547,45.46740004,0.003975604599,48.7705319,-0.000007085334928,0.07730109643,0.0772993761,0.6781066761,-0.7126953269,1.390802003,1.666486456,0.04638567338,0.005975459509,0.02278994879,571.8800206,0.00001134458944,54.44335938,0.0001894452037,75.93088622,62.01171875,0.00001134458944,9.904928219,0.9696216342,114.5673408,134.7043105,0.007101669947,140.6140547,0.00004827546804,0.2141519049,0.2141471435,1.388038417,-1.715895139,3.103933556,1.580305317,0.135512994,0.04586103836,0.0671839727,1870.52707,0.00008810758448,32.47070313,0.001818816139,84.40664817,59.5703125,0.00008810758448,10.18595059,0.9220866921,124.7287125,1032.45763,0.02159766896,1506.145938
6,0,-9.265495221,43.5135354,44.48053475,97.32605831,-155.9511423,253.2772006,1.180601654,36.85708491,1893.427763,39.46281596,0.78125,3478.480358,1.158473454,0.87890625,4.431944405,0.9985493011,9.097809773,-11.78528248,22.90120274,25.75165392,31.30376874,-97.32339968,128.6271684,1.204120869,19.0190232,524.465087,12.80452185,0.78125,1050.498632,0.8441094116,0.78125,4.096434276,0.9994524413,8.213587119,2.256827701,149.1854074,149.1725683,358.6729766,-198.0358531,556.7088296,1.243815347,119.9417645,22256.28579,441.8746572,0.78125,36730.09966,1.282371686,1.46484375,3.643351771,0.9999745276,8.685700442,1.053130608,0.3621756353,1.113643872,1.908741412,0.2229906739,1.685750738,0.3439038164,1.053130608,0.1311711908,0.02466672159,0.09765625,5.599591323,0.2614657402,0.09765625,2.154768127,0.9999764212,2.235442532,0.07266035151,0.2517709882,0.2619975968,0.9971405294,-0.2447470687,1.241887598,1.574847226,0.159870103,0.0633886305,0.00135024152,0.78125,0.09343472124,1.38972546,1.3671875,4.378095442,0.9997483271,10.64122898,-0.2248207853,0.113009,0.2516153789,0.3765099558,-0.573113433,0.9496233888,0.4800772849,0.2353975153,0.01277103409,0.00127438283,0.09765625,0.2559777659,0.299201158,0.09765625,2.712200133,0.9998524907,2.503879107,,0.000002244295038,0.01538880492,0.01538852697,0.1873195272,-0.2157053132,0.4030248404,1.520437593,0.01012129994,0.0002368153168,0.005494321851,233.1878101,0.000000469120409,64.57519531,0.000006108193981,116.5519557,87.76855469,0.000000469120409,10.8045286,0.820569212,182.048221,6.556134567,0.001601930981,6.889095623,-0.0000002387244597,0.02668640517,0.02668592289,0.312756587,-0.3528047153,0.6655613022,1.948230299,0.01369776725,0.0007121642211,0.00554392264,270.2375655,0.000001284354141,62.98828125,0.00002049679101,92.96111229,75.31738281,0.000001284354141,10.30317475,0.9278390627,149.2350015,19.8222893,0.002140591828,20.7864016,-0.000003797076629,0.05689317447,0.05689214641,0.9803054342,-0.6969186911,1.677224125,2.332574371,0.02439072262,0.003236833302,0.00830143649,521.3093497,0.000006308317572,89.59960938,0.00009334958403,110.187019,91.91894531,0.000006308317572,10.60100777,0.9028087254,198.4516634,89.55941206,0.003924691338,98.64120378,0.000004365500665,0.05072109106,0.05072017461,0.7282057651,-0.4329417763,1.161147541,1.879273627,0.02698973174,0.002572629078,0.0101130069,592.0854768,0.000005409618078,65.67382813,0.00005730214642,117.924148,99.12109375,0.000005409618078,10.77633148,0.8710586906,196.0493865,71.20824576,0.00418549113,75.01342955,0.00002087081847,0.07350983272,0.07350850719,0.7293754719,-0.9653560177,1.69473149,1.788193378,0.04110843583,0.005403695506,0.01665254463,669.0063974,0.00001099462786,53.7109375,0.0001652613693,83.52613612,71.53320313,0.00001099462786,10.06507526,0.9692545653,150.7186498,149.5051189,0.006180171911,154.5240751,-0.00001352960484,0.08085871478,0.08085725461,0.9236486005,-0.821860924,1.745509525,1.694113348,0.04772922358,0.006538131755,0.02212274494,909.8116659,0.00001348762884,84.83886719,0.000135776057,107.3014353,96.55761719,0.00001348762884,10.53892533,0.9446354427,184.2603078,181.1514821,0.007192826548,197.4620316
7,0,-9.670382262,51.17138933,52.06638414,125.6552856,-183.4624561,309.1177417,1.221013732,41.90893843,2618.511086,52.17985116,0.87890625,3604.089159,1.429143401,0.9765625,4.594095243,0.9981398586,10.20496195,-8.108227655,27.92207151,29.06978247,66.25348038,-120.0024508,186.2559312,1.284491166,21.73784628,779.6420776,14.84738582,1.7578125,723.3240276,1.306822821,1.26953125,4.669015954,0.9996850924,13.20590218,2.210315266,170.768008,170.7458222,383.5644113,-219.7647189,603.3291302,1.255687294,135.9956486,29161.71257,583.194417,0.87890625,48368.63011,1.36594112,1.5625,3.480709842,0.9999730702,5.566467395,1.129381879,0.396654797,1.196984219,2.01528492,0.1974221658,1.817862754,0.3512140617,1.129381879,0.157335028,0.02865876493,0.09765625,6.420322487,0.2874429799,0.09765625,2.214174535,0.9999679992,2.245519262,0.1091675266,0.3597927956,0.3759163254,1.238075171,-0.3439217406,1.581996911,1.508169386,0.2385625905,0.1294508557,0.00284085299,0.87890625,0.2508139532,1.368283272,0.9765625,4.113453385,0.9991712472,6.654794992,-0.1811992171,0.1605277513,0.242056404,0.4677821486,-0.5593712203,1.027153369,0.7521446318,0.2134267061,0.02576915893,0.001129134907,0.09765625,0.1744103023,0.7393902982,0.09765625,3.630660806,0.999669823,3.561774805,,-0.000003432821434,0.07431863877,0.0743171313,1.44417594,-1.529240495,2.973416434,3.586403263,0.02072233191,0.005523260069,0.006598023131,330.2426678,0.00001283132299,35.27832031,0.000273086447,93.83110968,66.04003906,0.00001283132299,10.31580504,0.8787132978,236.5244505,136.4971066,0.00340122572,174.0699394,-0.000002799876823,0.01661963901,0.01661930211,0.2472999937,-0.1945197765,0.4418197703,1.706227335,0.009740577158,0.0002762124007,0.004989982531,187.6779172,0.0000004801550637,98.38867188,0.00001513456397,107.2896581,80.20019531,0.0000004801550637,10.56439699,0.8527017747,128.2734375,6.809556463,0.001534609937,7.309350966,-0.00002666497673,0.06397343277,0.06397214062,1.208334668,-1.122880134,2.331214801,2.56476082,0.02494323535,0.0040926001,0.007984981858,439.4277613,0.00000725697735,37.23144531,0.00008417210205,101.1800818,87.40234375,0.00000725697735,10.48349673,0.9338677415,184.1193043,100.8927124,0.004003008251,107.5839978,0.00000127143643,0.07483686951,0.07483535145,0.9239980288,-0.9145166449,1.838514674,2.010414659,0.03722459402,0.005600557038,0.01349633586,693.0101114,0.00001183874987,54.44335938,0.0001301522572,112.9531706,96.31347656,0.00001183874987,10.62999732,0.8950074198,179.0130924,138.0741659,0.005720502452,147.6213452,0.00000478544105,0.1397801734,0.1397773381,1.338386016,-1.131380422,2.469766437,1.806254561,0.07738675182,0.01953849688,0.02982910204,1370.767677,0.00003770862009,69.21386719,0.0004486238837,113.0971171,96.06933594,0.00003770862009,10.64981859,0.8985289853,167.7478257,483.6350309,0.0120760275,547.6083526,-0.00002991951486,0.1005465163,0.1005444812,1.070645315,-1.054467594,2.125112908,1.851311589,0.0543109636,0.01010960194,0.02494699781,987.5340927,0.00001904590525,91.91894531,0.0002375640154,113.4802222,101.9287109,0.00001904590525,10.57583215,0.9235014638,172.996932,249.2171088,0.008258314734,261.0003303
8,0,-8.348871053,34.350247,35.34256068,72.42839658,-87.21236186,159.6407584,1.107910708,31.00452659,1179.939469,24.2303392,0.9765625,2238.171223,1.31443638,0.9765625,3.235227156,0.99888688,6.314357796,-8.188772775,33.99671769,34.96137131,57.34521083,-84.09603913,141.44125,1.167805119,29.11163614,1155.776814,24.0111144,0.9765625,2891.375636,1.065930931,0.9765625,2.460484764,0.9998570826,4.385204255,0.36681867,167.9314991,167.8930042,365.2137377,-195.263862,560.4775996,1.223742377,137.2278203,28200.98838,561.2057543,0.9765625,42308.88343,1.450268601,1.7578125,2.451407127,0.9999638236,5.160139587,1.192909052,0.4348003972,1.269643977,2.093343461,0.3246603424,1.768683118,0.3644874657,1.192909052,0.1890513854,0.03203339926,0,4.985465047,0.2937262403,0,1.60333446,0.9999718496,2.264391072,0.1444107518,0.4635983797,0.4854671721,1.433031753,-0.5290120394,1.962043793,1.391650681,0.3331284107,0.2149234577,0.004651642306,0.9765625,0.3612569941,1.39638228,0.9765625,3.082870294,0.9999554177,6.40693217,-0.1013442588,0.1651753785,0.1937548132,0.4439718228,-0.374637898,0.8186097209,0.9690303252,0.1704542925,0.02728290566,0.0007413708516,0.9765625,0.04963015874,1.019106164,0.9765625,3.244712436,0.9996036807,6.861786883,,0.00001427948185,0.009838020421,0.009837811036,0.1040525278,-0.1185654885,0.2226180163,1.466238106,0.006709701775,0.00009678664581,0.00402309931,131.8679126,0.0000001896813292,95.82519531,0.0000207323028,136.2317717,95.94726563,0.0000001896813292,10.72456998,0.7048215772,60.94486404,2.383787034,0.001102526597,2.375462976,0.000005432281354,0.01671091198,0.01671053959,0.1411457787,-0.1416485306,0.2827943093,1.610163332,0.01037839556,0.000279254579,0.005371630606,164.6827692,0.0000005671595645,95.703125,0.00002248457547,95.29663511,70.43457031,0.0000005671595645,10.31632754,0.890235585,113.6116414,6.313216682,0.001635203451,6.932354716,-0.00002130869907,0.0592318909,0.0592305717,0.5409265802,-0.3661360599,0.9070626401,1.856503921,0.0319050718,0.0035084169,0.01115891363,489.4126085,0.000006949641352,57.25097656,0.00008759196967,100.3639712,83.37402344,0.000006949641352,10.4608376,0.9360868009,155.5236518,78.5702917,0.005088208069,90.45296057,0.0000128417145,0.06189389301,0.06189251184,0.657354861,-0.626927361,1.284282222,1.863779891,0.03320879966,0.003830853992,0.01175667639,490.2876369,0.000007613268703,65.4296875,0.00008532429057,95.43855387,79.83398438,0.000007613268703,10.33451216,0.9538664215,169.9846452,85.78724477,0.005008937159,90.19401561,-0.000005324488576,0.08693136235,0.08692942076,0.7109646299,-0.9111115212,1.622076151,1.626289666,0.05345379988,0.00755706176,0.02461698725,647.6015331,0.00001463815939,44.31152344,0.0003123420972,75.73137839,60.66894531,0.00001463815939,9.846911217,0.9768424401,111.5884491,169.8915449,0.007800124841,182.6907177,-0.00002099067415,0.2117750489,0.2117703196,1.572638206,-1.433978825,3.006617031,2.016768653,0.1050071105,0.04484867133,0.03132648412,1332.480286,0.00008973463655,62.98828125,0.001369255497,87.91565231,80.32226563,0.00008973463655,10.06414869,0.9780660422,168.1865591,1004.423889,0.01521788286,1057.085234
9,0,-6.415991551,43.86569514,44.31955412,122.1800256,-125.5440096,247.7240352,1.238507527,35.4181902,1924.19921,40.748211,1.171875,2794.574019,1.354002461,1.171875,3.524812323,0.9975828269,10.40586939,-17.18849689,21.54825551,27.55896114,42.32579177,-95.8915036,138.2172954,0.980268525,21.98199265,464.3273155,15.46899421,0,775.1673508,1.327456937,0.9765625,3.877031945,0.9986767343,5.133554821,14.17369774,178.8596236,179.3674561,398.749275,-226.2118263,624.9611013,1.197167056,149.4023935,31990.76494,645.510167,1.171875,49090.65051,1.557887224,1.3671875,3.226990833,0.9983056521,8.998675672,1.212342976,0.3625219361,1.265353586,1.919138681,0.4836621634,1.435476518,0.2990258889,1.212342976,0.1314221541,0.03214290658,0,4.033196961,0.2815854704,0.1953125,1.74501073,0.9998593962,2.177320078,0.1488150797,0.476981353,0.4995219691,1.84195907,-0.6554950171,2.497454087,1.369192715,0.3483668499,0.2275112111,0.005432434464,1.171875,0.2292444572,1.551518213,1.3671875,4.005894882,0.9978449464,14.23811333,0.03115521924,0.1724535308,0.17519483,0.7348606382,-0.3575661023,1.09242674,1.431607106,0.120461494,0.02974022029,0.0006573948133,1.171875,0.03288455122,1.369340845,1.171875,3.677424234,0.9980667612,16.09107587,,0.000001637096417,0.01123936596,0.01123909771,0.09084819907,-0.09843512639,0.1892833255,1.406080472,0.007993401643,0.0001263233471,0.004921950721,141.0216369,0.00000024742765,95.82519531,0.00004705431182,129.9034818,95.94726563,0.00000024742765,10.44553953,0.7634958277,28.62620288,2.646837185,0.001292241685,2.866088923,0.0000005362045643,0.03008392189,0.03008320358,0.2466572561,-0.2643083257,0.5109655818,1.622652723,0.01853996327,0.0009050423563,0.009432875679,235.7726697,0.000001908527409,95.82519531,0.00007955191519,85.50676745,69.82421875,0.000001908527409,10.11659069,0.9555637066,98.1877632,18.99778117,0.002893659388,20.5342782,0.00001352309246,0.03314997897,0.03314919021,0.35460621,-0.1944016133,0.5490078233,1.652425565,0.02006140529,0.001098921106,0.009866367052,282.6666524,0.000002145269247,95.82519531,0.0000521980632,96.7550715,79.34570313,0.000002145269247,10.37401518,0.9359686587,130.5800333,23.02737323,0.003175042179,25.31686028,0.000001880612606,0.0908656079,0.09086343833,0.8047486847,-0.9093224294,1.714071114,1.930963412,0.047057136,0.0082565587,0.01673672853,718.2994903,0.00001618243718,95.82519531,0.0002048621549,110.5462998,92.28515625,0.00001618243718,10.64237076,0.8963788583,175.2614644,172.9029371,0.007300238407,178.6949032,-0.00001594663504,0.06772263811,0.06772102298,0.5537887895,-0.455383363,1.009172153,1.56902546,0.04316223021,0.004586355713,0.02203522654,524.7490709,0.000009410825201,52.61230469,0.0001993019054,79.42203456,60.66894531,0.000009410825201,9.970407378,0.9679663012,118.7518977,96.77099718,0.006570817271,98.96460035,0.00000369861254,0.1172842188,0.1172814184,1.26389939,-1.159289511,2.423188901,1.8735145,0.06260118018,0.01375558797,0.02612799514,885.0751445,0.00002805306604,62.86621094,0.0003024846777,107.0190767,94.84863281,0.00002805306604,10.45813973,0.9459931108,166.1410984,288.1011735,0.009464435749,300.2765278
10,0,-5.781192345,54.44522983,54.73788739,112.3253155,-218.117908,330.4432235,1.175863247,46.30234847,2964.283052,58.76774542,0.9765625,5689.003052,1.286470214,0.9765625,3.049113626,0.9992157423,6.070163008,-9.759853526,24.88897931,26.72843175,40.34871777,-73.42088461,113.7696024,1.109442714,22.43376697,619.4612911,14.70400933,0.9765625,1446.639799,1.179379836,0.9765625,3.131808571,0.9988961981,5.431386702,5.492429138,169.7156255,169.7624431,370.8135119,-209.1122761,579.925788,1.207719287,140.5257227,28803.39356,583.2037124,0.9765625,56378.15678,1.391150204,1.171875,2.593736681,0.9999202142,4.93385351,1.197251586,0.4556450494,1.280984344,2.198954384,0.2820334641,1.91692092,0.380575858,1.197251586,0.2076124111,0.03310000937,0,4.743951975,0.3225272842,0,1.748844251,0.9999485074,2.288234357,-0.1962581507,0.4242751768,0.4673729619,0.9716507539,-0.8238365263,1.79548728,1.027908753,0.4127556807,0.1800094257,0.004505640097,0.9765625,0.3486234693,1.248990475,0.9765625,3.224105533,0.9996435057,7.051622321,-0.1056478132,0.1187903425,0.1589516067,0.6019626375,-0.3633590628,0.9653217003,0.8900895578,0.1334588654,0.01411114546,0.0004988871754,0,0.03844362428,1.186204958,0.5859375,3.553493517,0.9993363636,4.519619002,,0.0000003822674001,0.01702388912,0.01702350552,0.1227867454,-0.1338536389,0.2566403843,1.478230098,0.01151640001,0.0002898128007,0.00656568702,178.5492841,0.0000005988135832,94.7265625,0.00004229468679,93.83151853,65.18554688,0.0000005988135832,10.27090376,0.8828535644,65.9674182,6.452510305,0.001837490757,6.641439612,0.00000085273141,0.02150446617,0.02150398163,0.1812333254,-0.2135783163,0.3948116417,1.551664819,0.01385896355,0.0004624420653,0.007593705254,189.1022084,0.0000009900163111,94.7265625,0.00004289855262,80.95592326,57.86132813,0.0000009900163111,10.03448091,0.927990544,87.5700176,10.28478164,0.002217791658,10.47764406,-0.000009643444427,0.0620283549,0.06202695797,0.6953061699,-0.7189489679,1.414255138,1.976905373,0.03137649163,0.003847516812,0.01261494178,390.2274155,0.000007959029934,50.53710938,0.0001081104455,83.41499142,68.72558594,0.000007959029934,10.16102873,0.9613609085,148.489841,85.37848837,0.004976471231,99.95362658,-0.000007956706293,0.0880335525,0.08803156921,0.7884655808,-0.8113665953,1.599832176,1.95752041,0.04497197171,0.007749906366,0.01477285122,762.7483381,0.00001779873788,122.4365234,0.0001422045798,115.5167573,100.4638672,0.00001779873788,10.6635009,0.8957528831,196.2049451,172.048576,0.006929426178,177.3160809,-0.0000227021954,0.1059918051,0.1059894192,1.123831255,-1.100327877,2.224159132,1.7702037,0.05987548498,0.01123426274,0.02418277796,828.6624868,0.0000242270216,60.91308594,0.0002945925297,94.26067774,86.18164063,0.0000242270216,10.22675872,0.9633942618,148.7089994,249.3419847,0.009231148725,264.3075487,-0.00002269389561,0.1279597059,0.1279568246,1.208978872,-1.358659747,2.567638619,2.099833966,0.06093801124,0.01637368632,0.02371758394,807.1826061,0.00003614957097,72.63183594,0.0004328024219,90.87047858,80.44433594,0.00003614957097,10.20926443,0.9726684694,166.8696298,364.0128816,0.009242155491,376.9986664
11,0,-11.72176791,46.00449909,47.46555143,102.4753363,-177.8629941,280.3383304,1.211440398,37.97504126,2116.413937,46.65634186,0.87890625,2737.917919,1.277204611,0.87890625,4.818153431,0.9983994112,15.28757691,-8.704399229,23.73742949,25.27864242,37.75568939,-141.7213259,179.4770152,1.453849631,16.3272934,563.4655588,11.75833924,0.09765625,752.6226448,1.054132163,0.78125,4.666090923,0.9997150566,14.20551756,3.599442799,152.8957719,152.9079713,370.38898,-217.4924097,587.8813897,1.267669619,120.6116875,23377.11708,477.8387876,0.78125,33788.35084,1.284380702,1.3671875,3.97741308,0.9996383171,11.89661011,1.05716433,0.2800616686,1.093617852,1.696033564,0.3424432718,1.353590293,0.2649178189,1.05716433,0.0784345382,0.0241950815,0.09765625,5.732329801,0.2038722127,0.09765625,1.951061869,0.9999814891,2.139404001,0.1432919911,0.2555865066,0.2929697559,1.029412344,-0.3915550122,1.420967356,1.335652376,0.191357056,0.06532446235,0.001764804613,0.09765625,0.1154479451,1.348075264,1.46484375,4.688424084,0.9988713703,8.250312878,-0.1244462716,0.1350765948,0.1836446586,0.5874154814,-0.4436028099,1.031018291,0.8731482201,0.1547006472,0.01824568646,0.000674133094,0.09765625,0.08114167155,0.7702418621,0.48828125,4.053673605,0.9996446488,4.351607875,,-0.000007494167496,0.02834305903,0.02834257723,0.3034758096,-0.2758039163,0.5792797259,1.719408327,0.01648419318,0.0008033289949,0.007857600324,306.2408483,0.000001616600224,39.30664063,0.00003810154354,82.41860057,61.27929688,0.000001616600224,10.13066822,0.9449873775,140.5652301,24.87522528,0.002551479003,24.79852788,0.000003372247856,0.01707780835,0.01707751778,0.2297715496,-0.1748589274,0.404630477,1.599069709,0.01067983982,0.0002916515379,0.00580135372,220.2690186,0.0000006235541363,92.65136719,0.00002287176441,94.43175532,73.48632813,0.0000006235541363,10.35623838,0.9065343667,141.8118626,8.578631937,0.001679434857,8.848556201,-0.00001653929484,0.07515674252,0.07515546415,1.174068992,-1.063836294,2.237905286,2.016451322,0.03727178618,0.005648535946,0.01613992796,636.7407812,0.00001324126555,31.98242188,0.0003387089745,88.27877253,66.65039063,0.00001324126555,10.27965728,0.9256450846,167.7877723,165.8538813,0.005738927568,187.2572289,0.00001716613796,0.1747103037,0.1747073286,1.355518426,-1.225514565,2.581032991,2.026358799,0.08621883936,0.03052369023,0.0247822419,1711.385805,0.00006336845127,79.95605469,0.0006951340883,103.3673608,89.72167969,0.00006336845127,10.50388695,0.9208133689,180.2995579,896.2966293,0.0133295155,988.4395124,0.00001676784361,0.1297360849,0.1297338761,1.159181282,-1.274540709,2.433721991,1.742383337,0.07445897936,0.01683145173,0.03166867741,1104.67024,0.00003143394671,57.25097656,0.0007968365678,74.38043957,64.20898438,0.00003143394671,9.808086741,0.9847402445,137.3692971,494.9767229,0.01086956351,536.7581068,-0.00001016119399,0.06741878952,0.0674176419,0.5995684772,-0.6151335505,1.214702028,1.61715301,0.04168980245,0.00454529318,0.02103080639,704.3419444,0.000009748451679,57.25097656,0.0001444030419,90.22392726,79.22363281,0.000009748451679,10.22862928,0.9641845626,163.0363408,134.0675932,0.005992323059,140.0777375
12,0,-7.12319612,66.99007777,67.35235355,129.9948874,-150.6815601,280.6764475,1.213230865,55.21626569,4487.67052,90.48900703,0.9765625,9376.290695,1.190528216,0.9765625,2.557556388,0.9998963429,4.622305589,-18.94164284,23.95939898,30.53807012,25.60408786,-98.28723791,123.8913258,1.006501508,23.80463297,574.0527996,18.95328986,0.9765625,1376.812888,0.711753865,0.78125,2.813481292,0.9999196135,5.132284013,0.6964680799,162.4590599,162.423064,343.8051471,-207.5315214,551.3366685,1.189909416,136.5306113,26392.94614,526.0297731,0.9765625,55343.08097,1.251495173,0.9765625,2.270496753,0.9999614292,4.518653049,1.118984581,0.3473094672,1.171620542,1.76666923,0.3259359276,1.440733303,0.3103791359,1.118984581,0.120623866,0.02734544844,0,4.412548893,0.2388502459,0,1.456488488,0.9999752338,2.191472833,0.1350076833,0.4301224064,0.4507182991,1.324254322,-0.3352940519,1.659548374,1.518406389,0.283272258,0.1850052845,0.004037055591,1.7578125,0.2329475499,1.516700038,1.7578125,3.125831762,0.9996947124,7.056705025,-0.1110993589,0.1140300396,0.159185166,0.2248441195,-0.3541222717,0.5789663912,0.8620779288,0.1322734706,0.01300284993,0.0005151220538,0,0.04347424477,0.8504223334,0.5859375,3.172157818,0.9995419595,4.102045739,,-0.0000009213997443,0.02811021433,0.02810962825,0.2679669791,-0.2406175101,0.5085844893,1.676433518,0.01676786704,0.0007901841497,0.008307285655,262.833839,0.000001539097573,39.42871094,0.0000278067278,86.65097766,66.77246094,0.000001539097573,10.19902573,0.93423393,130.9091742,18.95718633,0.002625680248,18.89327856,0.000004016825709,0.02279085573,0.02279038089,0.2385334784,-0.2550513444,0.4935848228,1.670277979,0.01364494774,0.0005194231047,0.00711467258,217.2487291,0.000001178147758,33.44726563,0.00002910096972,84.14593766,66.89453125,0.000001178147758,10.1299137,0.9370249632,139.8986888,12.46479795,0.002144650559,13.71410212,-0.000002210346362,0.07344896235,0.07344743097,1.440091905,-1.134251896,2.5743438,1.803279145,0.0407307779,0.00539475007,0.01883736788,581.439759,0.00001299631945,36.49902344,0.0002924077517,93.21042237,71.53320313,0.00001299631945,10.27606436,0.9254266788,140.4001004,129.4597072,0.00624870293,146.7128779,-0.00001810538721,0.1557017729,0.1556985276,1.303594606,-1.1889299,2.492524506,1.979870263,0.078642412,0.02424304209,0.0233024718,1361.602395,0.00004823464732,42.11425781,0.0005596367495,109.9883028,92.65136719,0.00004823464732,10.63362427,0.8898039403,167.8547303,581.8951316,0.01245498206,624.7988261,-0.00003208117331,0.1330902553,0.1330874842,0.9561075261,-1.131440345,2.087547871,1.643766195,0.080966658,0.01771301606,0.0356655716,1038.726247,0.00003843243292,67.87109375,0.0008167911562,78.26980081,67.50488281,0.00003843243292,9.904064581,0.9804437782,132.7672793,425.3177545,0.01187838436,461.5504855,0.00001009857569,0.06384586475,0.06384453436,0.6708240463,-0.586581061,1.257405107,1.585205037,0.04027609254,0.004076294445,0.02146874466,587.7461907,0.000008302573496,79.46777344,0.0001318574517,95.24673601,80.68847656,0.000008302573496,10.30414958,0.9445130345,146.1216506,98.02516684,0.00596223077,103.1848213
13,0,-3.92882013,36.95137039,37.15227727,83.46604628,-132.0441088,215.5101551,1.149554067,32.14409088,1365.403774,28.83227577,0.78125,2356.929783,1.423785871,0.87890625,4.415925564,0.9997072285,8.91361864,-3.766842368,45.58657278,45.73282334,111.405395,-88.96763286,200.3730278,1.193388151,38.19928388,2078.135617,42.07276824,0.78125,3518.899711,1.188284243,0.9765625,3.802787024,0.9998285285,7.267463389,0.6267066392,158.4341784,158.4036391,362.8896324,-205.9680931,568.8577255,1.229076316,128.905078,25101.38887,505.823002,0.78125,47088.7955,1.231769185,1.171875,3.526627642,0.9999614782,6.629962434,1.060106958,0.3187039329,1.106958995,1.626525896,0.2817577206,1.344768176,0.3006337526,1.060106958,0.1015721969,0.02446773775,0.09765625,5.692599404,0.2239333376,0.09765625,2.014278379,0.9999733231,2.179735465,0.08901048931,0.2085528857,0.2267150784,0.7484622981,-0.150535757,0.8989980551,1.500332552,0.1390044397,0.04349430615,0.001012241658,0.78125,0.06726190915,1.22596477,0.9765625,4.317425215,0.9993680247,9.749759522,-0.1752286835,0.07033932491,0.1888140025,0.2177207871,-0.3957424773,0.6134632644,0.3922607659,0.1793177677,0.004947620629,0.0007096130017,0.09765625,0.1553736996,0.3686002163,0.09765625,2.525517073,0.9985526856,2.321056857,,0.0000008496999467,0.01524394303,0.01524364793,0.1409080023,-0.1143684565,0.2552764588,1.516768209,0.01005027857,0.000232377799,0.005477039536,232.6098157,0.0000004548343524,99.85351563,0.000006766113389,132.2158335,105.1025391,0.0000004548343524,10.98772488,0.7812841044,189.6262458,6.014719729,0.001574911121,6.289859163,0.0000006417720793,0.01521064149,0.01521034703,0.09621999439,-0.1308933476,0.227113342,1.486360462,0.01023348096,0.0002313636146,0.005751299496,209.3898183,0.000000469353008,153.6865234,0.000007511256465,113.0397168,87.03613281,0.000000469353008,10.64664462,0.8478838764,157.6363564,5.98985672,0.001558284241,6.377365152,-0.00001030430257,0.02143464806,0.02143423557,0.4159604755,-0.185822953,0.6017834285,1.80921772,0.01184746746,0.0004594441375,0.00603936314,245.6822113,0.0000009530624746,62.74414063,0.00001250081055,111.3789724,84.35058594,0.0000009530624746,10.65603058,0.8617512226,183.7299742,12.02810008,0.00189176158,12.87494578,-0.00001123664799,0.1162321319,0.1162298822,1.234590609,-0.9742967285,2.208887338,1.947837085,0.05967240935,0.01350990848,0.01820405899,1243.363553,0.00002593217127,89.23339844,0.0002579454242,122.7348834,103.1494141,0.00002593217127,10.77803014,0.8507295968,207.9333665,348.9331508,0.009018817415,368.0522077,0.00001189692194,0.07009842963,0.07009707355,0.646576921,-0.8881534468,1.534730368,1.819346277,0.03852946002,0.004913789837,0.01631008337,562.5811293,0.000009434608374,38.20800781,0.000159510032,77.09057763,66.89453125,0.000009434608374,9.917056243,0.976880107,129.3979191,127.6956346,0.005605168277,129.999422,-0.000004397080077,0.1033204133,0.1033184132,1.010409974,-1.011759418,2.022169392,1.754387487,0.05889258449,0.01067510781,0.0261142594,1251.711602,0.00002204924689,134.8876953,0.0002068211048,134.0589352,121.4599609,0.00002204924689,10.84436241,0.8599462715,205.5632082,275.7623696,0.008888425354,290.1354938
14,0,-2.62133545,49.52511273,49.58319584,125.9881654,-115.1069715,241.0951369,1.216451236,40.71278096,2452.736791,50.67298864,0.9765625,5312.47034,1.09163118,0.9765625,2.652789756,0.9990951182,4.918389912,-14.87094983,14.62164599,20.8528296,23.50009232,-83.49504215,106.9951345,0.8009401683,18.25560332,213.7925316,9.086243055,0,798.3902212,0.6996493336,0.1953125,3.096700975,0.9998095389,3.929113526,3.977671545,147.1251673,147.1454985,335.991406,-203.7056266,539.6970326,1.238568665,118.7864439,21645.81486,433.7161841,0.9765625,33781.20561,1.341883299,0.9765625,2.672169168,0.9999180051,6.221025289,1.05179325,0.3014182269,1.094111827,1.61186401,0.3125440506,1.299319959,0.286575548,1.05179325,0.09085294748,0.02381767124,0,3.94903806,0.2071220929,0,1.427779353,0.9999446641,2.163112485,0.2046652247,0.3091399063,0.3706911061,1.073944321,-0.2272903614,1.301234682,1.264585283,0.2444595161,0.09556748169,0.002714179684,0,0.1453800183,1.044009516,0.9765625,3.297336006,0.9999061998,6.548525725,-0.02420108476,0.09606908073,0.09904930921,0.5285927389,-0.228290635,0.7568833739,1.379808006,0.06962496256,0.009229268273,0.0002085771329,0.78125,0.0081186117,1.499174111,1.171875,4.032836833,0.9996291158,19.62569488,,0.000001982366268,0.0152161849,0.01521585124,0.1266295726,-0.1546208707,0.2812504433,1.449387304,0.01049835669,0.000231532283,0.006179946474,191.7882493,0.0000004664141223,98.51074219,0.00001617981697,117.0211022,91.55273438,0.0000004664141223,10.70766962,0.8301003592,127.2836746,5.285500529,0.001663735692,5.618082435,-0.0000116848426,0.02209177303,0.0220912915,0.1739829139,-0.1541467838,0.3281296977,1.567619542,0.01409256037,0.0004880464355,0.007298962801,215.3653468,0.0000009968582619,98.51074219,0.0000192590525,90.65606819,69.21386719,0.0000009968582619,10.25150148,0.9191775215,127.5231403,11.12527063,0.002180010038,12.05038905,-0.000005246504646,0.1384491065,0.1384460694,1.46679019,-1.248457988,2.715248177,2.076492273,0.06667451078,0.01916815508,0.02079109957,962.5013171,0.0000402551361,33.93554688,0.0008564174751,91.84099669,66.89453125,0.0000402551361,10.30681388,0.903460754,142.8814907,437.7403901,0.01107176286,623.8278721,0.000002236818955,0.09248632623,0.0924842974,0.8725867349,-0.8326628403,1.705249575,1.958443712,0.04722439848,0.00855372054,0.01480226708,826.7103487,0.00001688320762,76.53808594,0.0001937111756,117.2581069,100.2197266,0.00001688320762,10.68641758,0.8705867887,189.3017018,194.9890738,0.007148746347,203.2414198,0.000002314842902,0.08597322771,0.08597134177,0.7102208412,-0.9314230926,1.641643934,1.710240022,0.05026968532,0.007391395884,0.02350842719,673.1509432,0.00001548583685,64.69726563,0.0002522608456,85.37088032,70.55664063,0.00001548583685,10.0931266,0.9639118561,132.2029542,168.580305,0.007573223271,175.68998,0.00002068019263,0.1233664986,0.1233637941,1.119877175,-1.244412259,2.364289435,2.089337809,0.05904574073,0.01521929297,0.0213210447,809.5887302,0.00003204544361,57.37304688,0.0004343591994,91.746378,77.39257813,0.00003204544361,10.19743219,0.953536263,141.6127111,346.9478878,0.009415718255,373.4111011
15,0,-0.2901577455,55.6096807,55.59721477,146.3308961,-92.93179254,239.2626886,1.229278996,45.23764,3092.436587,59.43968457,0.9765625,6383.879517,1.340643192,0.9765625,2.774035048,0.9993902841,4.817708146,-15.32610927,72.76846195,74.34797058,87.99041561,-168.3928507,256.3832664,1.260341006,57.73712163,5295.249054,110.200721,0.9765625,12195.11718,1.17883447,0.9765625,2.503247872,0.9999626163,4.678994374,-5.390420806,145.1013868,145.1669986,315.3914483,-189.1338961,504.5253444,1.189908321,121.9433332,21054.41245,420.0382676,0.9765625,36112.32935,1.420404472,1.171875,2.534392871,0.9999743969,5.243374404,1.148339999,0.4187527226,1.222274606,1.961674247,0.2611813541,1.700492893,0.3646591802,1.148339999,0.1753538427,0.02968668276,0,4.493921311,0.2987679623,0,1.630103822,0.9999717127,2.2646062,0.07778421726,0.3638661407,0.3720026825,1.122329807,-0.3255041469,1.447833954,1.43616265,0.2533599804,0.1323985684,0.002698734238,0.9765625,0.2371799996,1.462284061,0.9765625,3.1111747,0.9998691272,5.966116253,-0.07833274416,0.1828207404,0.1988555977,0.4368283404,-0.4470716967,0.8839000371,1.083568319,0.1687210093,0.03342342312,0.0008107619613,0.9765625,0.06248961497,1.194157561,0.9765625,3.132453811,0.9999347595,7.142227119,,0.000001076557056,0.01354417718,0.01354385107,0.1217763169,-0.125676026,0.2474523429,1.463680707,0.009253505299,0.0001834447354,0.005405389254,159.6541845,0.0000003718781646,151.4892578,0.00000510441817,120.2720701,90.8203125,0.0000003718781646,10.87802171,0.7881196515,156.1577306,3.809825884,0.001520180456,4.212772342,0.000005684186814,0.02015314256,0.02015265806,0.1670510763,-0.1724515739,0.3395026502,1.631703006,0.01235098697,0.0004061491549,0.006178329582,186.5034166,0.0000008191350179,37.23144531,0.00001196678354,96.48219066,73.60839844,0.0000008191350179,10.50676688,0.8904647789,136.0252293,8.441184852,0.002001018938,8.850007344,0.00003239364758,0.189885955,0.1898813852,1.860492623,-1.639138981,3.499631604,2.152686836,0.08820881505,0.03605667591,0.02870797833,1008.319602,0.00007366434602,36.25488281,0.001832922003,86.17707177,60.30273438,0.00007366434602,10.17201954,0.9115064994,132.2139114,748.6967162,0.01444770251,1022.34144,0.000007506665963,0.03900824665,0.03900730804,0.468284537,-0.374683752,0.842968289,1.700083695,0.02294489781,0.001521643307,0.01034861946,373.2318145,0.000003123514063,78.85742188,0.00003293282061,116.4393934,96.92382813,0.000003123514063,10.74313984,0.8854031014,170.7525157,31.60563303,0.003535047896,32.61540426,0.000008959754725,0.07338804197,0.0733862753,0.6219218381,-0.4924180891,1.114339927,1.565349401,0.04688285052,0.005385804704,0.02320691039,548.3565779,0.0000107604709,42.60253906,0.0001768397315,79.21622106,66.40625,0.0000107604709,9.966763899,0.9761260222,119.3663464,112.1216639,0.007008434488,120.236297,0.00000130253262,0.07679323194,0.07679138274,0.5837311711,-0.6522973423,1.236028513,1.664822677,0.04612697377,0.005897200472,0.02193391514,719.3020798,0.00001169979154,77.27050781,0.000125915194,114.1006761,97.77832031,0.00001169979154,10.63133229,0.9050599691,155.8377562,122.5010617,0.006995634817,122.9827699
1,1,12.85504923,48.04215902,49.72593708,192.91,-74.47014647,267.3801465,1.61711668,29.70852977,2308.049043,57.9818366,0.09765625,7267.866718,0.5670940953,0.1953125,3.793913022,0.9982858578,23.18376219,-0.101833292,21.87073999,21.86798008,70.15053376,-57.4218684,127.5724022,1.337095978,16.35689611,478.3292678,9.536050327,0.5859375,951.2281608,0.9878698742,0.9765625,4.049646238,0.9998827864,14.55218617,3.541729396,82.07055678,82.13570641,233.388584,-124.6953586,358.0839426,1.304387006,62.91887024,6735.57629,135.1677613,0.5859375,13361.03106,0.9898481187,0.9765625,3.76212338,0.9999484646,15.02452338,0.9773136302,0.1731628548,0.9925316562,1.437179502,0.3780566801,1.059122822,0.1771824821,0.9773136302,0.02998537428,0.01962482424,0,5.664139296,0.08305273403,0,1.338433733,0.999986253,2.062187183,0.308411353,0.1816160429,0.3579006991,0.9646859082,-0.2531665935,1.217852502,0.5755433937,0.3155557772,0.03298438704,0.002583763951,0,0.5726221437,0.3931560041,0.09765625,2.755234156,0.9998629712,2.692366183,0.175000626,0.07743104575,0.1913612888,0.3783119286,-0.07661321327,0.4549251419,0.4391187825,0.176332803,0.005995566846,0.0007249115724,0,0.1836322435,0.1849792795,0.09765625,2.052671587,0.9999062633,2.390653741,,-0.0000001915451466,0.01127296831,0.01127281468,0.1337212343,-0.1164464678,0.2501677021,1.401153907,0.008045488978,0.0001270798146,0.004859637849,279.6266313,0.0000002621444988,99.48730469,0.00001202343828,148.5536885,118.1640625,0.0000002621444988,11.1304883,0.6716237727,157.6843575,4.664277054,0.001220556894,5.126478583,0.000004921085364,0.04134034926,0.04133978613,0.3141660139,-0.3433246271,0.657490641,1.587903248,0.02603455173,0.001709024477,0.01266745319,642.0730477,0.000003427587992,153.0761719,0.0001144672548,95.40836485,78.73535156,0.000003427587992,10.34007385,0.9328578221,155.0997118,62.70406347,0.003778023737,67.74120224,-0.0000001821052638,0.00568018126,0.005680103848,0.1041345537,-0.1180049967,0.2221395504,1.725417079,0.003292062731,0.00003226445915,0.001868559026,142.2404479,0.00000006377017759,99.48730469,0.00001100684067,198.6621117,182.1289063,0.00000006377017759,11.2087374,0.3574457806,57.68813307,1.184514734,0.0005494296898,1.363815729,0.000002522623485,0.03817752587,0.03817700564,0.3056799154,-0.3755077921,0.6811877076,1.767809207,0.02159595375,0.001457523482,0.008840026459,635.8345391,0.000003124698239,68.84765625,0.00003664779735,118.0534026,99.609375,0.000003124698239,10.66692766,0.8720392449,235.8403992,53.49175382,0.003156919378,54.84450343,-0.00000007773928527,0.004869758607,0.004869692238,0.0928012073,-0.09515410778,0.1879553151,1.675450404,0.00290653701,0.00002371454889,0.001676076032,123.1412096,0.00000004756541326,99.48730469,0.000009808258707,195.2879665,176.5136719,0.00000004756541326,11.08288418,0.3810859461,48.77804015,0.8704262744,0.000477880177,0.994155708,-0.000000438705591,0.005166301605,0.005166231213,0.07886585505,-0.09859612709,0.1774619821,1.677553238,0.003079664769,0.00002669067228,0.001764537499,131.2292878,0.00000005444971945,99.48730469,0.00001062482658,196.6200823,176.3916016,0.00000005444971945,11.13397481,0.3753330644,52.72971801,0.9793187931,0.0005078881195,1.13842293
2,1,-2.708642244,23.3439518,23.49772194,59.56023308,-80.21561998,139.7758531,1.492522017,15.640608,544.9400855,11.03666688,1.46484375,951.8914788,1.399722591,1.3671875,4.411555105,0.9988057837,15.37074673,-1.179836359,15.04786068,15.09219961,38.32334409,-35.21004837,73.53339246,1.193524965,12.60791448,226.438111,4.559774461,0.48828125,656.2403515,1.073756403,0.9765625,3.798465208,0.9999454361,7.403174704,0.3395741108,74.84276255,74.83433798,203.2078698,-111.8277557,315.0356255,1.353512931,55.29519579,5601.439106,110.7152299,0.9765625,13312.45122,0.9673242534,0.9765625,3.347198119,0.9999934473,7.873847913,0.9442875386,0.1374908915,0.9542421371,1.279092822,0.5249089232,0.7541838986,0.1456027808,0.9442875386,0.01890374525,0.01818690327,0,5.911749386,0.06533583891,0,1.157888542,0.9999860674,2.041877599,-0.06956623003,0.1719213127,0.1854430801,0.3033567474,-0.4858836671,0.7892404145,1.118626001,0.1536897162,0.02955693775,0.0006873951182,0.48828125,0.1378733408,0.7371860497,0.48828125,3.31748602,0.9999223821,5.334606926,-0.09260943662,0.08548540133,0.1260256564,0.1754006248,-0.2125768245,0.3879774493,0.7675433553,0.1113753389,0.00730775384,0.0003200745687,0,0.05708688479,0.5906765499,0.09765625,3.373748031,0.9999178995,3.701659689,,0.000003508660082,0.01375898148,0.01375882534,0.1175905717,-0.1170838727,0.2346744444,1.478085114,0.009308653037,0.0001893095715,0.005253522012,330.7834524,0.000000387558104,98.08349609,0.00002258533866,114.5576989,88.25683594,0.000000387558104,11.63415907,0.8245928491,158.2750266,8.365029198,0.001356352916,8.95781823,0.0000005206266977,0.01623542127,0.01623523651,0.154351163,-0.1520597332,0.3064108962,1.537767745,0.01055778503,0.0002635889039,0.005538854419,381.9227144,0.0000005074437762,98.08349609,0.00002625047783,119.6660481,98.02246094,0.0000005074437762,11.70481032,0.8394691927,176.9511477,11.58887556,0.001530870776,12.34883478,0.000005932252789,0.03708423813,0.03708381656,0.4652903863,-0.3327188155,0.7980092017,1.599694464,0.02318207568,0.001375240718,0.0117996318,808.5765364,0.000002940600729,150.8789063,0.0002005228741,113.948681,91.06445313,0.000002940600729,11.37506964,0.8726448836,152.8278491,60.53779398,0.003484739912,67.99481748,-0.00001014475288,0.02758606923,0.02758575715,0.2379007014,-0.2074816843,0.4453823857,1.568574302,0.01758671501,0.0007609912157,0.008402857335,652.1123452,0.000001544026621,98.08349609,0.00004970983001,126.1197355,108.5205078,0.000001544026621,11.82266225,0.8661628032,218.5955539,33.54106153,0.00253929964,34.92599123,-0.0000009911860203,0.01293559496,0.01293544778,0.1059514097,-0.1441130443,0.2500644541,1.431463131,0.009036624611,0.0001673296169,0.005319842915,345.5566177,0.0000003319103496,98.08349609,0.00002644732422,126.2223762,98.08349609,0.0000003319103496,11.79536952,0.7835263698,127.2082474,7.354499801,0.001323668209,7.835515625,0.0000002675099601,0.02975008636,0.02974974778,0.3533275764,-0.2499041655,0.6032317419,1.729605496,0.01720050407,0.0008850676384,0.007567325923,626.3169101,0.000001541662796,98.08349609,0.000023486246,125.1829761,110.9619141,0.000001541662796,11.71530961,0.8925306737,235.1676908,38.92368618,0.002547073245,40.44732319
3,1,8.191683687,35.16806288,36.10230834,140.6353164,-65.95205066,206.587367,1.479358781,23.77250423,1236.792647,26.52484151,1.66015625,1720.260824,1.354911001,1.5625,4.387270665,0.9999688168,10.94370258,1.184398169,16.22372287,16.26349872,43.50295397,-49.18908814,92.69204211,1.312914138,12.35703265,263.2091838,5.306500395,0.78125,421.2574019,1.210697533,0.9765625,4.268235799,0.9999571428,9.350053504,-2.521258449,79.89094835,79.9139451,208.6942424,-162.7820745,371.4763169,1.353564007,59.02266013,6382.563627,125.4479988,0.87890625,10025.68825,1.419486883,1.46484375,3.949018373,0.9999681545,7.564479305,0.9308295052,0.3295437264,0.9874193666,1.581663479,0.02923430937,1.552429169,0.354032317,0.9308295052,0.1085990676,0.01944274083,0.09765625,4.362437138,0.3087296565,0.09765625,2.268013927,0.999975404,2.249508847,0.04900719958,0.2578225543,0.2623856808,0.9653678338,-0.262368295,1.227736129,1.53694206,0.1677503407,0.06647246951,0.001356653802,0.87890625,0.08956109856,1.558817294,1.5625,4.453170675,0.9998571688,9.344765682,-0.2204299506,0.08958448435,0.2379314417,0.1467289199,-0.507302129,0.654031049,0.3978069277,0.225195888,0.008025379836,0.001122640829,0.09765625,0.2440711414,0.308232719,0.09765625,2.501385459,0.9999702625,2.329055888,,0.0000001622168127,0.005787918586,0.005787807041,0.1031345694,-0.1147652232,0.2178997926,1.552273814,0.003728671149,0.00003350000156,0.002269730072,104.6572048,0.0000000699285058,95.09277344,0.00001313720517,186.1535114,163.2080078,0.0000000699285058,10.82565799,0.43955125,32.24391946,0.870047074,0.0006111320082,1.010014756,-0.00001200521198,0.08221428354,0.08221269995,0.8581322834,-0.7952597866,1.65339207,1.6738658,0.04911641278,0.006759188418,0.0237659781,601.8765109,0.00001514401699,31.86035156,0.0002767427376,72.32732793,64.81933594,0.00001514401699,9.73862726,0.9872462723,128.9902162,175.4266992,0.007691574975,195.4281089,-0.00004625232858,0.1183215072,0.1183192358,1.290854542,-0.9644945728,2.255349115,1.788282145,0.0661648988,0.01399997905,0.03110969169,782.4690218,0.00003087819552,34.05761719,0.0008617078992,67.5759991,60.05859375,0.00003087819552,9.580687987,0.9862959669,119.3966664,363.2529082,0.01003388037,417.158888,0.000001622297278,0.151853512,0.1518505854,1.250501213,-1.155268923,2.405770135,2.127438757,0.07137855862,0.02305948912,0.02438853117,898.5625987,0.00004880041055,31.73828125,0.0009941952667,71.14964026,62.98828125,0.00004880041055,9.724341943,0.9839707007,128.5431535,598.4601407,0.01197800174,701.5282632,-0.00002365590455,0.1626143501,0.1626112179,1.944700492,-1.739898918,3.68459941,1.883013944,0.08635854801,0.02644342686,0.03586679822,1345.870972,0.00005293922675,37.96386719,0.0009788327462,95.02332859,77.51464844,0.00005293922675,10.42901332,0.9310296594,158.2265122,686.4018992,0.01345514229,761.4052579,0.00002884211762,0.1608592817,0.1608561842,1.135027209,-1.282517538,2.417544748,1.664919257,0.09661686661,0.02587570852,0.04600378948,1438.138319,0.00004919879767,33.32519531,0.001614999383,76.20940752,55.54199219,0.00004919879767,9.916697161,0.9675057597,136.2078517,677.1463511,0.01497918223,769.9026637
4,1,-1.116715297,32.01871864,32.03371581,120.0979123,-99.96182092,220.0597332,1.363350052,23.48532469,1025.198343,20.14400499,0.5859375,2233.080996,1.057660618,0.78125,4.052672164,0.9998948685,8.076736555,-4.536565767,23.66301343,24.09070739,51.82012092,-71.58690726,123.4070282,1.254740368,18.85889228,559.9382046,11.59791628,0.5859375,955.4858792,1.189081796,1.171875,4.064171456,0.9999717908,9.886432286,0.1768229478,72.51609303,72.50617716,243.5937074,-114.8882271,358.4819345,1.510625383,48.00402128,5258.583749,107.6932596,1.66015625,8002.349478,1.493941286,1.5625,4.140421678,0.9999679892,12.08068838,0.9455248425,0.2596185629,0.98051017,1.616659205,0.1654974103,1.451161794,0.2745761415,0.9455248425,0.06740179823,0.01927136285,0,5.225845497,0.1832630734,0,1.656562751,0.9999759623,2.150095952,-0.03519453357,0.1466427641,0.1507870917,0.5785857809,-0.3094845659,0.8880703467,1.274479967,0.1150608623,0.02150410025,0.0004869251153,1.171875,0.02630276659,1.797167954,1.66015625,4.974205113,0.999210647,16.35639196,-0.2063412446,0.06851872168,0.2174171398,0.01478916833,-0.3446804058,0.3594695741,0.3319926152,0.2063862826,0.004694815221,0.0009484507666,0,0.2518372634,0.1577531365,0,1.763267845,0.9999280536,2.219784218,,-0.000001492940597,0.01480004361,0.01479983968,0.1824274527,-0.1067336751,0.2891611278,1.436599756,0.01030213429,0.0002190412908,0.005996728883,309.6306362,0.0000004359129048,97.16796875,0.0000230330938,123.7928914,102.6611328,0.0000004359129048,10.78853463,0.8447570979,147.470195,7.946934543,0.001537882476,8.378545437,-0.00002331482661,0.04247573281,0.04247515372,0.3323212098,-0.2834416579,0.6157628677,1.433426389,0.02963230838,0.001804187878,0.01620842951,613.1226502,0.000003561110714,66.65039063,0.0000596588105,83.3989043,70.3125,0.000003561110714,10.0844802,0.9711567309,159.8472825,65.56219981,0.004134707281,71.67582742,0.000002402872797,0.02825326673,0.02825287738,0.3122366784,-0.2058317531,0.5180684315,1.485363038,0.01902111874,0.0007982470808,0.01027706899,444.7087129,0.000001520010555,56.51855469,0.00003199833742,90.67201631,72.99804688,0.000001520010555,10.24704721,0.9389463638,169.985658,28.96644213,0.002741688942,30.89130471,-0.000001287278072,0.04564452991,0.04564390076,0.2560028417,-0.6281763482,0.88417919,1.612069838,0.02831423853,0.002083423111,0.01432423655,707.7227271,0.000004165175721,97.16796875,0.00005003729802,100.8179263,88.13476563,0.000004165175721,10.4360346,0.9516622241,184.4102132,75.82274144,0.004292398278,79.82721422,-0.000003551323535,0.09597712626,0.09597580337,0.836750574,-1.130394973,1.967145547,1.741477718,0.05511246298,0.009211608764,0.02462383583,1122.710327,0.00001864711959,63.4765625,0.0004071269949,80.25471226,69.70214844,0.00001864711959,9.875148015,0.9792300299,156.3222628,334.1724543,0.00784933567,355.3547464,-0.00003071735015,0.09404991449,0.09404862311,1.088611037,-1.253107559,2.341718596,1.639742169,0.05735652608,0.008845386415,0.02960594758,1341.540251,0.00001764323456,78.36914063,0.0003059063064,99.14033318,87.03613281,0.00001764323456,10.40286459,0.9609694849,190.4176351,321.8786622,0.008478796535,342.6923563
5,1,1.250329505,29.7226986,29.74422451,85.72092218,-94.23449079,179.955413,1.405101999,21.15340994,883.4388121,17.50237388,0.68359375,1865.398066,1.35694887,0.78125,4.318956437,0.999964545,10.1422075,1.436658676,18.1618852,18.2157159,32.21164945,-41.79196986,74.00361931,1.163709454,15.60688979,329.8540739,6.569581221,0.68359375,1125.961874,0.7655928882,0.68359375,2.873938659,0.9999528794,5.466666615,1.06608089,45.11777412,45.1231362,113.2048986,-88.34386232,201.548761,1.240917327,36.35840449,2035.613541,40.35919131,0.68359375,5445.656636,0.9901936859,0.68359375,3.545889533,0.9999838044,7.036993818,0.8992180547,0.1102537863,0.9059498386,1.173831558,0.6084391269,0.5653924312,0.1226107346,0.8992180547,0.01215589739,0.01641413202,0,4.109526906,0.07699249558,0.09765625,1.339684614,0.9999861774,2.02939671,-0.2466448097,0.2130979567,0.3259291978,0.48157024,-0.7293019094,1.210872149,0.7405377684,0.2877610918,0.04541073917,0.002082796324,0,0.3116667341,0.5643179916,0.09765625,3.42243354,0.99998294,3.490514841,-0.09128385442,0.09881743776,0.1345157883,0.2363043136,-0.3153402889,0.5516446025,0.9040733076,0.1093024613,0.009764886006,0.0003599748671,0,0.04248157867,0.8046754496,0.48828125,4.027695461,0.9999111705,4.339965944,,-0.000001692691526,0.009570809151,0.009570656436,0.08127453709,-0.08732319232,0.1685977294,1.321712659,0.00724121774,0.00009160038781,0.004648481382,206.5732785,0.0000001827080837,99.36523438,0.00003013770375,142.5544688,107.9101563,0.0000001827080837,10.7692001,0.7089936374,55.70449434,2.870236336,0.001086335787,3.063588507,0.00000176435783,0.01402401933,0.01402379545,0.1056199928,-0.1308964035,0.2365163963,1.517928415,0.009238920091,0.0001966731183,0.005085993568,238.169674,0.0000003915500888,99.36523438,0.0000241141414,116.7058926,89.84375,0.0000003915500888,10.65896045,0.8259346859,125.9211415,6.15904507,0.001389619436,6.443076396,-0.00007196608987,0.08838552324,0.08838414084,1.191702507,-1.061473771,2.253176279,2.239905504,0.03945948751,0.007812000718,0.01458268185,905.0561408,0.00001549476874,76.41601563,0.0006000165271,83.59907434,58.10546875,0.00001549476874,9.894575651,0.907149299,142.7534165,244.8191367,0.006397085559,289.2236587,-0.000002711714838,0.01568046737,0.01568021716,0.2354612614,-0.2076907696,0.443152031,1.574356946,0.009959918819,0.0002458770569,0.005630551127,263.4606423,0.0000004749893223,99.36523438,0.00003150217676,120.8482852,99.48730469,0.0000004749893223,10.73246326,0.8425200864,122.2141662,7.703169769,0.001518596018,8.277487788,-0.0000116943827,0.02917316166,0.02917269805,0.2754333943,-0.2605456089,0.5359790032,1.470844797,0.0198342896,0.0008510733614,0.01102857583,353.694676,0.00000162556531,40.64941406,0.0000329300691,76.33117098,58.83789063,0.00000162556531,9.816786049,0.9469832638,124.5260357,26.65573522,0.002900903045,26.77986666,0.000003080431475,0.03268709234,0.03268657041,0.3978689005,-0.4365500608,0.8344189612,1.843740752,0.01772868138,0.001068446006,0.008023162685,384.7019916,0.000002058270486,99.36523438,0.00003018253189,92.28040741,78.61328125,0.000002058270486,10.27120305,0.9488255102,165.2933197,33.49221136,0.002684499175,33.17255129
6,1,-3.099591543,29.6031253,29.76030551,72.07405653,-82.36941635,154.4434729,1.305465977,22.67629018,876.3450278,17.60109994,0.68359375,1870.533273,1.246674812,0.68359375,4.052189948,0.9990266715,6.940771589,-4.076698451,26.49948415,26.80709606,57.84635559,-57.77660363,115.6229592,1.24647343,21.259566,702.22266,14.0347568,0.68359375,1573.621927,0.9417080239,0.68359375,3.312353513,0.9999381185,6.282519553,-0.5294296188,64.95993784,64.95183903,131.8394412,-125.9521038,257.791545,1.205916943,53.86767157,4219.793524,84.83846587,1.26953125,9075.61945,1.136821857,1.171875,3.459002985,0.9999885643,6.747906919,0.9825558618,0.1212089666,0.9900015132,1.30031103,0.6774573824,0.6228536476,0.123360891,0.9825558618,0.01469161357,0.01963330755,0,4.986496316,0.08780208836,0.09765625,1.341015184,0.9999843935,2.029775544,-0.002317476744,0.1550444295,0.1550372711,0.3995984797,-0.5868510995,0.9864495792,1.304459101,0.1188572562,0.02403877512,0.0005044725841,0.68359375,0.04498990856,1.496346706,1.26953125,4.523075714,0.9996357561,8.76595028,-0.07003241109,0.1008668402,0.1227821058,0.2210436598,-0.3757318975,0.5967755573,0.9726844896,0.1036994434,0.01017411945,0.0002932147643,0,0.02522304068,0.981930431,0.78125,4.21996531,0.9997155289,6.141033564,,-0.0000011669159,0.01671741918,0.01671717446,0.1145451283,-0.1263339273,0.2408790556,1.397219514,0.01196477648,0.000279472104,0.007130438918,277.5117788,0.0000005530603803,93.50585938,0.00003081335701,95.93053747,69.70214844,0.0000005530603803,10.35735271,0.879305024,142.2195287,9.607884782,0.001800236134,10.19666441,0.00002190401205,0.05376292287,0.05376214019,0.6069896756,-0.5531460154,1.160135691,1.532046453,0.03509222764,0.002890451876,0.01937043571,620.7504779,0.00000586280306,54.32128906,0.0001277961555,74.09125087,63.11035156,0.00000586280306,9.819512364,0.9743988965,137.784837,98.74237207,0.005042936344,106.9616305,-0.000005578380131,0.1740396672,0.1740371192,2.158647835,-1.585283403,3.743931239,1.918092924,0.09073578501,0.03028980575,0.03726851153,1710.278046,0.00007103979226,36.25488281,0.002950153972,75.5297138,53.83300781,0.00007103979226,9.83131408,0.9420359483,154.2283854,1035.78544,0.01415536551,1932.774717,0.000010642808,0.06501834629,0.06501739523,0.5911030044,-0.74644357,1.337546574,1.661626312,0.03912934324,0.004227385355,0.0174750982,847.9057008,0.000008124359099,65.18554688,0.000106788518,95.93718922,83.86230469,0.000008124359099,10.32484082,0.9492944401,175.6368871,144.3924955,0.005916664907,150.564725,-0.000001839553325,0.1418298034,0.1418277268,1.377667294,-1.233104851,2.610772146,1.450394348,0.0977870629,0.02011569312,0.05578958888,1718.898508,0.00004369191543,57.00683594,0.0007207220098,77.18821583,67.50488281,0.00004369191543,9.921773017,0.984728112,153.3595948,688.9904227,0.01364568549,780.1383041,-0.00001085751934,0.06205160921,0.06205070166,0.5556705305,-0.3923182235,0.947988754,1.522739994,0.04074997009,0.003850402205,0.021460437,858.2376964,0.00000773171657,70.55664063,0.0001136676719,92.41040964,80.32226563,0.00000773171657,10.24330455,0.9579439064,173.7145825,132.0165604,0.005920953541,141.984758
7,1,-0.1702263464,39.20138713,39.19080519,99.64447003,-85.67543675,185.3199068,1.251310928,31.32825444,1536.748753,29.88046435,1.5625,1459.994393,1.805153421,1.5625,3.756698386,0.9995420585,12.82666218,3.562290754,14.45295241,14.88156752,41.08019318,-39.36571415,80.44590733,1.201808678,12.02600104,208.8878334,4.493641799,0.9765625,164.2227579,1.790799868,1.5625,4.283574458,0.9990586277,15.64597605,14.91997387,118.5645971,119.4667984,283.324262,-146.7537637,430.0780257,1.223171862,96.93208357,14057.56369,284.3485438,0.9765625,14904.79387,1.362955953,1.3671875,3.409328286,0.9999758148,11.20022165,1.100933224,0.2246257508,1.123602467,1.761256757,0.6088773815,1.152379375,0.20403213,1.100933224,0.05045672791,0.02521681111,0,3.536913324,0.1708125216,0,1.404229809,0.9999483164,2.082000186,-0.3067512825,0.3364084773,0.4551964292,0.6394785383,-1.097753742,1.73723228,0.8571233298,0.3924854985,0.1131706636,0.003918045943,0,0.2784436101,0.9529968965,0.390625,3.409962066,0.9986622814,4.391405469,-0.1884552898,0.157202487,0.2453858436,0.184775352,-0.6338252151,0.8186005671,0.7770228595,0.202313851,0.02471262193,0.001192246711,0,0.106223194,0.836477092,0.1953125,3.066913969,0.9993154949,3.38767066,,0.000001419308995,0.01320920884,0.01320895379,0.1134214604,-0.09884695211,0.2122684125,1.373374231,0.00961806953,0.0001744831982,0.005897050571,190.6395321,0.0000003421790996,99.73144531,0.00002221674267,110.529786,80.93261719,0.0000003421790996,10.4976368,0.8258399882,98.97988114,4.522159738,0.001501184137,4.694361667,-0.000009140470417,0.04192466109,0.04192385234,0.5059527742,-0.664021925,1.169974699,1.719387965,0.02438347944,0.001757677207,0.01219256467,373.6527459,0.000003629899891,37.71972656,0.00007956102126,76.31059472,60.546875,0.000003629899891,9.913023287,0.96393765,136.1000969,45.54522177,0.003599925943,50.55326908,0.000007945733536,0.07652287522,0.07652139766,0.9028957281,-0.7834800204,1.686375749,1.66942485,0.04583786758,0.005855750432,0.02015954301,717.0176575,0.00001144669754,41.9921875,0.0001714695586,87.7382623,73.48632813,0.00001144669754,10.14626876,0.9504493519,140.6782403,151.7283176,0.006889950675,163.4775639,0.000007637914888,0.0253709674,0.02537047853,0.2119496675,-0.2548305122,0.4667801796,1.647766489,0.01539718617,0.0006436859869,0.00792977164,288.6659103,0.000001253453492,44.43359375,0.00002232358245,105.3229858,88.25683594,0.000001253453492,10.51129546,0.905314772,152.420601,16.68320165,0.002417665956,17.53155723,0.000005732992314,0.0539066889,0.05390564804,0.3921874859,-0.474275803,0.8664632889,1.590201152,0.0338992893,0.002905931108,0.01641917815,469.8081785,0.00000577186191,37.23144531,0.0001239135955,72.12688982,59.32617188,0.00000577186191,9.754724002,0.9725837469,124.9443929,83.64500744,0.004892848014,79.52760235,0.0000003028814657,0.07851482126,0.07851330482,0.5593471744,-0.5985233583,1.157870533,1.426685736,0.05503301765,0.006164577158,0.0313099602,940.0805252,0.00001228161011,60.91308594,0.0001594867471,100.5838265,87.15820313,0.00001228161011,10.37946426,0.9351205087,153.5058887,159.7875463,0.00812727079,170.4327532
8,1,-0.6135799535,14.97076354,14.98126592,54.76537026,-52.23212172,106.997492,1.417464411,10.56165038,224.1237608,4.150850528,0.5859375,356.6806338,1.498452083,1.171875,4.634001539,0.9996648221,12.13144714,-2.171953196,25.15851309,25.24862993,50.32114741,-66.46141138,116.7825588,1.330756643,18.90541988,632.950781,12.85302436,1.07421875,1345.949155,0.9790508203,1.07421875,3.325037591,0.9999693009,7.830868176,-1.098016011,53.20530546,53.20928657,166.0408376,-90.31147395,256.3523115,1.388063949,38.33058664,2830.804529,57.63435724,1.07421875,5334.041405,1.140663938,1.07421875,3.656082904,0.9999775337,9.278605548,0.9498409157,0.1038011141,0.9554943537,1.252659639,0.6093260931,0.6433335456,0.1092826308,0.9498409157,0.01077467129,0.01824108299,0,5.318761317,0.06538054511,0,1.179261267,0.9999863912,2.023313189,0.07908849479,0.1393188901,0.1601854592,0.57207822,-0.2359458593,0.8080240793,1.135222067,0.1227239095,0.01940975315,0.000537315703,0,0.0400412106,1.249861419,1.46484375,4.385198167,0.9996928444,8.184752991,0.0301638002,0.09070304591,0.09557523066,0.3410204094,-0.1111880388,0.4522084481,1.270744114,0.07137789967,0.008227042537,0.0001887943018,0.5859375,0.02836694114,0.9072354605,0.5859375,3.658836796,0.9999164173,6.803167974,,-0.000002087102782,0.03669317677,0.03669277309,0.7989507762,-0.8632091124,1.662159889,2.304239272,0.01592420423,0.001346389221,0.007731068465,479.7882188,0.00000305969925,37.96386719,0.0001212465203,72.22430984,49.62158203,0.00000305969925,10.80388753,0.9476118921,207.2177502,61.18863944,0.002354894774,78.87187809,0.000002876121976,0.02223396153,0.02223371707,0.1513855489,-0.1636037536,0.3149893026,1.39273467,0.0159642479,0.0004943490453,0.009406459033,483.5221658,0.000001001719162,95.09277344,0.00002639802385,94.88108313,73.42529297,0.000001001719162,11.37202999,0.9094800574,183.6030784,22.49370851,0.002304103517,23.57105149,-0.000000440859224,0.03001465955,0.0300143293,0.2752534152,-0.3610498167,0.6363032319,1.54919486,0.0193743604,0.0009008797881,0.01012661903,608.3551157,0.000001865526052,95.09277344,0.00003392737826,100.3070287,83.74023438,0.000001865526052,11.49540614,0.9206456782,210.9830647,40.94887909,0.00285819997,43.7526706,-0.000002021116444,0.02056128319,0.02056105705,0.2092256889,-0.2127442407,0.4219699295,1.515196411,0.01357004481,0.0004227663662,0.007469696172,490.9649887,0.0000008784667217,95.09277344,0.00002731435937,117.6411887,100.5859375,0.0000008784667217,11.69334299,0.8879275705,216.2653882,19.21302531,0.001989619072,20.28959714,-0.000006148822422,0.03610437818,0.03610398144,0.3012892971,-0.3133308025,0.6146200996,1.504260421,0.0240014147,0.001303526124,0.01300225487,647.7673142,0.000002563921687,43.21289063,0.00006852908572,78.43016251,60.36376953,0.000002563921687,10.95895259,0.9516726699,160.3640603,59.26773986,0.003336672481,63.57501599,-0.000006878850549,0.04145325807,0.04145280253,0.3786620839,-0.4568865863,0.8355486702,1.523191882,0.02721473148,0.001718372605,0.01474428215,775.8526777,0.000003569136629,56.82373047,0.00005385460154,92.64603333,76.66015625,0.000003569136629,11.30710085,0.9413205937,208.2094481,78.22941073,0.003871294722,81.28194971
9,1,-11.3385275,37.46146639,39.13237238,80.81769274,-202.9332335,283.7509263,1.355309117,27.64053301,1403.361464,33.01454055,0.78125,2260.783008,1.099338234,0.87890625,4.442131317,0.9998967921,9.985672924,-5.076451129,33.94825064,34.31875375,59.99513005,-117.9468896,177.9420197,1.33011724,25.52275065,1152.483722,23.56924336,0.87890625,2925.242747,1.002370533,0.87890625,3.459613097,0.9998708307,5.007778594,-0.3548690359,124.1401225,124.1149252,289.8185732,-155.2341635,445.0527368,1.210629416,102.5418025,15410.77001,308.4909512,0.87890625,30254.38578,1.25355644,0.9765625,3.388203128,0.9999776493,5.569318099,1.038730649,0.3573370073,1.09845265,1.65457129,0.1935249326,1.461046357,0.3440131545,1.038730649,0.1276897368,0.02418198169,0.09765625,5.464902732,0.2485406148,0.09765625,2.110972411,0.9999705757,2.23555689,0.106639967,0.2708834845,0.2910662477,0.9933980237,-0.3169082227,1.310306246,1.534499117,0.1765289282,0.07337786218,0.00172063104,0.87890625,0.1101034741,1.380105455,1.171875,4.246645118,0.999301116,9.511456311,-0.07837653887,0.1211564562,0.1442764378,0.4510858831,-0.2597561221,0.7108420051,0.9324869992,0.129928306,0.01467888688,0.0004181479372,0.09765625,0.03263487754,1.060495624,0.87890625,4.238361805,0.9998658286,6.75494835,,0.9676175449,0.9345920732,1.345255397,14.74898604,0.0007804192955,14.74820562,0.9658692922,0.9676175449,0.8734623433,0.6510969032,15092.16962,0.003732248491,0,4.049167481,66.63431308,0.1220703125,0.003732248491,6.899406561,0.7971624876,3.865443819,46553.17559,0.1565038919,26152.52428,0.9956751576,1.008881299,1.41745226,13.56413065,0.0006297080381,13.56350094,1.013263504,0.9956751576,1.017841476,0.6417636709,14671.61193,0.004090955186,0,4.268262873,56.92278357,0.244140625,0.004090955186,6.941294203,0.8527694251,4.053006517,51682.74651,0.1741333531,29663.19412,0.9966333104,1.387460846,1.708288817,17.21804334,0.0009336883543,17.21710965,1.392147776,0.9966333104,1.9250476,0.5005451863,13690.88433,0.005988801582,0,4.301679384,48.86491227,1.586914063,0.005988801582,7.424390748,0.9012314346,5.875328727,75060.56429,0.228963138,50079.94502,1.085280854,1.648700798,1.973814361,32.98452232,0.0001338661269,32.98438846,1.519146672,1.085280854,2.718214321,0.5943645259,11744.54632,0.009466633475,0,5.772402302,34.46275552,5.859375,0.009466633475,7.893057915,0.9510667107,6.614582739,100179.6293,0.2523066379,94670.34563,1.029899326,1.121947937,1.522961207,12.51564809,0.00003321092045,12.51561488,1.089376319,1.029899326,1.258767174,0.6409333362,13792.26153,0.00475918815,0,4.530971755,47.21529957,1.586914063,0.00475918815,7.116934965,0.8991379579,4.373017295,59685.51826,0.1927369423,33566.36438,0.9994642285,1.240468219,1.59299413,18.84226237,0.00001875820913,18.84224361,1.241133183,0.9994642285,1.538761403,0.551423819,13448.20227,0.005035543755,0,4.205242868,47.1780175,0.9765625,0.005035543755,7.189188929,0.9180015145,5.080201387,65259.21182,0.2047330295,39035.79534
10,1,2.128749138,28.14725951,28.22423508,109.4638598,-105.2420778,214.7059377,1.428072926,19.70995947,792.2682177,17.32518453,0.48828125,1517.988152,1.349372765,1.07421875,4.586046599,0.9999016499,17.62383172,6.213802409,17.60739317,18.6696644,37.9928644,-49.32150327,87.31436767,1.112167344,15.83160418,310.0202943,7.157731288,0.48828125,1270.156668,0.7737105017,0.48828125,3.48599301,0.9999280504,8.418017308,-0.9044516993,66.08571462,66.08388172,156.8485273,-135.7917766,292.6403039,1.197847268,55.17040144,4367.321677,85.69390319,0.48828125,13329.93811,0.8015128589,0.5859375,3.214192756,0.9999902107,9.090109401,1.023496849,0.136495444,1.032556189,1.334319706,0.4911618807,0.8431578251,0.1333618605,1.023496849,0.01863100623,0.02128214568,0,7.031515113,0.06332115123,0,1.128389708,0.9999894655,2.035059285,0.01965251133,0.182524133,0.1835570543,0.5641118107,-0.4101943423,0.974306153,1.267049924,0.144054413,0.03331505913,0.0006843298925,0.48828125,0.1021467058,1.038622234,0.5859375,4.034630666,0.9997984434,10.28240847,0.06686697741,0.0882787351,0.1107358828,0.2280554868,-0.314284236,0.5423397227,0.9757781084,0.09047009186,0.007793135071,0.0002581308218,0,0.03132515727,0.7065038021,0.48828125,3.85528274,0.9998221785,5.479759634,,0.0000004092276028,0.01006169565,0.01006157249,0.1461528389,-0.1365643448,0.2827171837,1.400747907,0.00718308812,0.0001012377193,0.004459876821,274.0630457,0.0000001981661116,99.54833984,0.00002581227063,149.3703633,109.0698242,0.0000001981661116,11.97073548,0.6319865931,95.47198647,4.135972868,0.001093760288,4.647222441,0.0000005702644775,0.01324033934,0.01324017728,0.1293729917,-0.125670243,0.2550432347,1.494270085,0.00886074042,0.000175306586,0.005030680079,269.1220688,0.0000003240284446,99.54833984,0.00002426175151,104.7457573,82.64160156,0.0000003240284446,11.46366013,0.873265399,141.0030444,7.182799998,0.001321658152,7.543106049,-0.00001320617677,0.01654506062,0.01654486335,0.5499471794,-0.2800893032,0.8300364827,1.963403433,0.008426724907,0.0002737390308,0.004281471776,309.7650021,0.0000006003878976,99.54833984,0.00002455039235,120.8717527,83.25195313,0.0000006003878976,11.26014668,0.7611572519,177.2463688,11.1813545,0.001314069194,12.48670661,0.0000009398207256,0.01048652017,0.01048639184,0.1483298334,-0.1532808465,0.3016106799,1.569774567,0.006680271415,0.0001099671052,0.00387468204,263.3764916,0.0000001933909486,99.54833984,0.00002291491701,145.6031578,110.8398438,0.0000001933909486,11.8967982,0.6805943397,110.0698034,4.493837713,0.001016138025,4.747039097,0.000003004848844,0.04779363868,0.04779305371,0.5036307128,-0.4356089031,0.9392396158,1.60475663,0.02978248401,0.002284231898,0.01373804849,674.503051,0.000004032987274,61.03515625,0.00007494232396,81.32936848,70.43457031,0.000004032987274,10.95865709,0.9754779036,163.9674499,93.59435566,0.004219357342,98.3118072,0.0000001071326344,0.007873013893,0.007872917516,0.1058054216,-0.09764486367,0.2034502853,1.422127353,0.005536082178,0.00006198434775,0.003417513615,213.8108072,0.0000001160676955,99.54833984,0.00002288075864,152.0422393,110.5957031,0.0000001160676955,11.82061256,0.6237855377,67.96033484,2.532228858,0.0008407003572,2.767167644
11,1,5.163492811,27.19103138,27.67309228,94.50794013,-78.35734974,172.8652899,1.300089511,20.9147379,739.3521877,15.46176147,0.5859375,1773.600166,1.225523258,1.07421875,4.233598795,0.999849848,9.239323438,7.084723757,18.49395793,19.80204236,49.80307049,-53.52835603,103.3314265,1.175180387,15.73712269,342.0264798,7.796990621,0.5859375,1090.430992,0.9357414372,0.5859375,3.762256676,0.9999725956,7.455042911,-0.3627238271,77.9314902,77.92106535,201.2281096,-122.387536,323.6156456,1.251080978,62.2913237,6073.317165,122.4668154,0.5859375,17889.85809,0.9439025847,0.68359375,3.268561508,0.9999818702,6.597695452,1.054219652,0.1419916237,1.063736276,1.391864611,0.6574200304,0.7344445806,0.1346888416,1.054219652,0.0201616212,0.02262360061,0,6.266300817,0.07756911798,0,1.272140426,0.9999887622,2.035672315,0.09799736181,0.1585616531,0.1863813568,0.3834361081,-0.3969259068,0.7803620149,1.005909419,0.1576301506,0.02514179785,0.0006908453155,0,0.05556894058,0.8888718096,0.9765625,3.896950758,0.9999773524,7.201248577,0.1365533344,0.09271554467,0.1650469614,0.3496260712,-0.1347435291,0.4843696003,0.6420317405,0.1444095966,0.008596172224,0.0005354802964,0,0.1042839232,0.5202012134,0.09765625,2.990089285,0.9999671356,2.920498653,,-0.0000001569790299,0.01089333201,0.01089318949,0.1280988096,-0.1535527504,0.28165156,1.365445224,0.007977860857,0.0001186646822,0.005094187391,270.8775777,0.0000002413034047,98.02246094,0.00008517223,145.8853272,98.6328125,0.0000002413034047,11.25446423,0.6758641812,33.48483804,4.538121005,0.001185328221,4.954631876,-0.000001490216593,0.02795730222,0.02795693648,0.4488622949,-0.3892005157,0.8380628106,1.643924972,0.01700643441,0.0007816107472,0.008663149095,344.0745941,0.00000155959312,98.02246094,0.0000818911213,72.1848417,57.43408203,0.00000155959312,10.80883164,0.9629190728,125.7660213,29.87465641,0.002430790312,33.94353465,-0.000003855851799,0.03178946295,0.03178904727,0.23046054,-0.3667141928,0.5971747328,1.887910493,0.01683843756,0.001010569955,0.00755751292,441.3270968,0.0000020098219,98.02246094,0.00009527149816,107.1633554,86.97509766,0.0000020098219,11.60276151,0.8967919959,166.887591,38.90059906,0.00271659776,48.0763675,0.000002227776051,0.02627663111,0.02627628742,0.3015051036,-0.2611608286,0.5626659322,1.62889748,0.01613154384,0.0006904613427,0.008099428162,495.1526622,0.000001419068176,98.02246094,0.00007188755351,125.3119323,109.7412109,0.000001419068176,11.75790526,0.8850432528,164.0415815,26.39396583,0.002441789993,28.02996691,0.000003329960499,0.02880950747,0.02880913074,0.2287715781,-0.2313188764,0.4600904545,1.532094423,0.01880400257,0.0008299877206,0.010093129,399.0976129,0.000001671509816,98.08349609,0.00007812246907,76.68217185,61.70654297,0.000001671509816,10.86969985,0.9576127406,130.1283853,31.72428508,0.002661801752,34.58896747,0.0000006486449006,0.02890379679,0.02890341864,0.2916111206,-0.4443961738,0.7360072944,1.739470675,0.01661643235,0.000835429469,0.007925946799,447.7463656,0.000001730870716,98.02246094,0.00008726647349,103.3345337,93.26171875,0.000001730870716,11.37692029,0.9457202607,158.7106095,31.92898817,0.002416005665,32.89708905
12,1,-4.42288116,36.93542272,37.19141124,118.3687984,-142.926689,261.2954874,1.308883033,28.21904004,1364.225452,25.86877135,1.66015625,1161.598819,1.631687597,1.5625,5.036778819,0.9998018219,16.15740501,4.433740648,20.50239386,20.97201875,77.41595352,-61.01244018,138.4283937,1.323963509,15.48561854,420.3481539,7.959858807,1.66015625,262.7344707,1.533048837,1.5625,4.982549859,0.9995470986,16.1007754,0.4211144954,120.9359831,120.9107282,262.5363901,-184.4425042,446.9788942,1.213257021,99.67878283,14625.512,294.2389941,0.87890625,25759.14308,1.213565023,0.9765625,3.809852721,0.9999728214,10.65855529,1.038083225,0.1931444598,1.055890872,1.423737568,0.5288113469,0.8949262208,0.1860587428,1.038083225,0.03730478233,0.02231276077,0.09765625,5.428619175,0.1423889546,0.09765625,1.797174287,0.9999819555,2.068286382,-0.005234245768,0.2263810508,0.2263929198,0.5820902438,-0.4388506691,1.020940913,1.217403709,0.1859539683,0.05124838016,0.001038959338,0.87890625,0.07405303337,1.420747051,1.3671875,4.378422866,0.999765286,13.28990634,-0.0001672832183,0.1139812886,0.1139569177,0.4686570079,-0.2990920259,0.7677490338,1.295468294,0.08798462238,0.01299173416,0.0002518946748,1.66015625,0.01486649058,1.950478965,1.7578125,4.762000076,0.9961797863,14.41959441,,0.000006158399097,0.01139027132,0.01139005252,0.1279751057,-0.1781264733,0.306101579,1.363626518,0.008352925947,0.0001297382808,0.00522638741,183.6545956,0.000000256913703,99.12109375,0.00005683251318,128.0967543,99.12109375,0.000000256913703,10.37115699,0.7616859482,34.46912807,3.403651347,0.001308527236,3.60733482,-0.00001353873808,0.03598434396,0.03598364999,0.3014344565,-0.265966835,0.5674012915,1.503075372,0.02394047872,0.00129487301,0.01293490907,336.3239285,0.000002631367874,37.84179688,0.00006897758176,72.08184104,56.39648438,0.000002631367874,9.81311459,0.9576009188,115.8964198,33.65800736,0.00358616927,36.16631639,-0.000006504806771,0.0399311142,0.03993034182,0.5537405122,-0.7619175868,1.315658099,1.709371152,0.0233601194,0.001594493881,0.01179154896,471.7086881,0.000003258330819,99.12109375,0.00008478582703,116.7440065,85.69335938,0.000003258330819,10.67008434,0.8004008115,139.381136,41.37364009,0.003763190115,42.61877887,-0.000001813182084,0.01826215912,0.01826180573,0.2562584978,-0.1989660197,0.4552245176,1.490729033,0.01225048866,0.0003335064557,0.007183906312,228.2199331,0.0000006803854413,99.12109375,0.00005535592075,89.92407432,55.29785156,0.0000006803854413,9.931205198,0.8918141603,71.70798013,8.663589308,0.001855677769,9.507102897,0.00001443210205,0.05016187324,0.05016090438,0.3821490278,-0.4195514276,0.8017004555,1.446839899,0.03466995435,0.002516213527,0.01980546403,535.9511645,0.000005198534334,99.12109375,0.00008977873117,84.74563163,73.60839844,0.000005198534334,10.0142109,0.9592788615,131.0793463,65.10342004,0.005030076361,67.57441274,0.00001524933642,0.04920443691,0.04920348687,0.3724175033,-0.944246305,1.316663808,1.567704897,0.03138628769,0.002421076611,0.01604931016,599.4335439,0.000004661769252,99.12109375,0.00009475140354,113.618823,99.48730469,0.000004661769252,10.64808454,0.900397801,167.0497256,62.60357288,0.004780845709,66.91128948
13,1,-0.2759370059,42.76849218,42.76474149,133.838648,-167.8738645,301.7125125,1.331627304,32.11746414,1829.143923,36.05411343,0.390625,2100.797969,1.604336197,1.5625,4.838347897,0.9993059858,17.2900009,1.582457461,24.66274636,24.71079179,55.17033736,-51.29092936,106.4612667,1.157073334,21.31476514,608.2510582,12.10621551,0.390625,2437.174809,0.6326582427,0.48828125,2.746133964,0.9998656564,5.780289342,-0.0224873966,34.74224293,34.73848023,136.7673618,-56.39129958,193.1586614,1.320745718,26.30502031,1207.023444,24.99977676,0.390625,2900.757658,0.9677087545,0.78125,3.96672827,0.9999904512,9.580180835,1.007954123,0.06417003847,1.009994264,1.273102312,0.884952761,0.3881495512,0.06366364997,1.007954123,0.004117793837,0.02038100737,0,7.634116109,0.0323921845,0,0.8907057449,0.999999715,2.007666904,-0.1066698167,0.1714081342,0.2018732826,0.3541011016,-0.5189882098,0.8730893114,0.9931851417,0.1725842716,0.02938074847,0.0008090741854,0,0.07918563308,0.8227388681,0.48828125,4.198729598,0.9993312413,7.1570441,0.1315425567,0.1321194452,0.1864274763,0.3718504319,-0.4028369229,0.7746873548,0.8367290688,0.1578999106,0.01745554779,0.0006853661971,0,0.1305654485,0.4956544871,0.09765625,3.372458925,0.999929199,4.015392622,,0.4231790462,0.7679809977,0.8768471925,15.61515612,-0.1236825002,15.73883862,1.796091564,0.4275845471,0.5897948128,0.03903990666,12989.7531,0.001695565526,0.06103515625,3.724195223,93.26456283,0.1220703125,0.001695565526,7.440302083,0.6376893483,8.584752258,31702.22806,0.0643217144,20416.19895,0.4245096596,0.9349087207,1.026762654,25.93554102,-0.2397664168,26.17530744,2.168181521,0.4311948568,0.874054316,0.04325745968,11246.2418,0.002551849805,0.06103515625,3.951704912,58.31476933,1.770019531,0.002551849805,8.348565819,0.8257484237,11.69490145,43465.26166,0.08866626126,29122.13107,0.3519227564,0.9123362691,0.9778480898,20.1829397,-0.4484485792,20.63138828,2.494379135,0.3657568557,0.832357468,0.05435094948,10151.31606,0.002086061911,0.06103515625,2.639016632,68.53688003,1.647949219,0.002086061911,8.680015095,0.7827104152,15.4236795,39408.28301,0.08511540944,31871.17987,0.3839786445,0.7827653048,0.8718636627,20.69575394,-0.213538882,20.90929282,2.005301894,0.3903478609,0.6127215225,0.04173525658,11420.56252,0.001688616592,0.06103515625,3.103700461,76.01568468,0.6713867188,0.001688616592,8.036902615,0.7256894902,10.30756318,31389.39638,0.07153843872,20310.93405,0.4654902716,1.052792411,1.1510978,20.66686143,-0.2272723483,20.89413378,2.221063613,0.4740037184,1.108371861,0.04701088389,12078.60101,0.003129952524,0.06103515625,4.784987,57.68019107,0.8544921875,0.003129952524,8.130585186,0.8440713949,12.22427655,54798.75569,0.1006733246,38464.55438,0.399814422,1.137492247,1.205698458,51.42252787,-0.4972689389,51.91979681,2.80065595,0.4061520827,1.293888612,0.03834261311,11219.41066,0.003050558457,0.06103515625,3.320975396,63.24923075,9.826660156,0.003050558457,9.360879909,0.848271722,18.17498476,59910.50395,0.1007619864,50221.6842
14,1,6.536172092,24.02330662,24.89231082,121.7670968,-128.3227995,250.0898963,1.542808823,15.57114936,577.1192609,11.68259345,0.09765625,438.2536082,1.786431865,1.7578125,5.26023988,0.9992327757,22.03348579,0.7706564062,14.76195247,14.77932585,36.95493024,-33.5726941,70.52762435,1.178433912,12.52675463,217.9152406,4.429632478,0.68359375,592.1600016,1.015118098,0.78125,3.567279442,0.9995164508,7.807960657,-0.1062077716,40.19748939,40.19018781,122.3399275,-67.65035479,189.9902823,1.275708565,31.50993142,1615.838153,32.3749933,0.68359375,2472.355405,1.37407476,1.26953125,4.305148451,0.9994144848,11.98174526,1.035988149,0.0716398532,1.038461272,1.250788382,0.8153422464,0.4354461356,0.06915122845,1.035988149,0.005132268566,0.0215428945,0.09765625,5.417047978,0.07496735908,0.09765625,1.38607293,0.9999810585,2.00881296,-0.06859754228,0.1200033924,0.1382067485,0.4241234261,-0.3893433421,0.8134667683,1.049202009,0.1143758699,0.0144008142,0.0003727543272,0.09765625,0.02446331816,1.346915832,1.46484375,4.615045787,0.9999398499,8.004119831,0.08280365638,0.09349355787,0.124876958,0.2470967069,-0.2223474026,0.4694441095,0.8469588813,0.1103873635,0.008741045363,0.0003142323866,0.09765625,0.03449900662,0.9221165254,0.68359375,4.195720001,0.9998242247,4.544539331,,0.000004289253029,0.01091175081,0.01091156622,0.1014854745,-0.1047390226,0.2062244971,1.359294661,0.008027509505,0.0001190663058,0.005099018929,204.0631162,0.0000002392013346,99.85351563,0.00007416738266,136.204781,99.85351563,0.0000002392013346,10.15713596,0.7117046187,39.08500565,3.510686794,0.001221531755,3.862002091,-0.000007103255187,0.03430860844,0.03430802613,0.2016474005,-0.2524449947,0.4540923951,1.456528632,0.02355505252,0.001177080613,0.0122699317,468.1212474,0.000002363636616,99.85351563,0.00008862204518,101.2366861,87.890625,0.000002363636616,10.39061602,0.9416411595,156.088767,34.90887206,0.003368063649,36.93713799,0.000004601478686,0.01278587306,0.0127856566,0.1680188237,-0.1467072922,0.314726116,1.38325681,0.009243311126,0.0001634785499,0.005688259491,223.8338926,0.0000003323502953,99.85351563,0.00008250480271,126.7181232,99.85351563,0.0000003323502953,10.24399957,0.8137233875,48.54967095,4.836312627,0.001345883748,5.08495782,0.000006216906925,0.02078490164,0.02078454935,0.2395952756,-0.2397288801,0.4793241557,1.618094722,0.01284529352,0.0004320121364,0.006908185725,320.3307344,0.0000008601481533,99.85351563,0.00006443484542,125.5441717,103.515625,0.0000008601481533,10.76202587,0.8457132041,136.1554286,12.71465677,0.002022340228,13.38570418,-0.000006920745969,0.03224567733,0.03224513009,0.3163361096,-0.2092967825,0.5256328921,1.532327563,0.02104359284,0.001039783707,0.01099455124,412.5185817,0.000002137019351,99.85351563,0.00006403833422,97.18402214,79.22363281,0.000002137019351,10.36976828,0.9410343411,158.484775,30.64198369,0.003173326626,32.42908747,0.00001589454153,0.01911089454,0.01911057637,0.1709809732,-0.1724366833,0.3434176565,1.512517373,0.01263515704,0.0003652262901,0.007202073964,294.4644541,0.0000007366598358,99.85351563,0.00007937116523,116.1374696,99.12109375,0.0000007366598358,10.54782656,0.8636247561,98.78448096,10.74719198,0.001922682646,11.56229728
15,1,0.258315694,18.94843055,18.94730982,68.63493941,-73.63182837,142.2667678,1.569086041,12.07609401,359.0430203,7.484385603,1.7578125,361.6811037,1.687135947,1.7578125,4.878962701,0.999793824,20.87217415,1.692363457,14.42593491,14.52268567,41.94793652,-28.84693699,70.79487352,1.217586703,11.84797344,208.1075981,4.16785251,0.5859375,230.8125623,1.567902635,1.66015625,4.724532792,0.9998609108,17.93475681,-0.2409393646,52.10205337,52.09468688,179.5096226,-112.7940867,292.3037093,1.540491889,33.82169926,2714.623965,53.47722887,1.26953125,3749.641684,1.38719064,1.26953125,4.194199809,0.9999623745,15.98870698,1.033444065,0.09928410397,1.038200833,1.305474283,0.6249741747,0.6805001082,0.09607109602,1.033444065,0.009857333302,0.02147609068,0,5.709538237,0.06955924187,0,1.242427682,0.9999842566,2.017834338,0.04480253008,0.1544397061,0.1607844376,0.6162389598,-0.3016245748,0.9178635346,1.558496554,0.09909531444,0.02385162282,0.0005259099875,0.5859375,0.02404165446,1.357531104,1.26953125,4.757233859,0.9994552592,18.89004038,-0.04684170237,0.07678153227,0.08993195079,0.2422478031,-0.268958428,0.5112062311,1.176591574,0.06525759145,0.005895403697,0.0001629120374,0,0.01266102208,1.253878017,1.171875,4.696652975,0.999760915,7.357233128,,-0.000002702296924,0.009524701073,0.009524556765,0.152649561,-0.1295435003,0.2821930613,1.480083646,0.00643524513,0.00009071993054,0.003890000525,188.5101077,0.0000001816058377,153.1982422,0.000003844321383,147.133361,108.5205078,0.0000001816058377,11.19369897,0.6086798871,201.3076006,2.987245339,0.001052970953,3.439034297,0.0000001555542359,0.00349837218,0.003498319039,0.0636433918,-0.08510741409,0.1487508059,2.106515546,0.001660738838,0.00001223860791,0.0008376856734,68.20025813,0.00000002493923931,99.609375,0.0000005877465597,204.633978,189.6972656,0.00000002493923931,11.55097607,0.3213036621,241.8955278,0.4029857228,0.0003111214478,0.4692611118,-0.0000001545938828,0.004921966396,0.004921891628,0.1052491319,-0.1018803033,0.2071294352,2.164644614,0.002273798832,0.0000242257532,0.001113648531,93.24734491,0.00000004856242931,99.609375,0.0000005451425103,201.3176142,184.9365234,0.00000004856242931,11.55928499,0.3380901265,288.8889079,0.7980846892,0.0004343847392,0.9350403582,0.000009381054871,0.04846784361,0.04846710823,0.422462972,-0.4387943761,0.8612573481,1.703206337,0.02845682437,0.002349131864,0.0129021027,647.0135962,0.000004458709831,89.23339844,0.00005789425714,105.5997775,89.23339844,0.000004458709831,10.53523334,0.9124409545,181.4480684,77.42739831,0.004446660672,86.61496473,0.00001161531363,0.05726511295,0.0572642442,0.5624172236,-0.5010211639,1.063438388,1.711417105,0.03346064076,0.003279293161,0.01420805316,566.2203312,0.000005997031988,35.88867188,0.0001351585234,70.65025401,59.93652344,0.000005997031988,9.724237306,0.9818418483,133.9307852,108.4658025,0.004722609636,112.899941,-0.000003764648734,0.03225915668,0.03225866684,0.2325670461,-0.250691894,0.4832589401,1.483338193,0.02174767482,0.00104065319,0.01194161778,475.8164149,0.000002021675803,73.73046875,0.00002347938215,100.5670753,86.05957031,0.000002021675803,10.44296757,0.9353908743,174.516819,34.27434808,0.003210727368,35.68413726
1,2,2.392131047,30.98912831,31.07708695,109.4255674,-79.57394223,188.9995096,1.341310986,23.10361179,960.3260734,19.62153332,0.5859375,1985.615525,0.8788960781,0.5859375,4.115114049,0.9998950658,11.63319411,-3.16070287,33.23504516,33.38046931,96.74152599,-45.79804824,142.5395742,1.225253419,27.1250377,1104.568227,22.08826419,1.07421875,1984.854351,0.9595538855,0.9765625,3.762720561,0.9998454991,11.29108236,1.747188221,87.82510188,87.83045341,271.1808761,-126.2516251,397.4325012,1.32872669,66.09719106,7713.24852,151.0777813,0.5859375,13915.58016,0.9807158216,0.9765625,3.614090961,0.9999698707,10.76578263,0.9473025868,0.1709327435,0.9625965879,1.486776221,0.4028389585,1.083937262,0.1804415463,0.9473025868,0.02921800281,0.01841889756,0,5.30909962,0.09186278484,0,1.339847459,0.9999877648,2.064516595,-0.02244216016,0.1778786901,0.179264644,0.5663491343,-0.4294595621,0.9958086963,1.162252195,0.1530465513,0.03164082839,0.0006344979811,0.5859375,0.09654108603,0.9550742681,0.5859375,3.670095842,0.9998335976,9.477081852,-0.1371832055,0.1048986567,0.1726845278,0.2283071587,-0.4606730757,0.6889802344,0.70338218,0.1491346521,0.01100372817,0.0005801732471,0,0.1122914524,0.4800697493,0.09765625,3.115313535,0.9999640076,3.16724078,,-0.00001041803085,0.08042972619,0.08042863489,1.241521306,-1.126591444,2.36811275,2.118210927,0.03797059355,0.006468940855,0.01286987336,948.1538501,0.00001561551922,77.75878906,0.0002927774319,100.2991024,84.71679688,0.00001561551922,10.20382478,0.9446910965,227.0748363,239.0392301,0.005522989033,241.4740148,0.000007390841803,0.06713942524,0.06713851411,0.6185536758,-0.8416807366,1.460234412,1.707259794,0.03932583985,0.004507702422,0.01707655761,1109.661025,0.000009068865818,68.72558594,0.0001193695708,114.5421484,99.97558594,0.000009068865818,10.61590678,0.9065700341,223.5185826,168.6139462,0.005765204037,169.85308,0.000002503013215,0.01983966074,0.01983939154,0.1950342356,-0.2073329259,0.4023671615,1.68490812,0.01177492143,0.0003936121381,0.005942445461,356.8535003,0.0000008584330392,63.96484375,0.00001499294849,109.1057121,87.52441406,0.0000008584330392,10.61343813,0.8649178843,211.4052499,14.49976995,0.001761165464,15.216439,0.000004892369721,0.02956922346,0.02956882241,0.4627478403,-0.4060185438,0.868766384,2.084873524,0.01418274208,0.000874338976,0.005810957723,390.0856855,0.000002018176263,60.91308594,0.0000659720575,94.76032637,78.97949219,0.000002018176263,9.987822206,0.934036251,231.6212706,32.20915605,0.002082486352,34.53311361,-0.000006903169785,0.02583607731,0.02583572747,0.2647616859,-0.205679582,0.4704412679,1.604041801,0.01610686037,0.0006675028909,0.00792554914,465.2392338,0.000001469485002,99.48730469,0.00001666568645,119.5548526,97.53417969,0.000001469485002,10.79481791,0.8527401598,218.6281524,24.58411929,0.002398958207,25.8630362,-0.000001728023217,0.06010660097,0.06010578494,0.8402471856,-0.975743616,1.815990802,2.247829019,0.02673984563,0.00361280348,0.009499705226,671.8432,0.000007972010682,59.93652344,0.0001051576072,93.62741059,80.68847656,0.000007972010682,10.27838645,0.9442904727,211.6909739,133.0507206,0.004034498347,133.796985
2,2,2.042020918,13.2395955,13.39446487,38.67643094,-46.30853154,84.98496248,1.26623367,10.45588647,175.2868889,3.540128848,1.5625,193.5713921,1.848787548,1.66015625,5.028680512,0.9999015989,21.54003295,-0.3094064924,16.44966275,16.45045878,27.67221309,-55.991354,83.66356709,1.354774793,12.14199056,270.5914046,5.400060906,0.48828125,452.3570864,1.065454695,0.9765625,3.836396428,0.9999538358,11.25534039,0.3838459229,82.61244422,82.60271955,239.1834077,-118.2525615,357.4359692,1.398251852,59.08266391,6824.81594,136.1578243,0.9765625,11942.91573,1.179332277,1.07421875,3.717650702,0.9999757836,12.98539507,1.051794203,0.1820600254,1.067430738,1.528080425,0.4923271582,1.035753267,0.1730947222,1.051794203,0.03314585286,0.02274977843,0,7.009279966,0.08764699887,0,1.269542901,0.9999872978,2.059363048,0.08660410949,0.1696093846,0.1904211696,0.7515323085,-0.2005653602,0.9520976688,1.318311074,0.1286565728,0.02876734334,0.0007144795127,0,0.04965530745,1.304476445,1.46484375,4.448033297,0.9997559449,9.572691889,0.08745407931,0.06461579859,0.1087306046,0.2171598875,-0.1201168332,0.3372767207,0.6598537468,0.09792442478,0.004175201428,0.0002366452633,0,0.04799121246,0.5166527736,0.09765625,3.055809995,0.9999614619,3.090155301,,-0.000004014849006,0.02065586051,0.02065562548,0.1564463966,-0.1590113861,0.3154577827,1.506061286,0.0137151527,0.0004266645734,0.007480192938,468.7181803,0.0000008598667355,98.08349609,0.00003084241292,111.5320399,88.43994141,0.0000008598667355,11.69730318,0.853999142,187.5253344,18.7467214,0.002032372962,19.699537,0.000004781267388,0.0346019478,0.03460155376,0.2861364277,-0.2760592247,0.5621956524,1.629219441,0.02123835927,0.001197294792,0.009862423027,603.2610416,0.000002470943646,98.08349609,0.00004307070816,92.81211846,77.39257813,0.000002470943646,11.31432822,0.9427192056,189.4277627,52.68444335,0.003084125129,57.15777499,0.000000910407648,0.01807430497,0.018074099,0.1899869287,-0.3336440819,0.5236310106,1.578887507,0.01144749382,0.0003266805003,0.006181980651,372.937784,0.0000006847789527,98.08349609,0.0000347493045,105.690586,83.74023438,0.0000006847789527,11.56574854,0.881127382,156.9264134,14.44293861,0.001690582494,15.45731152,-0.0000002175991091,0.04920279263,0.04920223185,0.4647395308,-0.3959743306,0.8607138614,1.644353457,0.02992227275,0.002420914803,0.01416681628,1120.15133,0.000004883639706,102.9052734,0.00003936993744,129.2489416,110.6567383,0.000004883639706,11.9306038,0.8427777065,250.5011582,106.2374847,0.004540951191,110.4744385,-0.000006558319309,0.03600188183,0.0360014721,0.3843937249,-0.3421673182,0.7265610432,1.619958226,0.02222395692,0.001296135495,0.01136753221,596.4911151,0.000002718862088,42.29736328,0.00006060709153,81.74264888,63.11035156,0.000002718862088,11.05238549,0.9574869401,168.6621402,57.06581593,0.003258624914,60.02276443,-0.00000345936891,0.05070713656,0.05070655875,0.3877171554,-0.5624416132,0.9501587687,1.621045802,0.03128050823,0.002571213698,0.01501659046,1057.368122,0.000005195437842,98.08349609,0.00005986015387,119.4306808,104.675293,0.000005195437842,11.76247806,0.8983967231,232.9943599,112.8359227,0.004642224298,116.6621611
3,2,3.205507482,31.7649542,31.9193613,119.1091785,-100.6743478,219.7835263,1.407738537,22.56452698,1009.012315,21.21024479,1.7578125,765.5867102,1.760300797,1.7578125,4.020804914,0.9983262239,18.74598647,2.970462413,11.71728424,12.08545651,34.41185854,-36.27047092,70.68232946,1.177614722,9.950015077,137.2947499,3.139436855,1.7578125,102.4835965,1.75352319,1.7578125,4.030199499,0.9990101398,17.15370343,1.840833119,67.19778469,67.208281,196.8010789,-103.6982258,300.4993048,1.305639443,51.46733661,4515.542267,87.04263416,0.9765625,5353.159727,1.408249358,1.171875,3.320381998,0.999940308,7.77227681,1.024388371,0.1289597185,1.032470271,1.395919017,0.6585631224,0.7373558946,0.1258894791,1.024388371,0.01663060899,0.02118138426,0,3.885246756,0.08601162142,0,1.011936762,0.9999707026,2.030778825,-0.3195670964,0.240432923,0.3998822308,0.4160427736,-0.9376681986,1.353710972,0.6509310324,0.369367738,0.05780799048,0.003236186937,0,0.3916092334,0.7304978337,0.1953125,2.838556538,0.9997007003,3.129085403,0.04488037507,0.1127062763,0.1212905139,0.4918499911,-0.2593781218,0.7512281129,1.277242751,0.08824186024,0.01270270473,0.0002911576543,1.7578125,0.01065985273,2.013962585,1.953125,4.137959483,0.99887011,12.70196651,,0.0000009266256498,0.01457139578,0.01457111485,0.1129790226,-0.1713937791,0.2843728016,1.469756712,0.009914154947,0.0002123255749,0.005757706544,188.55663,0.0000004336632139,95.09277344,0.00001915284601,101.5604321,74.34082031,0.0000004336632139,10.43217825,0.8507873582,108.8657383,5.519155094,0.001592759207,5.783673914,-0.000005262536982,0.02835946675,0.02835892043,0.3080859616,-0.1995026448,0.5075886064,1.621377588,0.01749097,0.0008042593542,0.008068608987,269.5694449,0.000001657248527,33.203125,0.00003404270152,82.9885356,71.2890625,0.000001657248527,10.04981589,0.9611680071,143.9154548,21.30373609,0.002649090789,21.44990858,0.00002526364006,0.07119252314,0.07119115493,0.6615035413,-0.7088895075,1.370393049,1.835540935,0.03878558184,0.005068375351,0.01445450402,610.2439745,0.00001019423908,58.95996094,0.0001662460466,90.44519587,73.85253906,0.00001019423908,10.26824061,0.9520435597,149.8257533,131.4751428,0.006125580014,149.8525308,0.000003736357487,0.01731793866,0.01731760515,0.2112630045,-0.3777354221,0.5889984266,1.630300526,0.01062254375,0.0002999109995,0.005856594202,228.7145512,0.0000006403668851,95.09277344,0.00002226735272,120.6638159,103.515625,0.0000006403668851,10.74576014,0.876531077,145.3790421,7.787138679,0.001696647014,8.032793192,0.000006647845812,0.04868164526,0.04868070707,0.5010989143,-0.4538402648,0.9549391791,1.721672915,0.02827578039,0.002369902585,0.0123445519,432.7166155,0.000004940830031,68.60351563,0.0000753018852,84.57386219,72.99804688,0.000004940830031,10.09245856,0.9712294437,155.2627559,61.48185399,0.004235414323,65.95028591,0.000006819926261,0.03530220784,0.03530152783,0.3889623931,-0.3932860674,0.7822484605,1.675742864,0.02106660192,0.001246245879,0.01036508022,348.4801111,0.000002579115404,95.09277344,0.00003489926338,91.3359808,79.58984375,0.000002579115404,10.25646905,0.9581141099,157.0921903,32.36850041,0.003284067758,33.16551568
4,2,0.6513987579,32.27851103,32.28042194,105.976,-198.232,304.208,1.530407947,21.09144237,1041.902274,22.19849488,2.83203125,793.811338,3.079411703,2.83203125,5.772593572,0.9933365686,27.50812888,0.7917935683,30.35237918,30.35832259,68.415,-56.829,125.244,1.138572641,26.65827203,921.2669219,18.71059773,0.5859375,3780.539953,1.148941149,0.5859375,3.266419909,0.9965945774,4.50499301,0.2352251589,44.31284529,44.30706935,166.159,-98.659,264.818,1.285028676,34.48393496,1963.628258,41.06082353,0.5859375,3923.96285,1.721148972,1.171875,4.571990531,0.9975803786,8.652660123,1.026581883,0.07779935429,1.02952482,1.209381379,0.758794828,0.4505865506,0.07578485025,1.026581883,0.006052739528,0.02115312737,0,5.93875393,0.05808862156,0,1.161394353,0.9999868564,2.010899185,-0.1312916157,0.1047642002,0.1679578987,0.1506051261,-0.4417063605,0.5923114866,0.761715293,0.1375372153,0.01097553765,0.0005552887095,0,0.09443897612,0.717631533,0.09765625,3.47360629,0.9999021609,3.271535412,-0.00003772783331,0.1213089848,0.1212914693,0.2148827865,-0.3800435276,0.5949263141,1.134559016,0.1069217053,0.01471586979,0.0003169193795,0.5859375,0.05094718132,0.9834504926,0.5859375,3.68348062,0.9999660397,5.344163792,,0.00000003970046369,0.01148346196,0.01148330286,0.1113257496,-0.1106774331,0.2220031827,1.378651658,0.008329487652,0.0001318698986,0.005146115192,266.5063525,0.0000002647452635,97.16796875,0.00001916256591,140.0416925,109.1308594,0.0000002647452635,11.02910344,0.7047217402,131.8240627,4.759783686,0.00127706421,5.283414118,0.000001168551357,0.01410833424,0.01410813882,0.1238922111,-0.1054324163,0.2293246274,1.468012876,0.009610497611,0.000199045095,0.005326371037,254.5558039,0.0000003981972779,97.16796875,0.00002118918709,104.4184519,85.44921875,0.0000003981972779,10.4615096,0.8993821145,143.9133581,7.187098739,0.001384601772,7.691118292,0.000001497179054,0.02005616688,0.02005588907,0.1528172667,-0.2242612136,0.3770784803,1.595648237,0.01256929091,0.00040224983,0.00671285253,351.8346552,0.0000007963327293,97.16796875,0.00003023060721,109.7788254,91.796875,0.0000007963327293,10.59784193,0.8900786194,173.6382897,14.51927903,0.001889850013,15.93105182,0.000000507665537,0.009240550727,0.009240422715,0.09346167333,-0.1100605306,0.2035222039,1.408495724,0.006560581313,0.00008538777773,0.004047864162,239.4340384,0.0000001679657152,97.16796875,0.00002301153069,160.3852243,137.3291016,0.0000001679657152,11.01011536,0.6342612414,84.80872591,3.082467456,0.0009892811711,3.389531073,0.000006781617286,0.04516890179,0.0451682765,0.3516577614,-0.3582651209,0.7099228823,1.537319992,0.02938158745,0.002040229689,0.01510513052,639.6550704,0.000003980309182,81.29882813,0.00007104196282,89.31177585,76.29394531,0.000003980309182,10.19096235,0.9519436665,170.3631373,73.66495716,0.004236218636,81.5035383,0.0000007493470074,0.02384951993,0.02384918952,0.1853194687,-0.1843787964,0.3696982652,1.552330966,0.0153636824,0.0005687996011,0.007971586888,436.4734814,0.000001130028232,97.16796875,0.00002465330318,118.282482,102.4169922,0.000001130028232,10.73088392,0.8911055021,200.6775024,20.53024072,0.002253908117,21.01991714
5,2,-0.106735881,16.12769706,16.12542259,32.54598769,-67.99586161,100.5418493,1.472136213,10.95530218,260.1026126,5.200513319,0.68359375,446.3428402,1.397909663,1.171875,4.581667112,0.9999226318,10.1357522,1.737710884,12.25659159,12.37718577,42.15173656,-18.37833402,60.53007057,1.24128056,9.874150923,150.2240374,3.170650398,0.68359375,240.4948048,1.293750116,1.26953125,4.333707883,0.9998678657,13.37077946,-0.03752158317,61.66930169,61.65926515,227.468131,-85.087568,312.555699,1.499180602,41.13533859,3803.10277,75.99710359,0.68359375,4014.450121,1.571720767,1.46484375,4.506342133,0.9999602382,14.65062304,1.019501395,0.192357748,1.037483755,1.427266157,0.3291700818,1.098096075,0.1886782588,1.019501395,0.03700150323,0.02146303083,0,5.188449089,0.1286584072,0.09765625,1.53630771,0.9999824633,2.07047712,0.2246906287,0.1704029466,0.2819815267,0.8839020786,-0.3807556868,1.264657765,0.7126432115,0.2391139688,0.02903716421,0.001574987369,0,0.257705779,0.7891202387,0.09765625,3.458685166,0.9999234837,3.148317876,0.06447751459,0.1045539027,0.1228222559,0.3756646794,-0.2781989627,0.6538636421,1.018539013,0.1026508571,0.01093151857,0.0003004481873,0.09765625,0.02218940794,1.368403748,1.3671875,4.564835718,0.9997063121,7.217536418,,0.000002459981501,0.01779514131,0.01779485391,0.1612805222,-0.1171574242,0.2784379464,1.46051766,0.01218413293,0.0003166670543,0.006818240544,294.4730238,0.0000006442778596,99.36523438,0.00003826781776,111.2459513,86.9140625,0.0000006442778596,10.61875315,0.8481528981,128.1469724,9.811230423,0.001831262068,9.876904955,0.000001761032226,0.03681050395,0.03680990913,0.2617012895,-0.2574230914,0.519124381,1.44161109,0.02553428189,0.001355013201,0.01369118989,510.5735614,0.000002724675535,72.63183594,0.00003358112697,95.13047548,82.88574219,0.000002724675535,10.26531102,0.9587300329,164.7195955,41.95993345,0.003678767343,42.66779098,0.000004585499247,0.02469993304,0.02469953431,0.2131543601,-0.3311390029,0.544293363,1.611236379,0.01532980099,0.000610086692,0.00828442387,369.2983712,0.000001241298798,99.36523438,0.00002344204868,115.0766705,91.06445313,0.000001241298798,10.738649,0.8572296095,183.5674057,18.89980297,0.002376142012,20.89698654,0.0000005302610999,0.04159115266,0.04159048056,0.6490029169,-0.363485272,1.012488189,1.907103442,0.02180854575,0.00172982398,0.009193754755,538.0894392,0.000003350591243,99.36523438,0.00004282360334,116.0122136,95.703125,0.000003350591243,10.75753214,0.8671406592,197.2057148,53.60272242,0.003400416955,56.68480883,-0.00001431687566,0.04843050818,0.04842972766,0.486248999,-0.4764666089,0.9627156079,1.657011315,0.02922762671,0.002345514122,0.01403773849,579.9863885,0.000004449281731,61.40136719,0.00007001876016,90.80896911,76.29394531,0.000004449281731,10.22328349,0.9537435401,153.9964072,72.66347835,0.004375151172,77.24575536,-0.000004836574248,0.04983511857,0.04983431347,0.6669686215,-0.515358175,1.182326797,1.718424004,0.02900047861,0.002483539043,0.01330221418,671.6703862,0.000005172301815,99.36523438,0.00006606942901,116.1923448,104.9804688,0.000005172301815,10.65112052,0.9215232234,194.2751345,76.84336646,0.004395420933,80.10399644
6,2,1.13907752,31.02934524,31.04515869,121.1504947,-124.6838806,245.8343753,1.425124197,21.77308146,962.8202661,19.79215022,1.26953125,940.8347471,1.452333413,1.26953125,4.856144094,0.9998680188,16.9149201,2.992232687,22.16126185,22.35875341,73.76851167,-63.29686638,137.0653781,1.435371443,15.43939163,491.1215266,10.16546748,0.68359375,1097.656496,1.100869303,0.78125,4.011125718,0.999637482,7.736716305,-1.524725511,112.9774144,112.9691698,297.6343987,-165.990659,463.6250577,1.316700137,85.80345003,12763.89616,245.7289931,1.26953125,20588.28553,1.22871966,1.26953125,3.847410175,0.9996981669,9.440363867,1.078105661,0.2684643854,1.111018135,1.611635278,0.3296279322,1.282007346,0.2490149112,1.078105661,0.07207312621,0.02456484292,0,5.760862669,0.1618495095,0.09765625,1.696735944,0.9999732732,2.123236383,0.09822063542,0.2430477467,0.2621070769,1.000654788,-0.3085956815,1.30925047,1.461919649,0.166252466,0.0590722072,0.001366416844,1.26953125,0.08699695736,1.428721778,1.26953125,4.596643726,0.9970431419,12.44442372,0.1258966238,0.07866593673,0.1484461492,0.4422852931,-0.1385360621,0.5808213552,0.5863976052,0.1341511903,0.006188329601,0.0004443450485,0,0.07906239178,0.5070322436,0.09765625,2.971818367,0.9980561,2.779240791,,-0.000003303298613,0.04563049229,0.04562982414,0.4527683741,-0.5076238382,0.9603922123,1.668706651,0.02734482556,0.002082141827,0.01250639803,574.2295253,0.000004169469434,59.32617188,0.0000608447807,85.86164065,71.04492188,0.000004169469434,10.1923402,0.9566301241,170.6022573,71.34984546,0.004070445655,73.38438043,0.00001307951221,0.02109082586,0.02109052103,0.1705566817,-0.2370401984,0.4075968802,1.575045867,0.01339061058,0.0004448229353,0.006763674992,276.0887238,0.0000008735525387,93.50585938,0.0000282207567,85.88544403,68.11523438,0.0000008735525387,10.13963941,0.9384817718,139.5513845,15.23354057,0.002044823676,16.29713406,-0.00001896449154,0.05099967117,0.0509989278,0.5023524879,-0.6018986129,1.104251101,1.705146302,0.02990926416,0.00260096646,0.01477500332,622.7696462,0.000005394880088,41.9921875,0.0000904459386,97.74809952,76.04980469,0.000005394880088,10.50327088,0.9205151526,183.070421,88.90889422,0.004614853331,100.942129,0.00004447733047,0.1176124165,0.1176107025,1.184296813,-1.153983857,2.33828067,1.977024253,0.05948961748,0.01383268052,0.01950828416,1109.751744,0.00002808607493,39.30664063,0.0005707089608,78.55307537,63.23242188,0.00002808607493,9.999299873,0.9655828557,158.9106479,472.2680769,0.009091533709,518.8888411,-0.000001851266411,0.07753781867,0.07753668313,0.7804807678,-0.8002273871,1.580708155,1.616679677,0.04796115133,0.006012113324,0.02404118852,827.7941182,0.00001201423411,39.67285156,0.0002716971062,74.34076577,59.69238281,0.00001201423411,9.883149576,0.9811200449,139.3207307,205.7590273,0.006894649312,212.3494625,-0.000008412380251,0.09249554816,0.09249419392,1.327794871,-1.276903653,2.604698523,1.793019801,0.05158646218,0.00855542643,0.02332101966,1024.322017,0.00001883975234,40.40527344,0.0003398983374,91.66062583,79.83398438,0.00001883975234,10.26178991,0.9540472277,167.9555382,292.5419257,0.007665799923,313.740519
7,2,-2.933942291,47.03678621,47.11892539,86.53471814,-208.6043539,295.1390721,1.407403758,33.42096107,2212.459257,45.56750778,0.78125,3213.439837,1.404872716,1.46484375,4.343925051,0.999904518,8.706285737,-3.654983596,17.76883208,18.13740755,41.14907918,-75.57799363,116.7270728,1.268337759,14.00954276,315.7313933,6.802294955,0.78125,755.7810779,0.9588039964,0.78125,3.996660267,0.9998771723,6.985305758,0.3018716,124.1903676,124.1661983,314.3805642,-150.2127838,464.593348,1.305815159,95.10562562,15423.24742,307.549812,1.5625,25027.53287,1.399466785,1.46484375,3.805749825,0.9999269542,7.551039144,1.088708283,0.3562844262,1.145501709,1.847264238,0.1932589661,1.654005271,0.3272542624,1.088708283,0.1269385923,0.02622254791,0.09765625,6.01207684,0.2491004164,0.09765625,2.076808858,0.99994512,2.213138057,0.1123385358,0.3028378086,0.3229465125,1.093061634,-0.2736866803,1.366748314,1.594969629,0.18987058,0.09171073831,0.002114979087,0.78125,0.1671717624,1.280564337,0.9765625,4.272871095,0.9996058384,9.353587841,0.3350402052,0.07956480643,0.3443544632,0.9057392363,0.1282799288,0.7774593075,0.2374783838,0.3350402052,0.006330558422,0.002384899094,0.09765625,0.5725318381,0.1575389166,0.09765625,1.862503325,0.999951319,2.111865963,,-0.000004687454772,0.03220056307,0.03219993902,0.2081566163,-0.18078674,0.3889433564,1.549804143,0.02077718221,0.001036876262,0.01021198514,305.1806325,0.000002080705878,34.54589844,0.0000452075018,72.82374688,52.24609375,0.000002080705878,9.798847221,0.9528206203,122.2992521,27.12508319,0.003074079282,28.33486423,-0.00001565690241,0.03770249662,0.0377017688,0.3796607924,-0.5398613842,0.9195221766,1.672260391,0.02254582889,0.001421478252,0.01165620376,298.2956441,0.000002746549867,35.88867188,0.00007193088178,66.66014233,54.6875,0.000002746549867,9.634496031,0.9771061558,113.3905642,36.66362131,0.003358232863,41.87314368,-0.00003659530627,0.06355712671,0.06355590484,0.7602590945,-0.8954093631,1.655668458,1.770594089,0.03589593296,0.004039508355,0.01579834915,540.0607696,0.000008172174233,55.90820313,0.0001889187246,81.33701505,62.62207031,0.000008172174233,10.04705132,0.9595627076,127.0744492,104.3904434,0.005443415893,112.9407907,0.000006848567238,0.02644637845,0.02644586652,0.2844929138,-0.4074448631,0.6919377769,1.726888376,0.01531446897,0.000699410933,0.007398941682,374.3556073,0.000001385779689,99.73144531,0.00002106390328,140.1361341,114.9902344,0.000001385779689,11.04608062,0.7603273674,191.878451,18.05120889,0.002415793234,17.8579594,-0.00009543258956,0.092347422,0.09234568065,0.6476022763,-0.8889267923,1.536529069,1.516679065,0.06088791238,0.008528046351,0.03241995707,853.5825759,0.00001661376933,41.25976563,0.0003261534826,79.2380558,63.96484375,0.00001661376933,9.963373653,0.9687467018,127.7503762,219.9636587,0.00903326282,232.3661411,-0.00005471812928,0.1234551754,0.1234527937,1.219406875,-1.107651249,2.327058124,1.715474731,0.07196560417,0.01524118034,0.03151706957,1207.741479,0.00003055249466,88.98925781,0.0004209061579,101.5769292,88.13476563,0.00003055249466,10.37946055,0.9407896197,168.2015192,394.8323164,0.01065736455,413.2118648
8,2,1.952014786,17.18302926,17.29104377,56.86118135,-55.51052496,112.3717063,1.282294315,13.4002226,295.2564946,5.950289274,1.7578125,324.3348227,1.824848447,1.7578125,4.625517679,0.9997729869,21.81102564,-1.540373877,13.616826,13.70168893,22.46544987,-38.62144327,61.08689314,1.196071888,11.38462172,185.4179504,3.709782566,0.5859375,775.6523147,0.7178729702,0.5859375,2.874696417,0.9999237525,4.880151937,0.6517304646,72.03040598,72.02278306,221.3172332,-121.3422845,342.6595177,1.505329838,47.85024794,5188.379385,104.2293063,1.171875,7927.402122,1.327606954,1.171875,4.098275206,0.9998660259,11.31830542,1.024530096,0.1488038513,1.035276776,1.387669474,0.5253601288,0.8623093452,0.1452410739,1.024530096,0.02214258617,0.0214164806,0,5.831546112,0.08536512925,0,1.314461148,0.999986252,2.041565692,0.1564854749,0.1847496599,0.2420952754,0.9315355165,-0.1440716934,1.07560721,1.155464622,0.1598920958,0.03413243685,0.001176643016,0,0.1379759147,0.9162689616,0.5859375,4.088131715,0.9998746905,4.783459961,0.1249101508,0.06033798764,0.1387160768,0.2218821738,-0.03094453181,0.2528267056,0.4816624955,0.1252702633,0.003640672752,0.0003735953043,0,0.08479132483,0.2032719091,0.09765625,2.166965841,0.9999844374,2.465647266,,0.00000204863369,0.01654711443,0.01654693193,0.182286263,-0.1679803245,0.3502665875,1.454578011,0.01137588655,0.000273806996,0.00658243815,429.839401,0.0000005395223946,95.09277344,0.00003182093526,128.2708678,105.5297852,0.0000005395223946,11.89774247,0.8117695637,162.1066696,12.40982231,0.001699968884,13.32362451,0.000003334848306,0.04040699379,0.04040654795,0.3086025687,-0.3467402425,0.6553428113,1.537658711,0.02627825895,0.001632725147,0.01283472765,761.311245,0.000003126082842,95.09277344,0.00005264134249,96.34268321,76.84326172,0.000003126082842,11.36410727,0.930039739,193.1042932,74.11910386,0.0037985559,79.68621702,-0.000001038071935,0.03022117977,0.03022084623,0.2530516768,-0.2934036573,0.546455334,1.544293775,0.01956957948,0.0009133197065,0.01023407483,613.1087568,0.000001943322084,95.09277344,0.00003171472595,101.0269594,85.08300781,0.000001943322084,11.49568371,0.9205152342,212.7727114,41.4554489,0.002886079699,44.21846558,-0.000001954171519,0.04973949965,0.04973895071,0.6438553669,-0.5881645124,1.232019879,1.872582041,0.0265619869,0.002474017826,0.01150860327,863.4357163,0.000004491749664,56.33544922,0.00006010681172,104.9453157,92.52929688,0.000004491749664,11.50066824,0.918638055,220.171888,112.1162104,0.004067350419,113.1852248,0.000006008308844,0.02242955763,0.02242931088,0.190528038,-0.2332831887,0.4238112267,1.438536115,0.01559193224,0.0005030850556,0.009071410631,510.3849499,0.000001048941586,95.09277344,0.00003681929289,105.1041526,82.39746094,0.000001048941586,11.57911607,0.8829413774,187.7981519,22.83580033,0.002314778914,24.03182517,0.000004407066399,0.03649253603,0.03649213352,0.3261038441,-0.3133308025,0.6394346466,1.522593527,0.02396735266,0.001331705186,0.01287710095,644.8462761,0.000002723279378,42.90771484,0.00007609691267,77.57306568,60.24169922,0.000002723279378,10.91363265,0.9536938827,165.3802639,60.35069369,0.003327935994,65.42243745
9,2,-5.332623348,58.39064611,58.62153533,91.5441974,-189.4665443,281.0107417,1.334863968,43.74276894,3409.467553,69.5280352,0.87890625,6096.070665,1.294838095,0.9765625,3.960822208,0.9998605782,6.208943828,-0.1819209627,32.83163281,32.82529914,81.21419636,-84.15060866,165.364805,1.320272936,24.8673073,1077.916113,22.00288713,0.87890625,1881.364018,1.234052907,0.9765625,3.873413335,0.9999365217,6.322568458,-1.110490526,131.4766998,131.454008,310.8981193,-162.5582045,473.4563237,1.230450095,106.8525252,17286.12259,341.9904915,0.87890625,29663.6427,1.328353164,1.46484375,3.434035629,0.9999805834,5.698010984,1.161244269,0.4082819303,1.230899248,1.974033169,0.1559706354,1.818062534,0.3515900498,1.161244269,0.1666941346,0.03024433982,0.09765625,6.819417912,0.2894201125,0.09765625,2.159292949,0.9999810409,2.246077089,0.1108175282,0.3584054425,0.3750753063,1.227621381,-0.3656608686,1.593282249,1.50412985,0.2382809188,0.1284544612,0.002835280357,1.66015625,0.2532330058,1.518418397,1.66015625,4.110821235,0.9999499316,7.879051999,0.2165409611,0.1211430723,0.2481119092,0.5562784495,-0.09840974677,0.6546881962,0.5540709818,0.2186417919,0.01467564397,0.001206358003,0.09765625,0.2317835714,0.4614625189,0.09765625,2.956216757,0.9997191547,2.624265027,,0.9036640172,0.8510822548,1.241338554,14.19281386,0.0008686060465,14.19194525,0.9418127076,0.9036640172,0.7243410044,0.5941590943,13709.38413,0.003162009315,0,3.436020168,63.15006517,0.1220703125,0.003162009315,6.771678282,0.8158420901,3.773675398,39580.17156,0.1441323855,20992.05725,0.9315428174,1.062055973,1.412689248,14.53287394,0.0007712302621,14.53210271,1.140104301,0.9315428174,1.127962889,0.5590280332,12276.29017,0.003956182799,0,3.698326006,46.21159536,1.708984375,0.003956182799,7.150065042,0.9137942887,4.599161659,52357.05517,0.181097437,29170.74779,1.003832894,1.151039248,1.527259032,24.85346535,0.0001858600077,24.85327949,1.146644282,1.003832894,1.32489135,0.6883406858,18718.25499,0.004840404267,0,4.271356431,112.6857651,22.21679688,0.004840404267,8.161861988,0.5945225687,4.629065694,59816.20353,0.1591966342,48132.91228,1.022006598,1.575392385,1.87783435,29.90162268,0.000281062902,29.90134161,1.541469878,1.022006598,2.481861168,0.4840435778,13338.68063,0.006702599893,0,4.499312287,51.56567749,3.540039063,0.006702599893,8.01174022,0.8872517209,6.751184362,90640.82447,0.25375008,76188.77803,0.9005094207,1.093285397,1.416383971,15.33144024,0.0003485849523,15.33109165,1.214074358,0.9005094207,1.19527296,0.5075799908,10693.8849,0.00403532103,0,3.432889695,41.91787027,1.831054688,0.00403532103,7.228742268,0.9397429759,4.947360697,51558.46297,0.1901697973,31309.76207,0.9727657492,1.47024484,1.762897835,20.33254738,0.00001832686608,20.33252906,1.511406874,0.9727657492,2.16161989,0.446839881,12246.15565,0.006339171232,0,4.011784937,44.214702,1.586914063,0.006339171232,7.343225916,0.9237478417,6.567681909,81112.52747,0.2280065729,57639.41693
10,2,1.466503415,19.60715601,19.65955069,62.69410996,-66.79533188,129.4894418,1.367048962,14.34268747,384.4405668,8.009532414,0.48828125,590.5947695,1.437193356,1.07421875,4.733092793,0.9998612575,22.28504083,-4.045457238,10.18722368,10.95993036,37.96876158,-45.82411347,83.79287504,1.194487111,8.528533782,103.7795263,2.466021565,0,140.9502974,1.067327765,1.07421875,4.467988736,0.9999010311,13.21952756,-0.3882078719,97.54549363,97.53443319,285.9921185,-143.7127375,429.704856,1.418089786,68.78654271,9515.123327,195.7264251,1.07421875,15968.70867,1.105819158,1.07421875,3.78966016,0.999969659,13.77912256,0.9497778448,0.2332483175,0.977992604,1.471281345,0.1865543504,1.284726995,0.2455819735,0.9497778448,0.05440477761,0.01915217298,0,6.075742331,0.1330489438,0,1.446471825,0.999977831,2.120046412,0.1021998487,0.1861160034,0.2123100853,0.7642845542,-0.5371238044,1.301408359,1.15235005,0.1615099539,0.03463916674,0.0009247083887,0.48828125,0.08033628839,0.959368562,0.48828125,4.284835827,0.999486925,8.395971474,-0.04552171565,0.05899474934,0.07451015168,0.2681400985,-0.1383980561,0.4065381547,0.9053075912,0.06516541992,0.00348038045,0.0001102343628,0,0.01333293962,0.7903019554,0.48828125,3.849891831,0.9997537859,5.354375977,,-0.000003573870018,0.02911803594,0.02911768051,0.6131488484,-0.72642532,1.339574168,1.600843657,0.01818918157,0.0008478600171,0.009877109707,663.4115226,0.000001836810811,76.47705078,0.0001559738089,123.4836879,92.04101563,0.000001836810811,11.21767974,0.7964461945,125.4266321,34.722287,0.002713263555,38.96056737,-0.000002454033114,0.01562490838,0.01562471774,0.1301102212,-0.1380892334,0.2681994546,1.462667592,0.01068247391,0.000244137762,0.006096942017,337.1557141,0.0000004864630709,99.54833984,0.00002004909056,109.599482,82.27539063,0.0000004864630709,11.57991751,0.8539609861,174.9399995,10.00804308,0.001595552296,10.55883737,-0.000004170809849,0.02610290493,0.02610258645,0.3075789856,-0.3553660373,0.6629450229,1.529231562,0.01706929518,0.000681361646,0.009356075445,499.351599,0.00000125127815,99.54833984,0.00002130020377,103.8879456,79.34570313,0.00000125127815,11.52179829,0.8863471323,194.896024,27.89762673,0.002502500955,29.7065552,0.0000009438745322,0.05725462253,0.05725392323,0.8109195262,-0.6705365823,1.481456108,2.006632182,0.02853269425,0.003278091801,0.01122318952,802.6287844,0.000006486938467,43.09082031,0.00009952397612,95.38250254,76.53808594,0.000006486938467,11.3585222,0.9316065543,197.1519091,134.3525323,0.004349522545,142.7832516,-0.000003982894988,0.04861434141,0.0486137478,0.8079116403,-0.8369394816,1.644851122,1.736386569,0.02799741847,0.00236335419,0.01413504698,786.1383801,0.000004911717253,71.2890625,0.00009146076643,97.03076413,85.26611328,0.000004911717253,11.27105058,0.9598550689,191.8045304,96.88771808,0.004118417132,101.5251736,-0.000005384043698,0.09782039696,0.09781920234,1.236144366,-1.203591273,2.439735639,1.86751379,0.05238001319,0.009568830062,0.02145205464,1641.614324,0.00001907213006,83.19091797,0.0002281531731,125.7382349,114.0136719,0.00001907213006,11.76812297,0.8933032675,232.3411483,391.9786673,0.007814066365,415.7929242
11,2,-1.079962499,25.71923432,25.73825943,79.64931476,-79.97825681,159.6275716,1.398213133,18.394359,661.4790141,13.57917967,1.171875,700.2370343,1.73186132,1.66015625,4.780039021,0.9997861065,16.00126012,-4.342828156,14.87300659,15.49205714,31.72426445,-48.42290643,80.14717088,1.222376057,12.16729214,221.2063251,4.947419997,0.5859375,559.870122,0.9641741339,0.68359375,3.946387177,0.9998486679,8.056417846,0.1180208085,116.139887,116.1235001,328.7540138,-169.114519,497.8685328,1.399576295,82.98217638,13488.47335,270.1426933,1.171875,29811.05424,1.189396006,1.171875,3.515482058,0.9999782834,9.23561347,1.019616186,0.2647289539,1.0534129,1.655656361,0.2246964949,1.430959866,0.2596358881,1.019616186,0.07008141903,0.02217182076,0,5.979369086,0.1727656641,0,1.619069596,0.9999777133,2.134138274,0.04342477508,0.2205110758,0.2247155418,0.8478437713,-0.3796328047,1.227476576,1.456201091,0.1514290006,0.04862513455,0.0009860874984,1.66015625,0.06812548902,1.508615407,1.66015625,4.300818943,0.9994721724,14.94997743,0.01076609581,0.09163725485,0.09225463189,0.3677527889,-0.1106811888,0.4784339776,1.364833963,0.06714168708,0.008397386476,0.0001685181321,0.5859375,0.02666440418,1.005746626,0.5859375,3.786773952,0.9997788367,6.092574245,,0.000003982111455,0.02752212433,0.02752176019,0.1842917712,-0.1850432253,0.3693349965,1.465654031,0.01877804977,0.0007574673279,0.01020393381,522.9943012,0.000001512051801,98.08349609,0.0001011140486,108.1582612,89.23339844,0.000001512051801,11.51107999,0.8899046659,140.1481132,28.62413183,0.00269443077,29.21128924,-0.000004084288673,0.02467808378,0.02467775735,0.2239052757,-0.2378721708,0.4617774465,1.65621867,0.01490025697,0.0006090078191,0.007549826216,368.8827587,0.000001260061577,98.08349609,0.00009964455871,88.01193907,72.02148438,0.000001260061577,11.11345266,0.934427507,114.8062135,22.99853112,0.002169625346,24.29118437,0.00001081735647,0.09446618056,0.09446493033,0.7909254027,-1.174884888,1.965810291,1.64791077,0.05732481532,0.00892385927,0.02658840628,1289.578958,0.0000181022366,41.9921875,0.000247045661,95.03506666,78.06396484,0.0000181022366,11.40473635,0.9281220698,189.3091511,337.49094,0.008347839827,398.8675255,-0.000006951378057,0.126318586,0.1263169136,1.127488546,-1.03019046,2.157679005,1.635108555,0.07725394478,0.01595638518,0.03577566456,2140.245964,0.00003203335409,80.68847656,0.0003544779917,111.8410636,97.77832031,0.00003203335409,11.61341332,0.9068309767,204.0496753,602.5234324,0.011762983,637.0404341,0.00004265092657,0.1385092571,0.1385074296,1.159817909,-1.007955386,2.167773295,1.616609064,0.0856788819,0.01918481429,0.04002704502,1708.673504,0.00003383439253,45.10498047,0.0006747034565,78.42335397,67.19970703,0.00003383439253,10.90179913,0.9780984076,155.3263341,729.4903506,0.01222824848,804.2118375,0.000004027021154,0.1405489195,0.1405470585,1.312515734,-1.295586218,2.608101952,1.944690435,0.07227315823,0.01975399878,0.03032523666,1680.799673,0.00004069268789,78.85742188,0.0005294349278,96.9351092,83.984375,0.00004069268789,11.33431465,0.952974452,190.5691785,745.946737,0.01092386889,809.7981106
12,2,1.166900572,44.79382002,44.79977914,123.4328194,-101.0404454,224.4732648,1.391404534,32.19323995,2006.486312,38.29909927,0.87890625,2240.066578,1.46471878,1.5625,4.39241318,0.9999286854,10.41422456,8.603934293,9.747111674,12.99979528,40.59154104,-22.49657201,63.08811306,0.9370167035,10.40228166,95.00618599,3.325986689,0.09765625,391.4575045,0.8215673523,0.390625,4.205818051,0.9994786947,4.561296746,2.639141064,144.0036427,143.9981225,364.316745,-198.818636,563.135381,1.309873691,109.9370449,20737.04911,415.8236678,0.87890625,26141.5845,1.411132211,1.46484375,4.133878208,0.9999623523,9.762099328,1.153586166,0.307433656,1.193833114,1.769336726,0.4092242521,1.360112474,0.2665025509,1.153586166,0.09451545283,0.02853151013,0.09765625,6.735065375,0.2164719594,0.09765625,1.990447251,0.9998523557,2.141042644,0.1104599144,0.3498356146,0.3667913045,1.308559187,-0.553649235,1.862208422,1.520062043,0.2301456155,0.1223849572,0.002796278619,1.66015625,0.1803744268,1.636647645,1.66015625,4.601196257,0.9995628188,13.67285699,0.1263682859,0.1180838121,0.1729363408,0.6035986705,-0.2326350676,0.8362337381,0.775990788,0.1521716674,0.01394378668,0.0006023310402,0.09765625,0.08038670281,1.152503532,0.1953125,4.002820764,0.9995089715,3.742750905,,0.000002893886698,0.02083289733,0.02083249416,0.1557712225,-0.1793635793,0.3351348018,1.485394261,0.01402516347,0.0004340096112,0.007918277339,265.5508769,0.0000008940364976,99.12109375,0.00004664881175,102.0551255,81.29882813,0.0000008940364976,10.36294746,0.8895643763,123.8904799,11.21221422,0.002168051477,11.57120652,-0.000003876371685,0.0453316962,0.04533081865,0.3336855877,-0.4250786012,0.7587641889,1.612634855,0.02811032893,0.002054962681,0.01419200458,367.3303253,0.000004374076198,52.00195313,0.0001217227086,68.40753585,55.90820313,0.000004374076198,9.538293952,0.975423164,111.4698186,53.4070557,0.004017475518,59.12537385,0.000006523256265,0.04301144605,0.04301061376,0.3674066836,-0.7619175868,1.12932427,1.640829676,0.02621323022,0.001849984492,0.01274725799,445.1583128,0.000003665886939,99.12109375,0.00006365362909,96.81561297,78.125,0.000003665886939,10.44367006,0.9272565068,155.6779845,47.78543188,0.004065688735,50.5860861,-0.000008521222736,0.08580263902,0.08580097813,0.905144872,-0.9112477185,1.81639259,2.014038893,0.04260227511,0.007362092862,0.01629765016,725.5619164,0.00001515163815,44.43359375,0.0002494419353,99.12603478,83.12988281,0.00001515163815,10.43597057,0.9253152742,182.2675032,190.1187917,0.006743407281,203.8104118,-0.000005851869671,0.07440836372,0.07440692326,0.7700705059,-0.8862626259,1.656333132,1.697513579,0.04383373696,0.005536604592,0.02130126962,704.105933,0.00001153233868,46.02050781,0.0001547921011,94.4487124,81.42089844,0.00001153233868,10.25705853,0.9417573535,153.3191979,142.9932899,0.006821123742,148.4561642,-0.0000007311553448,0.07152423952,0.07152285467,0.5041036646,-0.944246305,1.44834997,1.592109392,0.04492419923,0.005115716839,0.02179507669,727.2800763,0.00001020805019,44.55566406,0.0001887846526,94.4175184,76.66015625,0.00001020805019,10.38581121,0.9507720842,154.3686677,132.5807029,0.006786840248,143.1812746
13,2,-1.002242771,20.94818483,20.96978334,89.22710217,-75.98090588,165.2080081,1.382454507,15.15289272,438.8264477,8.798479235,0.87890625,349.8346511,1.593058116,1.3671875,5.080226871,0.9983644775,24.64470389,-1.805674122,14.24349435,14.35589645,48.91183965,-36.20103041,85.11287006,1.241834213,11.46972293,202.8771312,4.102413097,0.48828125,318.511834,1.141616679,0.78125,4.60441749,0.9991084435,19.98345543,2.118968231,77.0170589,77.03750718,270.3725498,-141.4609125,411.8334623,1.601168163,48.10054351,5931.627362,117.3006759,1.46484375,5245.687689,1.267911029,1.171875,4.521817502,0.9997547846,23.12525835,0.9601260175,0.1727712356,0.9755435032,1.516073099,0.2805378801,1.235535218,0.1799464159,0.9601260175,0.02984989987,0.01908433184,0,6.651693857,0.08966835025,0,1.21200858,0.999966725,2.064265411,0.08568894398,0.2449151108,0.2594464437,1.355193018,-0.5043915968,1.859584615,1.585885688,0.1544342777,0.05998341149,0.001390648054,0.390625,0.06650886883,1.510064876,1.46484375,5.011528273,0.9994375764,17.26648457,0.02462854878,0.1017340465,0.1046615677,0.4179994243,-0.2546379607,0.672637385,1.375168754,0.07397931794,0.01034981622,0.0002190891333,0.48828125,0.02088945645,1.329682443,0.5859375,4.650767248,0.9985743971,12.75601664,,0.4405549603,1.456717987,1.521861985,46.10914811,-1.47199875,47.58114686,3.215601894,0.4530156515,2.122027294,0.04852007406,12069.00949,0.005931624895,0.06103515625,5.04530741,71.02110131,6.530761719,0.005931624895,9.363272844,0.756164537,23.83785596,94409.64139,0.1363915249,101150.7063,0.4057407805,0.9353695279,1.019568668,23.76396339,-0.3528771429,24.11684053,2.242906957,0.4170344762,0.8749161537,0.05533998947,10641.33266,0.002268425441,0.06103515625,3.500384299,55.63486229,2.136230469,0.002268425441,8.344228086,0.8605983892,12.61992074,42369.08687,0.08935386658,27741.55355,0.4519535437,0.9342848712,1.037848163,11.92553149,-0.4211285393,12.34666003,1.986208864,0.4703860145,0.8728882206,0.07474822711,12496.51956,0.002520953075,0.06103515625,4.546838508,66.37453347,0.6103515625,0.002520953075,7.877361866,0.7859895661,10.53861469,43910.5827,0.09622285366,32748.35754,0.4593574077,1.142787425,1.231641297,16.83379955,-1.177924572,18.01172412,2.236139065,0.5110538261,1.305963099,0.09858169317,13517.0244,0.003621717156,0.06103515625,4.868226457,65.43336476,2.746582031,0.003621717156,8.757756609,0.7931558199,14.33759566,62009.28262,0.1258503039,54517.92524,0.4152664898,1.107594706,1.182870319,19.93248682,-0.6472854738,20.57977229,2.492665031,0.4443415751,1.226766033,0.07075904927,12056.12312,0.003177038793,0.06103515625,3.726139029,66.99136572,2.685546875,0.003177038793,8.863018346,0.7736644088,16.20002775,57034.1706,0.1181272585,45940.90981,0.4358858041,1.09403781,1.177661155,19.92272521,-0.8082639366,20.73098915,2.341248222,0.4672882609,1.196918729,0.0862751483,12264.54524,0.002969431317,0.06103515625,4.208107423,64.45674706,2.44140625,0.002969431317,8.59245018,0.7815537499,14.57475606,56601.63997,0.1067838599,40140.7606
14,2,2.980342876,20.48961212,20.70173016,100.9311277,-33.39599921,134.327127,1.361009783,15.05471333,419.8242048,9.091560999,0.68359375,915.660329,1.332247054,0.78125,4.55487896,0.9999492946,8.71612829,-0.5654177511,19.27649202,19.28145452,39.01473437,-47.84185423,86.8565886,1.18406197,16.27996888,371.5831446,7.423269963,0.68359375,1092.810236,1.034258349,0.78125,3.524506432,0.9998368749,6.10693172,-0.14918989,72.59408876,72.58170316,210.7981101,-124.199675,334.9977851,1.393331359,52.10109446,5269.901723,101.5319443,0.68359375,8461.662702,1.305174967,1.3671875,3.827733356,0.9999774032,7.769720172,0.9476914023,0.2207793189,0.9730599491,1.456964152,0.2838796411,1.173084511,0.232965413,0.9476914023,0.04874350765,0.01891002955,0.09765625,4.459666709,0.1608546628,0.09765625,1.699581714,0.9999744654,2.10774071,-0.005620152959,0.1775137831,0.1775720829,0.6973972926,-0.286237989,0.9836352816,1.380377507,0.1285979974,0.03151114319,0.0006316516298,0.68359375,0.04615654136,1.748697209,1.46484375,4.718060497,0.9996768593,10.58635173,-0.1240818412,0.07929948453,0.1472499215,0.1023556168,-0.3399911924,0.4423468092,0.6098964751,0.1300212213,0.006288408246,0.0004287851423,0.09765625,0.07691938165,0.4848585818,0.09765625,2.987085205,0.9999642418,2.81521603,,0.0000142579534,0.02311502529,0.02311463633,0.1402139379,-0.149163244,0.2893771819,1.50228109,0.01538661802,0.0005343043944,0.008377916566,304.1354401,0.000001056830912,99.85351563,0.00007078252583,93.15452563,73.2421875,0.000001056830912,10.23400635,0.923774016,105.181213,15.70333603,0.002276436893,16.18073611,-0.00001583568604,0.04304671432,0.04304598469,0.4038660721,-0.4452511206,0.8491171926,1.524494165,0.02823671963,0.001853019614,0.01496400888,517.1588606,0.000003782946534,99.85351563,0.00008259557928,88.80669361,73.73046875,0.000003782946534,10.17984517,0.953684076,144.9300149,54.70493585,0.004162617858,54.49472463,0.000004696686165,0.2343804677,0.2343764792,1.85088226,-1.892693675,3.743575934,1.178246934,0.1989230449,0.05493420362,0.1489475282,5652.798642,0.0001091031981,149.7802734,0.1371557995,162.4228855,149.7802734,0.0001091031981,4.298887035,0.8730292916,13.20041347,1616.112643,0.01914989588,1989.832204,-0.000004389924699,0.06192853691,0.0619274832,1.044869038,-0.8028811391,1.847750177,1.941029949,0.03190498784,0.003835143684,0.0138520391,631.6529026,0.000007889033032,99.85351563,0.00009662475529,97.66487633,80.20019531,0.000007889033032,10.44260181,0.9242883712,169.5781886,112.7673103,0.005087213783,124.3426568,0.00001655585439,0.08159339451,0.08159200769,1.051639095,-0.6592746752,1.710913771,1.800979494,0.0453050103,0.006657482028,0.01993354919,863.4506351,0.00001399482097,66.40625,0.0001595052098,99.67864062,87.28027344,0.00001399482097,10.37248758,0.960881145,168.3973584,195.6338071,0.00707293343,209.0782081,-0.00002357703211,0.04918283427,0.04918200296,0.5192896697,-0.4696507967,0.9889404664,1.542772252,0.03187951701,0.002418951187,0.01700381871,647.4280313,0.000004832556837,99.85351563,0.000075667144,106.3382956,94.48242188,0.000004832556837,10.52687358,0.9315320243,170.3430293,71.08302097,0.004877376483,74.39836555
15,2,-0.6980397759,18.82547758,18.83570525,93.55178355,-109.2707078,202.8224913,1.46121171,12.88347024,354.3986062,5.451230777,1.85546875,215.6227967,1.933370096,1.85546875,5.344037012,0.9997115214,24.72517609,-1.843083332,19.7192125,19.80233073,46.70574509,-33.28811538,79.99386047,1.143175551,17.2495051,388.8473416,8.077027119,0.5859375,1481.502103,0.6909395027,0.5859375,2.952288108,0.9998765717,7.045542908,0.5664959213,68.28279937,68.27531553,245.0169168,-119.1614843,364.1784011,1.526216564,44.73991501,4662.54069,84.86267625,1.26953125,6607.292627,1.413666489,1.26953125,4.153150893,0.9999805827,13.51311548,0.9600781739,0.1450821585,0.9709752161,1.411875468,0.4137940489,0.9980814189,0.151114943,0.9600781739,0.02104883272,0.01869981374,0,5.196984987,0.08690423136,0,1.300221895,0.9999825104,2.045055837,0.06449467601,0.1695804248,0.1814078306,0.7900410412,-0.4882164048,1.278257446,1.535037256,0.1104731655,0.02875752048,0.0006057356585,0,0.02353009612,1.885324655,1.953125,5.009609982,0.9989198729,14.70032797,0.03762461121,0.0850664055,0.09300441133,0.2677266553,-0.1165936349,0.3843202902,1.11199137,0.07649915978,0.007236293344,0.0001808332961,0.5859375,0.02332744454,0.7653912131,0.5859375,3.785625903,0.9995360331,8.106051388,,-0.000005781740844,0.01400770569,0.01400749364,0.1098354116,-0.1129118045,0.2227472161,1.383544645,0.01012450573,0.0001962158187,0.006153209822,259.8753649,0.0000003945068239,153.1982422,0.000005267501165,118.7268069,89.47753906,0.0000003945068239,10.7892309,0.8160127903,184.258819,6.446386989,0.001546466524,6.857764698,-0.000001665741549,0.02454246875,0.0245420952,0.3887649491,-0.2932063225,0.6819712716,1.615862437,0.01518846418,0.0006023327726,0.007890670155,299.7458283,0.000001231890294,37.59765625,0.00004413127111,77.80420805,56.88476563,0.000001231890294,9.982907691,0.9340938976,136.8367955,19.78743297,0.002281999339,22.17211767,0.00001249572442,0.04277554789,0.04277489854,0.4939508961,-0.5897511847,1.083702081,1.547321841,0.02764489375,0.001829747498,0.01454616681,582.4853405,0.000003436714989,76.66015625,0.00008018097668,87.60528754,65.91796875,0.000003436714989,10.11047547,0.9153898435,154.61335,60.210416,0.004149415839,61.37380684,0.000009119514506,0.1013397771,0.1013382348,1.022616415,-1.020978582,2.043594997,1.771805959,0.05719575362,0.01026975042,0.02255991365,1262.465953,0.00002084684678,36.74316406,0.0002586370597,98.555069,83.86230469,0.00002084684678,10.44091288,0.93761075,181.8680662,337.3108501,0.008830872408,367.0172046,-0.00003832678208,0.0691327881,0.06913174631,0.7839464045,-0.6671615719,1.451107976,1.781642279,0.03880284439,0.004779342391,0.01647489444,754.8619723,0.000009513187791,40.52734375,0.0001335786564,86.69692905,75.56152344,0.000009513187791,10.14941022,0.9611129322,157.8742331,157.0178357,0.005726591532,168.1676283,0.000007535930883,0.04986853298,0.04986777439,0.4576419254,-0.7552583349,1.21290026,1.549015211,0.03219370128,0.002486870582,0.01706849675,700.0041056,0.000004926448772,43.70117188,0.00006587445572,98.21776307,83.25195313,0.000004926448772,10.41689696,0.9288826307,178.1679092,81.79871108,0.004765867582,83.36245555