model,mean_accuracy,std_accuracy,fold_accuracies
Logistic Regression,0.9285714285714286,0.25753937681885636,"[1.0, 1.0, 1.0, 1.0, 1.0, 1.0, 1.0, 1.0, 1.0, 1.0, 1.0, 1.0, 0.0, 1.0]"
Random Forest,0.9285714285714286,0.25753937681885636,"[1.0, 1.0, 1.0, 1.0, 1.0, 1.0, 1.0, 1.0, 1.0, 1.0, 1.0, 1.0, 0.0, 1.0]"
SVM (Linear Kernel),0.9285714285714286,0.25753937681885636,"[1.0, 1.0, 1.0, 1.0, 1.0, 1.0, 1.0, 1.0, 1.0, 1.0, 1.0, 1.0, 0.0, 1.0]"
