source,feature,rfe_rank,rfe_selected,n_features_selected_target,selected_model_abs_coefficient_mean
Gyroscope,gyroz_maxVal,1,True,5,1.417854198863789
Gyroscope,gyroz_domAmp,1,True,5,0.7523290387254971
Gyroscope,gyroz_varVal,1,True,5,0.6887031767182102
Gyroscope,gyroz_psdMean,1,True,5,0.6823917404333666
Gyroscope,gyrox_cvVal,1,True,5,0.5459031301187235
Gyroscope,gyroz_peakToPeak,2,False,5,
Gyroscope,gyroy_minVal,3,False,5,
Gyroscope,gyroy_specEntropy,4,False,5,
Gyroscope,gyrox_harmonicRatio,5,False,5,
Gyroscope,gyroz_medianFreq,6,False,5,
Gyroscope,gyroz_minVal,7,False,5,
Gyroscope,gyroz_meanVal,8,False,5,
Gyroscope,gyrox_maxVal,9,False,5,
Gyroscope,gyroz_psdAsymmetry,10,False,5,
Gyroscope,gyroz_sdVal,11,False,5,
Gyroscope,gyroz_cvVal,12,False,5,
Gyroscope,gyroy_medianFreq,13,False,5,
Gyroscope,gyroy_domFreq,14,False,5,
Gyroscope,gyrox_meanVal,15,False,5,
Gyroscope,gyroz_rmsVal,16,False,5,
Gyroscope,gyrox_specEntropy,17,False,5,
Gyroscope,gyroz_meanFreq,18,False,5,
Gyroscope,gyroz_domFreq,19,False,5,
Gyroscope,gyroz_mavVal,20,False,5,
Gyroscope,gyroy_cvVal,21,False,5,
Gyroscope,gyroy_peakToPeak,22,False,5,
Gyroscope,gyroy_maxVal,23,False,5,
Gyroscope,gyrox_domFreq,24,False,5,
Gyroscope,gyroy_mavVal,25,False,5,
Gyroscope,gyroy_harmonicRatio,26,False,5,
Gyroscope,gyroy_meanVal,27,False,5,
Gyroscope,gyrox_psdMean,28,False,5,
Gyroscope,gyrox_mavVal,29,False,5,
Gyroscope,gyrox_varVal,30,False,5,
Gyroscope,gyrox_peakToPeak,31,False,5,
Gyroscope,gyroz_harmonicRatio,32,False,5,
Gyroscope,gyroz_specEntropy,33,False,5,
Gyroscope,gyrox_meanFreq,34,False,5,
Gyroscope,gyroy_rmsVal,35,False,5,
Gyroscope,gyroy_psdMean,36,False,5,
Gyroscope,gyroy_sdVal,37,False,5,
Gyroscope,gyroy_varVal,38,False,5,
Gyroscope,gyroy_meanFreq,39,False,5,
Gyroscope,gyrox_rmsVal,40,False,5,
Gyroscope,gyrox_psdAsymmetry,41,False,5,
Gyroscope,gyrox_medianFreq,42,False,5,
Gyroscope,gyroy_domAmp,43,False,5,
Gyroscope,gyroy_psdAsymmetry,44,False,5,
Gyroscope,gyrox_minVal,45,False,5,
Gyroscope,gyrox_sdVal,46,False,5,
Gyroscope,gyrox_domAmp,47,False,5,
Gyroscope,gyroz_maxVal,1,True,10,1.0947050094288124
Gyroscope,gyroz_peakToPeak,1,True,10,0.6821405733849432
Gyroscope,gyroz_varVal,1,True,10,0.6076381949511754
Gyroscope,gyroz_psdMean,1,True,10,0.6063337951926803
Gyroscope,gyroy_minVal,1,True,10,0.6062385932557499
Gyroscope,gyroy_specEntropy,1,True,10,0.5219557330919407
Gyroscope,gyrox_cvVal,1,True,10,0.510181732464801
Gyroscope,gyroz_domAmp,1,True,10,0.4964231188401433
Gyroscope,gyroz_medianFreq,1,True,10,0.4605174154114005
Gyroscope,gyrox_harmonicRatio,1,True,10,0.43671114997170335
Gyroscope,gyroz_minVal,2,False,10,
Gyroscope,gyroz_meanVal,3,False,10,
Gyroscope,gyrox_maxVal,4,False,10,
Gyroscope,gyroz_psdAsymmetry,5,False,10,
Gyroscope,gyroz_sdVal,6,False,10,
Gyroscope,gyroz_cvVal,7,False,10,
Gyroscope,gyroy_medianFreq,8,False,10,
Gyroscope,gyroy_domFreq,9,False,10,
Gyroscope,gyrox_meanVal,10,False,10,
Gyroscope,gyroz_rmsVal,11,False,10,
Gyroscope,gyrox_specEntropy,12,False,10,
Gyroscope,gyroz_meanFreq,13,False,10,
Gyroscope,gyroz_domFreq,14,False,10,
Gyroscope,gyroz_mavVal,15,False,10,
Gyroscope,gyroy_cvVal,16,False,10,
Gyroscope,gyroy_peakToPeak,17,False,10,
Gyroscope,gyroy_maxVal,18,False,10,
Gyroscope,gyrox_domFreq,19,False,10,
Gyroscope,gyroy_mavVal,20,False,10,
Gyroscope,gyroy_harmonicRatio,21,False,10,
Gyroscope,gyroy_meanVal,22,False,10,
Gyroscope,gyrox_psdMean,23,False,10,
Gyroscope,gyrox_mavVal,24,False,10,
Gyroscope,gyrox_varVal,25,False,10,
Gyroscope,gyrox_peakToPeak,26,False,10,
Gyroscope,gyroz_harmonicRatio,27,False,10,
Gyroscope,gyroz_specEntropy,28,False,10,
Gyroscope,gyrox_meanFreq,29,False,10,
Gyroscope,gyroy_rmsVal,30,False,10,
Gyroscope,gyroy_psdMean,31,False,10,
Gyroscope,gyroy_sdVal,32,False,10,
Gyroscope,gyroy_varVal,33,False,10,
Gyroscope,gyroy_meanFreq,34,False,10,
Gyroscope,gyrox_rmsVal,35,False,10,
Gyroscope,gyrox_psdAsymmetry,36,False,10,
Gyroscope,gyrox_medianFreq,37,False,10,
Gyroscope,gyroy_domAmp,38,False,10,
Gyroscope,gyroy_psdAsymmetry,39,False,10,
Gyroscope,gyrox_minVal,40,False,10,
Gyroscope,gyrox_sdVal,41,False,10,
Gyroscope,gyrox_domAmp,42,False,10,
Gyroscope,gyroz_maxVal,1,True,15,1.0800402410413055
Gyroscope,gyroy_minVal,1,True,15,0.7108551799696117
Gyroscope,gyroz_peakToPeak,1,True,15,0.6938730405299164
Gyroscope,gyrox_cvVal,1,True,15,0.5431059860673372
Gyroscope,gyroz_varVal,1,True,15,0.5276426251321769
Gyroscope,gyroz_psdMean,1,True,15,0.5233239769548889
Gyroscope,gyroz_domAmp,1,True,15,0.500444235587879
Gyroscope,gyroz_medianFreq,1,True,15,0.44167352807901317
Gyroscope,gyroy_specEntropy,1,True,15,0.406319545273651
Gyroscope,gyroz_psdAsymmetry,1,True,15,0.3916152988979953
Gyroscope,gyrox_harmonicRatio,1,True,15,0.38708484296561313
Gyroscope,gyroz_meanVal,1,True,15,0.38505927210102114
Gyroscope,gyroz_minVal,1,True,15,0.37547212104227584
Gyroscope,gyrox_maxVal,1,True,15,0.3725876733353359
Gyroscope,gyroz_sdVal,1,True,15,0.24824018241604948
Gyroscope,gyroz_cvVal,2,False,15,
Gyroscope,gyroy_medianFreq,3,False,15,
Gyroscope,gyroy_domFreq,4,False,15,
Gyroscope,gyrox_meanVal,5,False,15,
Gyroscope,gyroz_rmsVal,6,False,15,
Gyroscope,gyrox_specEntropy,7,False,15,
Gyroscope,gyroz_meanFreq,8,False,15,
Gyroscope,gyroz_domFreq,9,False,15,
Gyroscope,gyroz_mavVal,10,False,15,
Gyroscope,gyroy_cvVal,11,False,15,
Gyroscope,gyroy_peakToPeak,12,False,15,
Gyroscope,gyroy_maxVal,13,False,15,
Gyroscope,gyrox_domFreq,14,False,15,
Gyroscope,gyroy_mavVal,15,False,15,
Gyroscope,gyroy_harmonicRatio,16,False,15,
Gyroscope,gyroy_meanVal,17,False,15,
Gyroscope,gyrox_psdMean,18,False,15,
Gyroscope,gyrox_mavVal,19,False,15,
Gyroscope,gyrox_varVal,20,False,15,
Gyroscope,gyrox_peakToPeak,21,False,15,
Gyroscope,gyroz_harmonicRatio,22,False,15,
Gyroscope,gyroz_specEntropy,23,False,15,
Gyroscope,gyrox_meanFreq,24,False,15,
Gyroscope,gyroy_rmsVal,25,False,15,
Gyroscope,gyroy_psdMean,26,False,15,
Gyroscope,gyroy_sdVal,27,False,15,
Gyroscope,gyroy_varVal,28,False,15,
Gyroscope,gyroy_meanFreq,29,False,15,
Gyroscope,gyrox_rmsVal,30,False,15,
Gyroscope,gyrox_psdAsymmetry,31,False,15,
Gyroscope,gyrox_medianFreq,32,False,15,
Gyroscope,gyroy_domAmp,33,False,15,
Gyroscope,gyroy_psdAsymmetry,34,False,15,
Gyroscope,gyrox_minVal,35,False,15,
Gyroscope,gyrox_sdVal,36,False,15,
Gyroscope,gyrox_domAmp,37,False,15,
Gyroscope,gyroz_maxVal,1,True,20,0.9533501900716708
Gyroscope,gyroy_minVal,1,True,20,0.6181453142665979
Gyroscope,gyroz_peakToPeak,1,True,20,0.6026810750196897
Gyroscope,gyrox_cvVal,1,True,20,0.5167364651723618
Gyroscope,gyroz_varVal,1,True,20,0.5019681269708508
Gyroscope,gyroz_psdMean,1,True,20,0.49984880435594353
Gyroscope,gyroz_psdAsymmetry,1,True,20,0.4520376419576619
Gyroscope,gyroz_domAmp,1,True,20,0.4198850332532043
Gyroscope,gyroy_specEntropy,1,True,20,0.4107659784543551
Gyroscope,gyroy_medianFreq,1,True,20,0.38556448679618466
Gyroscope,gyroz_medianFreq,1,True,20,0.38290814562574793
Gyroscope,gyroz_cvVal,1,True,20,0.3796035926166004
Gyroscope,gyrox_harmonicRatio,1,True,20,0.37953788358930735
Gyroscope,gyroz_minVal,1,True,20,0.37734631059234264
Gyroscope,gyrox_maxVal,1,True,20,0.374403447221562
Gyroscope,gyroy_domFreq,1,True,20,0.3061150622278371
Gyroscope,gyroz_meanVal,1,True,20,0.2970838866749918
Gyroscope,gyroz_sdVal,1,True,20,0.2929620614390265
Gyroscope,gyroz_rmsVal,1,True,20,0.2895891128294581
Gyroscope,gyrox_meanVal,1,True,20,0.27328008057942405
Gyroscope,gyrox_specEntropy,2,False,20,
Gyroscope,gyroz_meanFreq,3,False,20,
Gyroscope,gyroz_domFreq,4,False,20,
Gyroscope,gyroz_mavVal,5,False,20,
Gyroscope,gyroy_cvVal,6,False,20,
Gyroscope,gyroy_peakToPeak,7,False,20,
Gyroscope,gyroy_maxVal,8,False,20,
Gyroscope,gyrox_domFreq,9,False,20,
Gyroscope,gyroy_mavVal,10,False,20,
Gyroscope,gyroy_harmonicRatio,11,False,20,
Gyroscope,gyroy_meanVal,12,False,20,
Gyroscope,gyrox_psdMean,13,False,20,
Gyroscope,gyrox_mavVal,14,False,20,
Gyroscope,gyrox_varVal,15,False,20,
Gyroscope,gyrox_peakToPeak,16,False,20,
Gyroscope,gyroz_harmonicRatio,17,False,20,
Gyroscope,gyroz_specEntropy,18,False,20,
Gyroscope,gyrox_meanFreq,19,False,20,
Gyroscope,gyroy_rmsVal,20,False,20,
Gyroscope,gyroy_psdMean,21,False,20,
Gyroscope,gyroy_sdVal,22,False,20,
Gyroscope,gyroy_varVal,23,False,20,
Gyroscope,gyroy_meanFreq,24,False,20,
Gyroscope,gyrox_rmsVal,25,False,20,
Gyroscope,gyrox_psdAsymmetry,26,False,20,
Gyroscope,gyrox_medianFreq,27,False,20,
Gyroscope,gyroy_domAmp,28,False,20,
Gyroscope,gyroy_psdAsymmetry,29,False,20,
Gyroscope,gyrox_minVal,30,False,20,
Gyroscope,gyrox_sdVal,31,False,20,
Gyroscope,gyrox_domAmp,32,False,20,
Gyroscope,gyroz_maxVal,1,True,30,0.9714994514228116
Gyroscope,gyroz_peakToPeak,1,True,30,0.5875427954124087
Gyroscope,gyrox_cvVal,1,True,30,0.46891731530160796
Gyroscope,gyroy_minVal,1,True,30,0.4514779317439914
Gyroscope,gyroz_varVal,1,True,30,0.44405477686425915
Gyroscope,gyroz_psdMean,1,True,30,0.43920268166005827
Gyroscope,gyroz_minVal,1,True,30,0.42019431216047415
Gyroscope,gyroy_medianFreq,1,True,30,0.41797506155083025
Gyroscope,gyroz_domAmp,1,True,30,0.40871346710338446
Gyroscope,gyrox_harmonicRatio,1,True,30,0.38990529957126613
Gyroscope,gyroz_cvVal,1,True,30,0.3756432700044348
Gyroscope,gyroz_medianFreq,1,True,30,0.35536574398128007
Gyroscope,gyrox_maxVal,1,True,30,0.3509577951026864
Gyroscope,gyroz_meanVal,1,True,30,0.33230877546784227
Gyroscope,gyroy_specEntropy,1,True,30,0.3116883591957011
Gyroscope,gyroz_psdAsymmetry,1,True,30,0.3037371893085901
Gyroscope,gyroz_sdVal,1,True,30,0.29257424279550465
Gyroscope,gyroz_rmsVal,1,True,30,0.28922271807995037
Gyroscope,gyroy_domFreq,1,True,30,0.26770971293153745
Gyroscope,gyrox_meanVal,1,True,30,0.25249732763706567
Gyroscope,gyrox_specEntropy,1,True,30,0.23785562217842846
Gyroscope,gyroz_mavVal,1,True,30,0.21117724958067405
Gyroscope,gyroy_maxVal,1,True,30,0.20952160172150283
Gyroscope,gyroy_peakToPeak,1,True,30,0.19864909487270213
Gyroscope,gyroy_harmonicRatio,1,True,30,0.1976051233759946
Gyroscope,gyrox_domFreq,1,True,30,0.19301198802427008
Gyroscope,gyroy_mavVal,1,True,30,0.183738595451866
Gyroscope,gyroy_cvVal,1,True,30,0.17342110612016656
Gyroscope,gyroz_domFreq,1,True,30,0.1733530721288982
Gyroscope,gyroz_meanFreq,1,True,30,0.16377990633453293
Gyroscope,gyroy_meanVal,2,False,30,
Gyroscope,gyrox_psdMean,3,False,30,
Gyroscope,gyrox_mavVal,4,False,30,
Gyroscope,gyrox_varVal,5,False,30,
Gyroscope,gyrox_peakToPeak,6,False,30,
Gyroscope,gyroz_harmonicRatio,7,False,30,
Gyroscope,gyroz_specEntropy,8,False,30,
Gyroscope,gyrox_meanFreq,9,False,30,
Gyroscope,gyroy_rmsVal,10,False,30,
Gyroscope,gyroy_psdMean,11,False,30,
Gyroscope,gyroy_sdVal,12,False,30,
Gyroscope,gyroy_varVal,13,False,30,
Gyroscope,gyroy_meanFreq,14,False,30,
Gyroscope,gyrox_rmsVal,15,False,30,
Gyroscope,gyrox_psdAsymmetry,16,False,30,
Gyroscope,gyrox_medianFreq,17,False,30,
Gyroscope,gyroy_domAmp,18,False,30,
Gyroscope,gyroy_psdAsymmetry,19,False,30,
Gyroscope,gyrox_minVal,20,False,30,
Gyroscope,gyrox_sdVal,21,False,30,
Gyroscope,gyrox_domAmp,22,False,30,
Gyroscope,gyroz_maxVal,1,True,40,0.9727717985439744
Gyroscope,gyroz_peakToPeak,1,True,40,0.5886414625031269
Gyroscope,gyroy_medianFreq,1,True,40,0.45585210209032806
Gyroscope,gyrox_cvVal,1,True,40,0.44610943527802777
Gyroscope,gyroz_varVal,1,True,40,0.44055311826756777
Gyroscope,gyroy_minVal,1,True,40,0.43648090319564153
Gyroscope,gyroz_psdMean,1,True,40,0.4358453286244149
Gyroscope,gyroz_minVal,1,True,40,0.4242811359199499
Gyroscope,gyrox_harmonicRatio,1,True,40,0.4169084581651994
Gyroscope,gyroz_domAmp,1,True,40,0.3993332987665794
Gyroscope,gyroz_cvVal,1,True,40,0.3793456900899983
Gyroscope,gyrox_maxVal,1,True,40,0.3560177416943737
Gyroscope,gyroz_medianFreq,1,True,40,0.330133023441837
Gyroscope,gyroz_meanVal,1,True,40,0.313835827125794
Gyroscope,gyroz_sdVal,1,True,40,0.28782999128737097
Gyroscope,gyroz_rmsVal,1,True,40,0.28446788109549015
Gyroscope,gyroy_domFreq,1,True,40,0.2810692974135524
Gyroscope,gyrox_meanVal,1,True,40,0.28026316434132803
Gyroscope,gyroz_psdAsymmetry,1,True,40,0.2788206734236966
Gyroscope,gyroy_maxVal,1,True,40,0.2599067650023777
Gyroscope,gyroy_specEntropy,1,True,40,0.2559140775268722
Gyroscope,gyroz_mavVal,1,True,40,0.2083467830158813
Gyroscope,gyroy_meanVal,1,True,40,0.19058740975902944
Gyroscope,gyrox_mavVal,1,True,40,0.18354697206425452
Gyroscope,gyrox_specEntropy,1,True,40,0.16966770294685682
Gyroscope,gyrox_domFreq,1,True,40,0.16903770468118054
Gyroscope,gyroz_meanFreq,1,True,40,0.16900388425717952
Gyroscope,gyroy_harmonicRatio,1,True,40,0.16456123443606616
Gyroscope,gyroy_peakToPeak,1,True,40,0.16353844529747472
Gyroscope,gyroy_cvVal,1,True,40,0.16252932001046375
Gyroscope,gyroz_domFreq,1,True,40,0.1612594596986778
Gyroscope,gyrox_varVal,1,True,40,0.1536736522316299
Gyroscope,gyrox_psdMean,1,True,40,0.1465608514987294
Gyroscope,gyroy_rmsVal,1,True,40,0.13408073682501534
Gyroscope,gyrox_peakToPeak,1,True,40,0.13274840664266305
Gyroscope,gyroy_mavVal,1,True,40,0.12659343254128555
Gyroscope,gyroz_specEntropy,1,True,40,0.12600362969192855
Gyroscope,gyrox_meanFreq,1,True,40,0.1225086074899866
Gyroscope,gyroz_harmonicRatio,1,True,40,0.1218500582545076
Gyroscope,gyroy_psdMean,1,True,40,0.11159879604760053
Gyroscope,gyroy_sdVal,2,False,40,
Gyroscope,gyroy_varVal,3,False,40,
Gyroscope,gyroy_meanFreq,4,False,40,
Gyroscope,gyrox_rmsVal,5,False,40,
Gyroscope,gyrox_psdAsymmetry,6,False,40,
Gyroscope,gyrox_medianFreq,7,False,40,
Gyroscope,gyroy_domAmp,8,False,40,
Gyroscope,gyroy_psdAsymmetry,9,False,40,
Gyroscope,gyrox_minVal,10,False,40,
Gyroscope,gyrox_sdVal,11,False,40,
Gyroscope,gyrox_domAmp,12,False,40,
Gyroscope,gyroz_maxVal,1,True,50,0.9711778052512355
Gyroscope,gyroz_peakToPeak,1,True,50,0.5905603514070005
Gyroscope,gyrox_cvVal,1,True,50,0.446161764177546
Gyroscope,gyroz_varVal,1,True,50,0.4441923713424744
Gyroscope,gyroz_psdMean,1,True,50,0.4394097043392682
Gyroscope,gyroy_medianFreq,1,True,50,0.4365869107597744
Gyroscope,gyroy_minVal,1,True,50,0.4345622870358851
Gyroscope,gyroz_minVal,1,True,50,0.4196927543507318
Gyroscope,gyrox_harmonicRatio,1,True,50,0.4145249387863026
Gyroscope,gyroz_domAmp,1,True,50,0.3973840080445923
Gyroscope,gyroz_cvVal,1,True,50,0.38193992599124993
Gyroscope,gyrox_maxVal,1,True,50,0.338232723573433
Gyroscope,gyroz_medianFreq,1,True,50,0.33455631858612916
Gyroscope,gyroz_meanVal,1,True,50,0.31574884073913895
Gyroscope,gyroz_sdVal,1,True,50,0.2882304502483551
Gyroscope,gyroz_psdAsymmetry,1,True,50,0.2874568821162484
Gyroscope,gyroz_rmsVal,1,True,50,0.2849065521063429
Gyroscope,gyroy_domFreq,1,True,50,0.28449425368991293
Gyroscope,gyrox_meanVal,1,True,50,0.2834373254847544
Gyroscope,gyroy_maxVal,1,True,50,0.2720553435299075
Gyroscope,gyroy_specEntropy,1,True,50,0.23687764257431998
Gyroscope,gyroz_mavVal,1,True,50,0.21142208793349745
Gyroscope,gyroy_meanVal,1,True,50,0.1903821631537406
Gyroscope,gyrox_mavVal,1,True,50,0.17771177730691542
Gyroscope,gyroy_harmonicRatio,1,True,50,0.1734871317477599
Gyroscope,gyrox_specEntropy,1,True,50,0.1712464078082653
Gyroscope,gyroz_meanFreq,1,True,50,0.16975576306589701
Gyroscope,gyrox_domFreq,1,True,50,0.16931478859381807
Gyroscope,gyrox_varVal,1,True,50,0.1633384260549781
Gyroscope,gyroy_cvVal,1,True,50,0.16271036523269725
Gyroscope,gyroz_domFreq,1,True,50,0.15800319529060938
Gyroscope,gyrox_psdMean,1,True,50,0.15674659136627714
Gyroscope,gyroy_peakToPeak,1,True,50,0.15621126694314783
Gyroscope,gyrox_meanFreq,1,True,50,0.146531691479356
Gyroscope,gyrox_peakToPeak,1,True,50,0.13941497763956687
Gyroscope,gyroz_specEntropy,1,True,50,0.12433736069111191
Gyroscope,gyroz_harmonicRatio,1,True,50,0.12365992152177596
Gyroscope,gyroy_rmsVal,1,True,50,0.11679827369597769
Gyroscope,gyroy_mavVal,1,True,50,0.10739702511188091
Gyroscope,gyroy_sdVal,1,True,50,0.10088415709157288
Gyroscope,gyroy_psdMean,1,True,50,0.09795124370174729
Gyroscope,gyrox_medianFreq,1,True,50,0.07762387816076498
Gyroscope,gyroy_varVal,1,True,50,0.07184071157806658
Gyroscope,gyroy_meanFreq,1,True,50,0.07154592138337669
Gyroscope,gyroy_domAmp,1,True,50,0.06768182559838319
Gyroscope,gyrox_psdAsymmetry,1,True,50,0.06411286639160733
Gyroscope,gyroy_psdAsymmetry,1,True,50,0.06133907507264882
Gyroscope,gyrox_rmsVal,1,True,50,0.05790672370533608
Gyroscope,gyrox_minVal,1,True,50,0.05373558956527034
Gyroscope,gyrox_sdVal,1,True,50,0.04973206387936894
Gyroscope,gyrox_domAmp,2,False,50,
Gyroscope,gyroz_maxVal,1,True,51,0.9710330688704144
Gyroscope,gyroz_peakToPeak,1,True,51,0.5909340709699867
Gyroscope,gyrox_cvVal,1,True,51,0.4460824112103172
Gyroscope,gyroz_varVal,1,True,51,0.44395359738910023
Gyroscope,gyroz_psdMean,1,True,51,0.43924999276088067
Gyroscope,gyroy_medianFreq,1,True,51,0.4366978686391967
Gyroscope,gyroy_minVal,1,True,51,0.43554683780948045
Gyroscope,gyroz_minVal,1,True,51,0.4191818516044026
Gyroscope,gyrox_harmonicRatio,1,True,51,0.4163846665526449
Gyroscope,gyroz_domAmp,1,True,51,0.39502336748176514
Gyroscope,gyroz_cvVal,1,True,51,0.3808397317980348
Gyroscope,gyrox_maxVal,1,True,51,0.3379573423520585
Gyroscope,gyroz_medianFreq,1,True,51,0.33645211387893675
Gyroscope,gyroz_meanVal,1,True,51,0.31605123290440035
Gyroscope,gyroz_sdVal,1,True,51,0.28825147175096033
Gyroscope,gyroz_psdAsymmetry,1,True,51,0.28783017321028864
Gyroscope,gyroz_rmsVal,1,True,51,0.2849427968098858
Gyroscope,gyroy_domFreq,1,True,51,0.28490535426679386
Gyroscope,gyrox_meanVal,1,True,51,0.2808455395620464
Gyroscope,gyroy_maxVal,1,True,51,0.2727077623241064
Gyroscope,gyroy_specEntropy,1,True,51,0.23641740195382235
Gyroscope,gyroz_mavVal,1,True,51,0.21141173339986774
Gyroscope,gyroy_meanVal,1,True,51,0.18955356079398059
Gyroscope,gyrox_mavVal,1,True,51,0.17632259285040516
Gyroscope,gyroy_harmonicRatio,1,True,51,0.17516038917578933
Gyroscope,gyroz_meanFreq,1,True,51,0.16952465235195366
Gyroscope,gyrox_domFreq,1,True,51,0.169013850181298
Gyroscope,gyrox_specEntropy,1,True,51,0.16503079029891823
Gyroscope,gyroy_cvVal,1,True,51,0.1621590430135371
Gyroscope,gyroz_domFreq,1,True,51,0.15787584889218684
Gyroscope,gyrox_varVal,1,True,51,0.15785219162487565
Gyroscope,gyroy_peakToPeak,1,True,51,0.15654725930833208
Gyroscope,gyrox_psdMean,1,True,51,0.15584353025906164
Gyroscope,gyrox_meanFreq,1,True,51,0.14740054857175766
Gyroscope,gyrox_peakToPeak,1,True,51,0.13975893405584783
Gyroscope,gyroz_harmonicRatio,1,True,51,0.12494950545965566
Gyroscope,gyroz_specEntropy,1,True,51,0.12409401259931979
Gyroscope,gyroy_rmsVal,1,True,51,0.11679371217422148
Gyroscope,gyroy_mavVal,1,True,51,0.10743906323267734
Gyroscope,gyroy_sdVal,1,True,51,0.1008301105880526
Gyroscope,gyroy_psdMean,1,True,51,0.09760290157352185
Gyroscope,gyrox_medianFreq,1,True,51,0.07548388351742973
Gyroscope,gyroy_varVal,1,True,51,0.07171653554654274
Gyroscope,gyroy_meanFreq,1,True,51,0.07113467862092604
Gyroscope,gyroy_domAmp,1,True,51,0.06690241495915546
Gyroscope,gyrox_psdAsymmetry,1,True,51,0.0639063583870493
Gyroscope,gyroy_psdAsymmetry,1,True,51,0.06157714852143079
Gyroscope,gyrox_rmsVal,1,True,51,0.05843206901290687
Gyroscope,gyrox_minVal,1,True,51,0.05415608511365603
Gyroscope,gyrox_sdVal,1,True,51,0.051937066699412004
Gyroscope,gyrox_domAmp,1,True,51,0.04862299774363518
Accelerometer,accx_harmonicRatio,1,True,5,1.0307641255660798
Accelerometer,accx_psdMean,1,True,5,0.6646899649187522
Accelerometer,accx_meanVal,1,True,5,0.6450935009598027
Accelerometer,accx_minVal,1,True,5,0.5948771231198435
Accelerometer,accx_peakToPeak,1,True,5,0.4504483492878973
Accelerometer,accz_meanVal,2,False,5,
Accelerometer,accz_rmsVal,3,False,5,
Accelerometer,accx_mavVal,4,False,5,
Accelerometer,accx_varVal,5,False,5,
Accelerometer,accx_maxVal,6,False,5,
Accelerometer,accy_domAmp,7,False,5,
Accelerometer,accy_harmonicRatio,8,False,5,
Accelerometer,accy_maxVal,9,False,5,
Accelerometer,accz_harmonicRatio,10,False,5,
Accelerometer,accz_domFreq,11,False,5,
Accelerometer,accx_sdVal,12,False,5,
Accelerometer,accy_specEntropy,13,False,5,
Accelerometer,accx_rmsVal,14,False,5,
Accelerometer,accx_specEntropy,15,False,5,
Accelerometer,accy_medianFreq,16,False,5,
Accelerometer,accy_peakToPeak,17,False,5,
Accelerometer,accy_mavVal,18,False,5,
Accelerometer,accy_domFreq,19,False,5,
Accelerometer,accx_cvVal,20,False,5,
Accelerometer,accy_rmsVal,21,False,5,
Accelerometer,accz_minVal,22,False,5,
Accelerometer,accz_peakToPeak,23,False,5,
Accelerometer,accz_specEntropy,24,False,5,
Accelerometer,accx_meanFreq,25,False,5,
Accelerometer,accz_mavVal,26,False,5,
Accelerometer,accy_meanVal,27,False,5,
Accelerometer,accy_minVal,28,False,5,
Accelerometer,accz_maxVal,29,False,5,
Accelerometer,accx_domAmp,30,False,5,
Accelerometer,accz_medianFreq,31,False,5,
Accelerometer,accy_cvVal,32,False,5,
Accelerometer,accz_sdVal,33,False,5,
Accelerometer,accz_psdMean,34,False,5,
Accelerometer,accy_psdMean,35,False,5,
Accelerometer,accx_domFreq,36,False,5,
Accelerometer,accz_varVal,37,False,5,
Accelerometer,accz_meanFreq,38,False,5,
Accelerometer,accx_medianFreq,39,False,5,
Accelerometer,accy_sdVal,40,False,5,
Accelerometer,accz_cvVal,41,False,5,
Accelerometer,accy_meanFreq,42,False,5,
Accelerometer,accy_psdAsymmetry,43,False,5,
Accelerometer,accz_domAmp,44,False,5,
Accelerometer,accx_psdAsymmetry,45,False,5,
Accelerometer,accy_varVal,46,False,5,
Accelerometer,accz_psdAsymmetry,47,False,5,
Accelerometer,accz_meanVal,1,True,10,0.7007609653862265
Accelerometer,accx_minVal,1,True,10,0.5815355528280413
Accelerometer,accz_rmsVal,1,True,10,0.5236881651609875
Accelerometer,accx_harmonicRatio,1,True,10,0.5109234055657118
Accelerometer,accx_peakToPeak,1,True,10,0.4745274003960292
Accelerometer,accx_psdMean,1,True,10,0.4614908901814065
Accelerometer,accx_meanVal,1,True,10,0.44432378486460555
Accelerometer,accx_mavVal,1,True,10,0.4438702057308504
Accelerometer,accx_varVal,1,True,10,0.41769066649375275
Accelerometer,accx_maxVal,1,True,10,0.37725469743020307
Accelerometer,accy_domAmp,2,False,10,
Accelerometer,accy_harmonicRatio,3,False,10,
Accelerometer,accy_maxVal,4,False,10,
Accelerometer,accz_harmonicRatio,5,False,10,
Accelerometer,accz_domFreq,6,False,10,
Accelerometer,accx_sdVal,7,False,10,
Accelerometer,accy_specEntropy,8,False,10,
Accelerometer,accx_rmsVal,9,False,10,
Accelerometer,accx_specEntropy,10,False,10,
Accelerometer,accy_medianFreq,11,False,10,
Accelerometer,accy_peakToPeak,12,False,10,
Accelerometer,accy_mavVal,13,False,10,
Accelerometer,accy_domFreq,14,False,10,
Accelerometer,accx_cvVal,15,False,10,
Accelerometer,accy_rmsVal,16,False,10,
Accelerometer,accz_minVal,17,False,10,
Accelerometer,accz_peakToPeak,18,False,10,
Accelerometer,accz_specEntropy,19,False,10,
Accelerometer,accx_meanFreq,20,False,10,
Accelerometer,accz_mavVal,21,False,10,
Accelerometer,accy_meanVal,22,False,10,
Accelerometer,accy_minVal,23,False,10,
Accelerometer,accz_maxVal,24,False,10,
Accelerometer,accx_domAmp,25,False,10,
Accelerometer,accz_medianFreq,26,False,10,
Accelerometer,accy_cvVal,27,False,10,
Accelerometer,accz_sdVal,28,False,10,
Accelerometer,accz_psdMean,29,False,10,
Accelerometer,accy_psdMean,30,False,10,
Accelerometer,accx_domFreq,31,False,10,
Accelerometer,accz_varVal,32,False,10,
Accelerometer,accz_meanFreq,33,False,10,
Accelerometer,accx_medianFreq,34,False,10,
Accelerometer,accy_sdVal,35,False,10,
Accelerometer,accz_cvVal,36,False,10,
Accelerometer,accy_meanFreq,37,False,10,
Accelerometer,accy_psdAsymmetry,38,False,10,
Accelerometer,accz_domAmp,39,False,10,
Accelerometer,accx_psdAsymmetry,40,False,10,
Accelerometer,accy_varVal,41,False,10,
Accelerometer,accz_psdAsymmetry,42,False,10,
Accelerometer,accz_meanVal,1,True,15,0.6978176016248255
Accelerometer,accx_harmonicRatio,1,True,15,0.5877440583493622
Accelerometer,accx_minVal,1,True,15,0.5816324380327177
Accelerometer,accz_harmonicRatio,1,True,15,0.5769798389013671
Accelerometer,accz_rmsVal,1,True,15,0.5658829150166865
Accelerometer,accy_maxVal,1,True,15,0.49953120067778306
Accelerometer,accx_peakToPeak,1,True,15,0.48736910536414985
Accelerometer,accy_domAmp,1,True,15,0.4829090398294984
Accelerometer,accx_psdMean,1,True,15,0.4769778611756439
Accelerometer,accx_meanVal,1,True,15,0.4736509236274824
Accelerometer,accx_mavVal,1,True,15,0.47320697534033757
Accelerometer,accx_varVal,1,True,15,0.4558952879740663
Accelerometer,accy_harmonicRatio,1,True,15,0.4168061385163908
Accelerometer,accz_domFreq,1,True,15,0.41292936437251954
Accelerometer,accx_maxVal,1,True,15,0.4042528338216456
Accelerometer,accx_sdVal,2,False,15,
Accelerometer,accy_specEntropy,3,False,15,
Accelerometer,accx_rmsVal,4,False,15,
Accelerometer,accx_specEntropy,5,False,15,
Accelerometer,accy_medianFreq,6,False,15,
Accelerometer,accy_peakToPeak,7,False,15,
Accelerometer,accy_mavVal,8,False,15,
Accelerometer,accy_domFreq,9,False,15,
Accelerometer,accx_cvVal,10,False,15,
Accelerometer,accy_rmsVal,11,False,15,
Accelerometer,accz_minVal,12,False,15,
Accelerometer,accz_peakToPeak,13,False,15,
Accelerometer,accz_specEntropy,14,False,15,
Accelerometer,accx_meanFreq,15,False,15,
Accelerometer,accz_mavVal,16,False,15,
Accelerometer,accy_meanVal,17,False,15,
Accelerometer,accy_minVal,18,False,15,
Accelerometer,accz_maxVal,19,False,15,
Accelerometer,accx_domAmp,20,False,15,
Accelerometer,accz_medianFreq,21,False,15,
Accelerometer,accy_cvVal,22,False,15,
Accelerometer,accz_sdVal,23,False,15,
Accelerometer,accz_psdMean,24,False,15,
Accelerometer,accy_psdMean,25,False,15,
Accelerometer,accx_domFreq,26,False,15,
Accelerometer,accz_varVal,27,False,15,
Accelerometer,accz_meanFreq,28,False,15,
Accelerometer,accx_medianFreq,29,False,15,
Accelerometer,accy_sdVal,30,False,15,
Accelerometer,accz_cvVal,31,False,15,
Accelerometer,accy_meanFreq,32,False,15,
Accelerometer,accy_psdAsymmetry,33,False,15,
Accelerometer,accz_domAmp,34,False,15,
Accelerometer,accx_psdAsymmetry,35,False,15,
Accelerometer,accy_varVal,36,False,15,
Accelerometer,accz_psdAsymmetry,37,False,15,
Accelerometer,accz_meanVal,1,True,20,0.6633718196316988
Accelerometer,accx_minVal,1,True,20,0.6562408054581258
Accelerometer,accz_harmonicRatio,1,True,20,0.5675924491570989
Accelerometer,accy_domAmp,1,True,20,0.539332150499856
Accelerometer,accy_maxVal,1,True,20,0.525685102577359
Accelerometer,accz_rmsVal,1,True,20,0.5199845915980928
Accelerometer,accx_peakToPeak,1,True,20,0.5097450850449922
Accelerometer,accz_domFreq,1,True,20,0.46335048074787366
Accelerometer,accx_harmonicRatio,1,True,20,0.43505292032396986
Accelerometer,accy_harmonicRatio,1,True,20,0.3932287143753877
Accelerometer,accx_maxVal,1,True,20,0.3904094268816099
Accelerometer,accy_specEntropy,1,True,20,0.3672942479594174
Accelerometer,accx_psdMean,1,True,20,0.3658567978393618
Accelerometer,accx_sdVal,1,True,20,0.3582340251129641
Accelerometer,accx_rmsVal,1,True,20,0.35187908511180727
Accelerometer,accx_meanVal,1,True,20,0.3496399670587606
Accelerometer,accx_mavVal,1,True,20,0.34928013703144817
Accelerometer,accx_varVal,1,True,20,0.34351350083828125
Accelerometer,accx_specEntropy,1,True,20,0.30107213252664256
Accelerometer,accy_medianFreq,1,True,20,0.2914984762018853
Accelerometer,accy_peakToPeak,2,False,20,
Accelerometer,accy_mavVal,3,False,20,
Accelerometer,accy_domFreq,4,False,20,
Accelerometer,accx_cvVal,5,False,20,
Accelerometer,accy_rmsVal,6,False,20,
Accelerometer,accz_minVal,7,False,20,
Accelerometer,accz_peakToPeak,8,False,20,
Accelerometer,accz_specEntropy,9,False,20,
Accelerometer,accx_meanFreq,10,False,20,
Accelerometer,accz_mavVal,11,False,20,
Accelerometer,accy_meanVal,12,False,20,
Accelerometer,accy_minVal,13,False,20,
Accelerometer,accz_maxVal,14,False,20,
Accelerometer,accx_domAmp,15,False,20,
Accelerometer,accz_medianFreq,16,False,20,
Accelerometer,accy_cvVal,17,False,20,
Accelerometer,accz_sdVal,18,False,20,
Accelerometer,accz_psdMean,19,False,20,
Accelerometer,accy_psdMean,20,False,20,
Accelerometer,accx_domFreq,21,False,20,
Accelerometer,accz_varVal,22,False,20,
Accelerometer,accz_meanFreq,23,False,20,
Accelerometer,accx_medianFreq,24,False,20,
Accelerometer,accy_sdVal,25,False,20,
Accelerometer,accz_cvVal,26,False,20,
Accelerometer,accy_meanFreq,27,False,20,
Accelerometer,accy_psdAsymmetry,28,False,20,
Accelerometer,accz_domAmp,29,False,20,
Accelerometer,accx_psdAsymmetry,30,False,20,
Accelerometer,accy_varVal,31,False,20,
Accelerometer,accz_psdAsymmetry,32,False,20,
Accelerometer,accx_minVal,1,True,30,0.65538532961322
Accelerometer,accz_meanVal,1,True,30,0.5937279953553248
Accelerometer,accz_harmonicRatio,1,True,30,0.5354248047885104
Accelerometer,accx_peakToPeak,1,True,30,0.5242126389956078
Accelerometer,accz_domFreq,1,True,30,0.49522048321874146
Accelerometer,accy_maxVal,1,True,30,0.4704713851237525
Accelerometer,accy_domAmp,1,True,30,0.4453597817430576
Accelerometer,accy_harmonicRatio,1,True,30,0.43744921122762204
Accelerometer,accx_maxVal,1,True,30,0.42127497411872233
Accelerometer,accx_meanVal,1,True,30,0.40903999710944555
Accelerometer,accx_mavVal,1,True,30,0.40866964437788705
Accelerometer,accx_psdMean,1,True,30,0.4055077751719107
Accelerometer,accx_rmsVal,1,True,30,0.39304812493184965
Accelerometer,accy_medianFreq,1,True,30,0.3792286820864616
Accelerometer,accx_harmonicRatio,1,True,30,0.37351252471283264
Accelerometer,accy_specEntropy,1,True,30,0.35747123738556513
Accelerometer,accx_sdVal,1,True,30,0.3514689651184259
Accelerometer,accy_peakToPeak,1,True,30,0.34302232483294
Accelerometer,accy_mavVal,1,True,30,0.33351765564501995
Accelerometer,accx_varVal,1,True,30,0.31133540447650887
Accelerometer,accx_specEntropy,1,True,30,0.299790173724557
Accelerometer,accy_domFreq,1,True,30,0.28385948098938424
Accelerometer,accz_rmsVal,1,True,30,0.27376504296231186
Accelerometer,accz_specEntropy,1,True,30,0.2607984444429952
Accelerometer,accx_meanFreq,1,True,30,0.2563164106907087
Accelerometer,accx_cvVal,1,True,30,0.24878194470678583
Accelerometer,accz_peakToPeak,1,True,30,0.24326542789913655
Accelerometer,accy_rmsVal,1,True,30,0.24049382107688144
Accelerometer,accz_minVal,1,True,30,0.23931053473139496
Accelerometer,accz_mavVal,1,True,30,0.19443241819217125
Accelerometer,accy_meanVal,2,False,30,
Accelerometer,accy_minVal,3,False,30,
Accelerometer,accz_maxVal,4,False,30,
Accelerometer,accx_domAmp,5,False,30,
Accelerometer,accz_medianFreq,6,False,30,
Accelerometer,accy_cvVal,7,False,30,
Accelerometer,accz_sdVal,8,False,30,
Accelerometer,accz_psdMean,9,False,30,
Accelerometer,accy_psdMean,10,False,30,
Accelerometer,accx_domFreq,11,False,30,
Accelerometer,accz_varVal,12,False,30,
Accelerometer,accz_meanFreq,13,False,30,
Accelerometer,accx_medianFreq,14,False,30,
Accelerometer,accy_sdVal,15,False,30,
Accelerometer,accz_cvVal,16,False,30,
Accelerometer,accy_meanFreq,17,False,30,
Accelerometer,accy_psdAsymmetry,18,False,30,
Accelerometer,accz_domAmp,19,False,30,
Accelerometer,accx_psdAsymmetry,20,False,30,
Accelerometer,accy_varVal,21,False,30,
Accelerometer,accz_psdAsymmetry,22,False,30,
Accelerometer,accx_minVal,1,True,40,0.7120199575020852
Accelerometer,accz_meanVal,1,True,40,0.6087879137994401
Accelerometer,accy_maxVal,1,True,40,0.54584592235341
Accelerometer,accx_peakToPeak,1,True,40,0.5055957503319197
Accelerometer,accz_domFreq,1,True,40,0.48994283559109064
Accelerometer,accy_harmonicRatio,1,True,40,0.4856554413950027
Accelerometer,accz_harmonicRatio,1,True,40,0.4572575889902968
Accelerometer,accx_psdMean,1,True,40,0.41918810964268666
Accelerometer,accx_meanVal,1,True,40,0.4181570271813166
Accelerometer,accx_mavVal,1,True,40,0.41794050307693653
Accelerometer,accx_rmsVal,1,True,40,0.40318983073996906
Accelerometer,accx_maxVal,1,True,40,0.40053364390343615
Accelerometer,accy_domAmp,1,True,40,0.3795063333620015
Accelerometer,accx_harmonicRatio,1,True,40,0.37299285741413474
Accelerometer,accy_medianFreq,1,True,40,0.3581094250038288
Accelerometer,accy_mavVal,1,True,40,0.3362696561968641
Accelerometer,accx_sdVal,1,True,40,0.3341955905700968
Accelerometer,accx_varVal,1,True,40,0.3286241967115064
Accelerometer,accy_peakToPeak,1,True,40,0.3264483259106536
Accelerometer,accy_specEntropy,1,True,40,0.28022143589428694
Accelerometer,accy_meanVal,1,True,40,0.26033546635710764
Accelerometer,accy_domFreq,1,True,40,0.2483134355995168
Accelerometer,accz_specEntropy,1,True,40,0.23600820789886803
Accelerometer,accz_minVal,1,True,40,0.2353119935933936
Accelerometer,accz_rmsVal,1,True,40,0.2340594516600719
Accelerometer,accz_peakToPeak,1,True,40,0.2263630714745415
Accelerometer,accy_rmsVal,1,True,40,0.22619293419225203
Accelerometer,accx_cvVal,1,True,40,0.22593997235143073
Accelerometer,accx_meanFreq,1,True,40,0.21991523375756947
Accelerometer,accz_maxVal,1,True,40,0.2107805895540561
Accelerometer,accy_minVal,1,True,40,0.21029478004567692
Accelerometer,accz_mavVal,1,True,40,0.1761046209138599
Accelerometer,accy_cvVal,1,True,40,0.1673968779416843
Accelerometer,accx_domAmp,1,True,40,0.16263953419495786
Accelerometer,accy_psdMean,1,True,40,0.1573275870614387
Accelerometer,accz_sdVal,1,True,40,0.15494477222143224
Accelerometer,accx_specEntropy,1,True,40,0.15130873482574678
Accelerometer,accz_medianFreq,1,True,40,0.1497276531210455
Accelerometer,accx_domFreq,1,True,40,0.1451969465853399
Accelerometer,accz_psdMean,1,True,40,0.1410057753468146
Accelerometer,accz_varVal,2,False,40,
Accelerometer,accz_meanFreq,3,False,40,
Accelerometer,accx_medianFreq,4,False,40,
Accelerometer,accy_sdVal,5,False,40,
Accelerometer,accz_cvVal,6,False,40,
Accelerometer,accy_meanFreq,7,False,40,
Accelerometer,accy_psdAsymmetry,8,False,40,
Accelerometer,accz_domAmp,9,False,40,
Accelerometer,accx_psdAsymmetry,10,False,40,
Accelerometer,accy_varVal,11,False,40,
Accelerometer,accz_psdAsymmetry,12,False,40,
Accelerometer,accx_minVal,1,True,50,0.7092515699842888
Accelerometer,accz_meanVal,1,True,50,0.5973040657835557
Accelerometer,accy_maxVal,1,True,50,0.5447188356545483
Accelerometer,accx_peakToPeak,1,True,50,0.5069772736100223
Accelerometer,accz_domFreq,1,True,50,0.4991906692519817
Accelerometer,accy_harmonicRatio,1,True,50,0.4840352722961236
Accelerometer,accz_harmonicRatio,1,True,50,0.4446379016088951
Accelerometer,accx_psdMean,1,True,50,0.41947773896241913
Accelerometer,accx_meanVal,1,True,50,0.41879141569921424
Accelerometer,accx_mavVal,1,True,50,0.41861806091635984
Accelerometer,accx_rmsVal,1,True,50,0.40461417351070056
Accelerometer,accx_maxVal,1,True,50,0.4043631675990014
Accelerometer,accy_domAmp,1,True,50,0.3781073125163334
Accelerometer,accx_harmonicRatio,1,True,50,0.36755293333661304
Accelerometer,accy_medianFreq,1,True,50,0.3454037077985177
Accelerometer,accx_sdVal,1,True,50,0.336357400054527
Accelerometer,accy_peakToPeak,1,True,50,0.3316267643175581
Accelerometer,accy_mavVal,1,True,50,0.3271751176132967
Accelerometer,accx_varVal,1,True,50,0.3242226767798167
Accelerometer,accy_specEntropy,1,True,50,0.2675877221422929
Accelerometer,accy_meanVal,1,True,50,0.26506766804593324
Accelerometer,accz_specEntropy,1,True,50,0.25770367943462524
Accelerometer,accy_domFreq,1,True,50,0.25388123075855645
Accelerometer,accz_rmsVal,1,True,50,0.24483900841175635
Accelerometer,accz_minVal,1,True,50,0.23914360223625986
Accelerometer,accx_cvVal,1,True,50,0.227269529483875
Accelerometer,accz_peakToPeak,1,True,50,0.2228771599141182
Accelerometer,accx_meanFreq,1,True,50,0.2172549389327556
Accelerometer,accz_maxVal,1,True,50,0.21479749578698584
Accelerometer,accy_rmsVal,1,True,50,0.21321539013103954
Accelerometer,accy_minVal,1,True,50,0.19170562435779612
Accelerometer,accz_mavVal,1,True,50,0.1883746819607904
Accelerometer,accx_domAmp,1,True,50,0.17357700115250763
Accelerometer,accy_cvVal,1,True,50,0.17183752348049688
Accelerometer,accx_specEntropy,1,True,50,0.17071312404171676
Accelerometer,accx_domFreq,1,True,50,0.16588949629319505
Accelerometer,accz_medianFreq,1,True,50,0.14760017665575065
Accelerometer,accz_psdMean,1,True,50,0.1470373027834749
Accelerometer,accy_psdMean,1,True,50,0.1383156913407101
Accelerometer,accz_sdVal,1,True,50,0.12555342208967293
Accelerometer,accz_varVal,1,True,50,0.0973259241672566
Accelerometer,accz_meanFreq,1,True,50,0.0966777309302453
Accelerometer,accx_medianFreq,1,True,50,0.08547037978284293
Accelerometer,accy_sdVal,1,True,50,0.07390680674102044
Accelerometer,accy_meanFreq,1,True,50,0.06803007898301267
Accelerometer,accz_cvVal,1,True,50,0.062449291552304075
Accelerometer,accy_psdAsymmetry,1,True,50,0.06036764803793757
Accelerometer,accz_domAmp,1,True,50,0.04334428714729525
Accelerometer,accx_psdAsymmetry,1,True,50,0.037620014869453884
Accelerometer,accy_varVal,1,True,50,0.0371913222394957
Accelerometer,accz_psdAsymmetry,2,False,50,
Accelerometer,accx_minVal,1,True,51,0.7089952950903106
Accelerometer,accz_meanVal,1,True,51,0.5978241449206113
Accelerometer,accy_maxVal,1,True,51,0.5447751280608356
Accelerometer,accx_peakToPeak,1,True,51,0.5071049826566079
Accelerometer,accz_domFreq,1,True,51,0.4989750121827858
Accelerometer,accy_harmonicRatio,1,True,51,0.48399247086605063
Accelerometer,accz_harmonicRatio,1,True,51,0.44402740161647597
Accelerometer,accx_psdMean,1,True,51,0.41943722472114464
Accelerometer,accx_meanVal,1,True,51,0.41874306542879247
Accelerometer,accx_mavVal,1,True,51,0.41857273727463046
Accelerometer,accx_maxVal,1,True,51,0.4046324269288533
Accelerometer,accx_rmsVal,1,True,51,0.4045881034122154
Accelerometer,accy_domAmp,1,True,51,0.3782898626478421
Accelerometer,accx_harmonicRatio,1,True,51,0.3672294391940438
Accelerometer,accy_medianFreq,1,True,51,0.3443476668166949
Accelerometer,accx_sdVal,1,True,51,0.33631756510423855
Accelerometer,accy_peakToPeak,1,True,51,0.3326785397802713
Accelerometer,accy_mavVal,1,True,51,0.3275322812593078
Accelerometer,accx_varVal,1,True,51,0.3242491409728636
Accelerometer,accy_specEntropy,1,True,51,0.2676050597362976
Accelerometer,accy_meanVal,1,True,51,0.26487951193690007
Accelerometer,accz_specEntropy,1,True,51,0.2577946504164794
Accelerometer,accy_domFreq,1,True,51,0.25381223771359496
Accelerometer,accz_rmsVal,1,True,51,0.2448915042108706
Accelerometer,accz_minVal,1,True,51,0.23921895352653713
Accelerometer,accx_cvVal,1,True,51,0.2276142090136081
Accelerometer,accz_peakToPeak,1,True,51,0.22278769066217585
Accelerometer,accx_meanFreq,1,True,51,0.21621071369867337
Accelerometer,accz_maxVal,1,True,51,0.21481051952127142
Accelerometer,accy_rmsVal,1,True,51,0.2131536662915666
Accelerometer,accy_minVal,1,True,51,0.19155383054158784
Accelerometer,accz_mavVal,1,True,51,0.18849518939444154
Accelerometer,accx_domAmp,1,True,51,0.17413636479630987
Accelerometer,accy_cvVal,1,True,51,0.1712635888194957
Accelerometer,accx_specEntropy,1,True,51,0.17050538878919283
Accelerometer,accx_domFreq,1,True,51,0.16592891476068908
Accelerometer,accz_psdMean,1,True,51,0.14706567286174452
Accelerometer,accz_medianFreq,1,True,51,0.14565515466825288
Accelerometer,accy_psdMean,1,True,51,0.13806406253090073
Accelerometer,accz_sdVal,1,True,51,0.12571371729658887
Accelerometer,accz_meanFreq,1,True,51,0.09663455173916463
Accelerometer,accz_varVal,1,True,51,0.09643976193067562
Accelerometer,accx_medianFreq,1,True,51,0.08509323263217954
Accelerometer,accy_sdVal,1,True,51,0.0738765322373413
Accelerometer,accy_meanFreq,1,True,51,0.06933634651895058
Accelerometer,accz_cvVal,1,True,51,0.062315252165489395
Accelerometer,accy_psdAsymmetry,1,True,51,0.058362950594868866
Accelerometer,accz_domAmp,1,True,51,0.04305660411235157
Accelerometer,accx_psdAsymmetry,1,True,51,0.03967237173545987
Accelerometer,accy_varVal,1,True,51,0.0369890915346821
Accelerometer,accz_psdAsymmetry,1,True,51,0.029759201710982855
EMG,RFinter_peakToPeak,1,True,5,0.9683209113987464
EMG,MGinter_cvVal,1,True,5,0.8753893036196124
EMG,BFinter_cvVal,1,True,5,0.830007627306513
EMG,GMinter_psdAsymmetry,1,True,5,0.752063936460157
EMG,TAinter_harmonicRatio,1,True,5,0.6465131035469766
EMG,BFinter_waveformLength,2,False,5,
EMG,RFinter_minVal,3,False,5,
EMG,TAinter_cvVal,4,False,5,
EMG,MGinter_psdAsymmetry,5,False,5,
EMG,BFinter_psdAsymmetry,6,False,5,
EMG,BFinter_logDetector,7,False,5,
EMG,PLinter_medianFreq,8,False,5,
EMG,PLinter_harmonicRatio,9,False,5,
EMG,RFinter_meanFreq,10,False,5,
EMG,PLinter_minVal,11,False,5,
EMG,GMinter_domFreq,12,False,5,
EMG,MGinter_domFreq,13,False,5,
EMG,BFinter_harmonicRatio,14,False,5,
EMG,MGinter_meanFreq,15,False,5,
EMG,MGinter_minVal,16,False,5,
EMG,TAinter_minVal,17,False,5,
EMG,RFinter_psdAsymmetry,18,False,5,
EMG,GMinter_emdEnergy,19,False,5,
EMG,PLinter_maxVal,20,False,5,
EMG,PLinter_cvVal,21,False,5,
EMG,PLinter_specEntropy,22,False,5,
EMG,RFinter_cvVal,23,False,5,
EMG,PLinter_meanFreq,24,False,5,
EMG,TAinter_waveformLength,25,False,5,
EMG,BFinter_meanFreq,26,False,5,
EMG,MGinter_medianFreq,27,False,5,
EMG,BFinter_domFreq,28,False,5,
EMG,RFinter_harmonicRatio,29,False,5,
EMG,GMinter_meanFreq,30,False,5,
EMG,GMinter_peakToPeak,31,False,5,
EMG,GMinter_cvVal,32,False,5,
EMG,TAinter_domFreq,33,False,5,
EMG,PLinter_peakToPeak,34,False,5,
EMG,BFinter_minVal,35,False,5,
EMG,GMinter_maxVal,36,False,5,
EMG,RFinter_domFreq,37,False,5,
EMG,PLinter_mavVal,38,False,5,
EMG,RFinter_maxVal,39,False,5,
EMG,GMinter_harmonicRatio,40,False,5,
EMG,PLinter_domFreq,41,False,5,
EMG,PLinter_logDetector,42,False,5,
EMG,MGinter_waveformLength,43,False,5,
EMG,GMinter_medianFreq,44,False,5,
EMG,TAinter_domAmp,45,False,5,
EMG,PLinter_cwtMean,46,False,5,
EMG,GMinter_varVal,47,False,5,
EMG,TAinter_specEntropy,48,False,5,
EMG,BFinter_medianFreq,49,False,5,
EMG,PLinter_sdVal,50,False,5,
EMG,TAinter_emdEnergy,51,False,5,
EMG,BFinter_specEntropy,52,False,5,
EMG,TAinter_psdAsymmetry,53,False,5,
EMG,GMinter_logDetector,54,False,5,
EMG,GMinter_waveformLength,55,False,5,
EMG,MGinter_harmonicRatio,56,False,5,
EMG,PLinter_varVal,57,False,5,
EMG,GMinter_dwtEnergy,58,False,5,
EMG,RFinter_medianFreq,59,False,5,
EMG,RFinter_waveformLength,60,False,5,
EMG,PLinter_rmsVal,61,False,5,
EMG,GMinter_minVal,62,False,5,
EMG,PLinter_psdMean,63,False,5,
EMG,GMinter_sdVal,64,False,5,
EMG,TAinter_meanFreq,65,False,5,
EMG,TAinter_dwtEnergy,66,False,5,
EMG,PLinter_meanPowerFreq,67,False,5,
EMG,PLinter_psdAsymmetry,68,False,5,
EMG,RFinter_domAmp,69,False,5,
EMG,GMinter_domAmp,70,False,5,
EMG,MGinter_cwtMean,71,False,5,
EMG,GMinter_psdMean,72,False,5,
EMG,TAinter_medianFreq,73,False,5,
EMG,GMinter_meanPowerFreq,74,False,5,
EMG,GMinter_cwtMean,75,False,5,
EMG,BFinter_varVal,76,False,5,
EMG,TAinter_peakToPeak,77,False,5,
EMG,PLinter_emdEnergy,78,False,5,
EMG,MGinter_sdVal,79,False,5,
EMG,TAinter_maxVal,80,False,5,
EMG,MGinter_mavVal,81,False,5,
EMG,RFinter_emdEnergy,82,False,5,
EMG,BFinter_mavVal,83,False,5,
EMG,BFinter_cwtMean,84,False,5,
EMG,GMinter_rmsVal,85,False,5,
EMG,MGinter_rmsVal,86,False,5,
EMG,RFinter_specEntropy,87,False,5,
EMG,PLinter_waveformLength,88,False,5,
EMG,MGinter_logDetector,89,False,5,
EMG,BFinter_domAmp,90,False,5,
EMG,RFinter_sdVal,91,False,5,
EMG,TAinter_logDetector,92,False,5,
EMG,BFinter_sdVal,93,False,5,
EMG,GMinter_specEntropy,94,False,5,
EMG,PLinter_dwtEnergy,95,False,5,
EMG,TAinter_sdVal,96,False,5,
EMG,TAinter_varVal,97,False,5,
EMG,TAinter_mavVal,98,False,5,
EMG,GMinter_mavVal,99,False,5,
EMG,TAinter_psdMean,100,False,5,
EMG,TAinter_meanPowerFreq,101,False,5,
EMG,PLinter_domAmp,102,False,5,
EMG,TAinter_rmsVal,103,False,5,
EMG,BFinter_meanVal,104,False,5,
EMG,RFinter_logDetector,105,False,5,
EMG,RFinter_varVal,106,False,5,
EMG,BFinter_dwtEnergy,107,False,5,
EMG,MGinter_domAmp,108,False,5,
EMG,MGinter_varVal,109,False,5,
EMG,RFinter_dwtEnergy,110,False,5,
EMG,RFinter_rmsVal,111,False,5,
EMG,MGinter_specEntropy,112,False,5,
EMG,MGinter_psdMean,113,False,5,
EMG,MGinter_dwtEnergy,114,False,5,
EMG,MGinter_meanPowerFreq,115,False,5,
EMG,RFinter_cwtMean,116,False,5,
EMG,BFinter_peakToPeak,117,False,5,
EMG,PLinter_meanVal,118,False,5,
EMG,BFinter_emdEnergy,119,False,5,
EMG,MGinter_peakToPeak,120,False,5,
EMG,BFinter_rmsVal,121,False,5,
EMG,MGinter_meanVal,122,False,5,
EMG,TAinter_cwtMean,123,False,5,
EMG,BFinter_maxVal,124,False,5,
EMG,RFinter_psdMean,125,False,5,
EMG,BFinter_psdMean,126,False,5,
EMG,RFinter_meanPowerFreq,127,False,5,
EMG,BFinter_meanPowerFreq,128,False,5,
EMG,MGinter_emdEnergy,129,False,5,
EMG,TAinter_meanVal,130,False,5,
EMG,GMinter_meanVal,131,False,5,
EMG,MGinter_maxVal,132,False,5,
EMG,RFinter_meanVal,133,False,5,
EMG,RFinter_mavVal,134,False,5,
EMG,MGinter_cvVal,1,True,10,0.9842903823651078
EMG,RFinter_peakToPeak,1,True,10,0.8935449415927555
EMG,BFinter_cvVal,1,True,10,0.8828887003326741
EMG,BFinter_waveformLength,1,True,10,0.8466392236215626
EMG,TAinter_harmonicRatio,1,True,10,0.7594601633437378
EMG,GMinter_psdAsymmetry,1,True,10,0.7283557878649004
EMG,RFinter_minVal,1,True,10,0.5197372829845774
EMG,MGinter_psdAsymmetry,1,True,10,0.5195865292874761
EMG,TAinter_cvVal,1,True,10,0.48767072502573167
EMG,BFinter_psdAsymmetry,1,True,10,0.4551506119027641
EMG,BFinter_logDetector,2,False,10,
EMG,PLinter_medianFreq,3,False,10,
EMG,PLinter_harmonicRatio,4,False,10,
EMG,RFinter_meanFreq,5,False,10,
EMG,PLinter_minVal,6,False,10,
EMG,GMinter_domFreq,7,False,10,
EMG,MGinter_domFreq,8,False,10,
EMG,BFinter_harmonicRatio,9,False,10,
EMG,MGinter_meanFreq,10,False,10,
EMG,MGinter_minVal,11,False,10,
EMG,TAinter_minVal,12,False,10,
EMG,RFinter_psdAsymmetry,13,False,10,
EMG,GMinter_emdEnergy,14,False,10,
EMG,PLinter_maxVal,15,False,10,
EMG,PLinter_cvVal,16,False,10,
EMG,PLinter_specEntropy,17,False,10,
EMG,RFinter_cvVal,18,False,10,
EMG,PLinter_meanFreq,19,False,10,
EMG,TAinter_waveformLength,20,False,10,
EMG,BFinter_meanFreq,21,False,10,
EMG,MGinter_medianFreq,22,False,10,
EMG,BFinter_domFreq,23,False,10,
EMG,RFinter_harmonicRatio,24,False,10,
EMG,GMinter_meanFreq,25,False,10,
EMG,GMinter_peakToPeak,26,False,10,
EMG,GMinter_cvVal,27,False,10,
EMG,TAinter_domFreq,28,False,10,
EMG,PLinter_peakToPeak,29,False,10,
EMG,BFinter_minVal,30,False,10,
EMG,GMinter_maxVal,31,False,10,
EMG,RFinter_domFreq,32,False,10,
EMG,PLinter_mavVal,33,False,10,
EMG,RFinter_maxVal,34,False,10,
EMG,GMinter_harmonicRatio,35,False,10,
EMG,PLinter_domFreq,36,False,10,
EMG,PLinter_logDetector,37,False,10,
EMG,MGinter_waveformLength,38,False,10,
EMG,GMinter_medianFreq,39,False,10,
EMG,TAinter_domAmp,40,False,10,
EMG,PLinter_cwtMean,41,False,10,
EMG,GMinter_varVal,42,False,10,
EMG,TAinter_specEntropy,43,False,10,
EMG,BFinter_medianFreq,44,False,10,
EMG,PLinter_sdVal,45,False,10,
EMG,TAinter_emdEnergy,46,False,10,
EMG,BFinter_specEntropy,47,False,10,
EMG,TAinter_psdAsymmetry,48,False,10,
EMG,GMinter_logDetector,49,False,10,
EMG,GMinter_waveformLength,50,False,10,
EMG,MGinter_harmonicRatio,51,False,10,
EMG,PLinter_varVal,52,False,10,
EMG,GMinter_dwtEnergy,53,False,10,
EMG,RFinter_medianFreq,54,False,10,
EMG,RFinter_waveformLength,55,False,10,
EMG,PLinter_rmsVal,56,False,10,
EMG,GMinter_minVal,57,False,10,
EMG,PLinter_psdMean,58,False,10,
EMG,GMinter_sdVal,59,False,10,
EMG,TAinter_meanFreq,60,False,10,
EMG,TAinter_dwtEnergy,61,False,10,
EMG,PLinter_meanPowerFreq,62,False,10,
EMG,PLinter_psdAsymmetry,63,False,10,
EMG,RFinter_domAmp,64,False,10,
EMG,GMinter_domAmp,65,False,10,
EMG,MGinter_cwtMean,66,False,10,
EMG,GMinter_psdMean,67,False,10,
EMG,TAinter_medianFreq,68,False,10,
EMG,GMinter_meanPowerFreq,69,False,10,
EMG,GMinter_cwtMean,70,False,10,
EMG,BFinter_varVal,71,False,10,
EMG,TAinter_peakToPeak,72,False,10,
EMG,PLinter_emdEnergy,73,False,10,
EMG,MGinter_sdVal,74,False,10,
EMG,TAinter_maxVal,75,False,10,
EMG,MGinter_mavVal,76,False,10,
EMG,RFinter_emdEnergy,77,False,10,
EMG,BFinter_mavVal,78,False,10,
EMG,BFinter_cwtMean,79,False,10,
EMG,GMinter_rmsVal,80,False,10,
EMG,MGinter_rmsVal,81,False,10,
EMG,RFinter_specEntropy,82,False,10,
EMG,PLinter_waveformLength,83,False,10,
EMG,MGinter_logDetector,84,False,10,
EMG,BFinter_domAmp,85,False,10,
EMG,RFinter_sdVal,86,False,10,
EMG,TAinter_logDetector,87,False,10,
EMG,BFinter_sdVal,88,False,10,
EMG,GMinter_specEntropy,89,False,10,
EMG,PLinter_dwtEnergy,90,False,10,
EMG,TAinter_sdVal,91,False,10,
EMG,TAinter_varVal,92,False,10,
EMG,TAinter_mavVal,93,False,10,
EMG,GMinter_mavVal,94,False,10,
EMG,TAinter_psdMean,95,False,10,
EMG,TAinter_meanPowerFreq,96,False,10,
EMG,PLinter_domAmp,97,False,10,
EMG,TAinter_rmsVal,98,False,10,
EMG,BFinter_meanVal,99,False,10,
EMG,RFinter_logDetector,100,False,10,
EMG,RFinter_varVal,101,False,10,
EMG,BFinter_dwtEnergy,102,False,10,
EMG,MGinter_domAmp,103,False,10,
EMG,MGinter_varVal,104,False,10,
EMG,RFinter_dwtEnergy,105,False,10,
EMG,RFinter_rmsVal,106,False,10,
EMG,MGinter_specEntropy,107,False,10,
EMG,MGinter_psdMean,108,False,10,
EMG,MGinter_dwtEnergy,109,False,10,
EMG,MGinter_meanPowerFreq,110,False,10,
EMG,RFinter_cwtMean,111,False,10,
EMG,BFinter_peakToPeak,112,False,10,
EMG,PLinter_meanVal,113,False,10,
EMG,BFinter_emdEnergy,114,False,10,
EMG,MGinter_peakToPeak,115,False,10,
EMG,BFinter_rmsVal,116,False,10,
EMG,MGinter_meanVal,117,False,10,
EMG,TAinter_cwtMean,118,False,10,
EMG,BFinter_maxVal,119,False,10,
EMG,RFinter_psdMean,120,False,10,
EMG,BFinter_psdMean,121,False,10,
EMG,RFinter_meanPowerFreq,122,False,10,
EMG,BFinter_meanPowerFreq,123,False,10,
EMG,MGinter_emdEnergy,124,False,10,
EMG,TAinter_meanVal,125,False,10,
EMG,GMinter_meanVal,126,False,10,
EMG,MGinter_maxVal,127,False,10,
EMG,RFinter_meanVal,128,False,10,
EMG,RFinter_mavVal,129,False,10,
EMG,MGinter_cvVal,1,True,15,0.9659980893206378
EMG,BFinter_cvVal,1,True,15,0.8689047295477073
EMG,TAinter_harmonicRatio,1,True,15,0.7581186610941941
EMG,BFinter_psdAsymmetry,1,True,15,0.6756113040604497
EMG,PLinter_medianFreq,1,True,15,0.6446381784337745
EMG,GMinter_psdAsymmetry,1,True,15,0.6397728958386225
EMG,MGinter_psdAsymmetry,1,True,15,0.5871337630233224
EMG,RFinter_peakToPeak,1,True,15,0.5834865728231338
EMG,PLinter_harmonicRatio,1,True,15,0.5587859108829071
EMG,BFinter_waveformLength,1,True,15,0.5172453681290784
EMG,RFinter_meanFreq,1,True,15,0.46577972735938356
EMG,TAinter_cvVal,1,True,15,0.4575691667891196
EMG,PLinter_minVal,1,True,15,0.4464607484557203
EMG,RFinter_minVal,1,True,15,0.4145060416276447
EMG,BFinter_logDetector,1,True,15,0.37531549258682406
EMG,GMinter_domFreq,2,False,15,
EMG,MGinter_domFreq,3,False,15,
EMG,BFinter_harmonicRatio,4,False,15,
EMG,MGinter_meanFreq,5,False,15,
EMG,MGinter_minVal,6,False,15,
EMG,TAinter_minVal,7,False,15,
EMG,RFinter_psdAsymmetry,8,False,15,
EMG,GMinter_emdEnergy,9,False,15,
EMG,PLinter_maxVal,10,False,15,
EMG,PLinter_cvVal,11,False,15,
EMG,PLinter_specEntropy,12,False,15,
EMG,RFinter_cvVal,13,False,15,
EMG,PLinter_meanFreq,14,False,15,
EMG,TAinter_waveformLength,15,False,15,
EMG,BFinter_meanFreq,16,False,15,
EMG,MGinter_medianFreq,17,False,15,
EMG,BFinter_domFreq,18,False,15,
EMG,RFinter_harmonicRatio,19,False,15,
EMG,GMinter_meanFreq,20,False,15,
EMG,GMinter_peakToPeak,21,False,15,
EMG,GMinter_cvVal,22,False,15,
EMG,TAinter_domFreq,23,False,15,
EMG,PLinter_peakToPeak,24,False,15,
EMG,BFinter_minVal,25,False,15,
EMG,GMinter_maxVal,26,False,15,
EMG,RFinter_domFreq,27,False,15,
EMG,PLinter_mavVal,28,False,15,
EMG,RFinter_maxVal,29,False,15,
EMG,GMinter_harmonicRatio,30,False,15,
EMG,PLinter_domFreq,31,False,15,
EMG,PLinter_logDetector,32,False,15,
EMG,MGinter_waveformLength,33,False,15,
EMG,GMinter_medianFreq,34,False,15,
EMG,TAinter_domAmp,35,False,15,
EMG,PLinter_cwtMean,36,False,15,
EMG,GMinter_varVal,37,False,15,
EMG,TAinter_specEntropy,38,False,15,
EMG,BFinter_medianFreq,39,False,15,
EMG,PLinter_sdVal,40,False,15,
EMG,TAinter_emdEnergy,41,False,15,
EMG,BFinter_specEntropy,42,False,15,
EMG,TAinter_psdAsymmetry,43,False,15,
EMG,GMinter_logDetector,44,False,15,
EMG,GMinter_waveformLength,45,False,15,
EMG,MGinter_harmonicRatio,46,False,15,
EMG,PLinter_varVal,47,False,15,
EMG,GMinter_dwtEnergy,48,False,15,
EMG,RFinter_medianFreq,49,False,15,
EMG,RFinter_waveformLength,50,False,15,
EMG,PLinter_rmsVal,51,False,15,
EMG,GMinter_minVal,52,False,15,
EMG,PLinter_psdMean,53,False,15,
EMG,GMinter_sdVal,54,False,15,
EMG,TAinter_meanFreq,55,False,15,
EMG,TAinter_dwtEnergy,56,False,15,
EMG,PLinter_meanPowerFreq,57,False,15,
EMG,PLinter_psdAsymmetry,58,False,15,
EMG,RFinter_domAmp,59,False,15,
EMG,GMinter_domAmp,60,False,15,
EMG,MGinter_cwtMean,61,False,15,
EMG,GMinter_psdMean,62,False,15,
EMG,TAinter_medianFreq,63,False,15,
EMG,GMinter_meanPowerFreq,64,False,15,
EMG,GMinter_cwtMean,65,False,15,
EMG,BFinter_varVal,66,False,15,
EMG,TAinter_peakToPeak,67,False,15,
EMG,PLinter_emdEnergy,68,False,15,
EMG,MGinter_sdVal,69,False,15,
EMG,TAinter_maxVal,70,False,15,
EMG,MGinter_mavVal,71,False,15,
EMG,RFinter_emdEnergy,72,False,15,
EMG,BFinter_mavVal,73,False,15,
EMG,BFinter_cwtMean,74,False,15,
EMG,GMinter_rmsVal,75,False,15,
EMG,MGinter_rmsVal,76,False,15,
EMG,RFinter_specEntropy,77,False,15,
EMG,PLinter_waveformLength,78,False,15,
EMG,MGinter_logDetector,79,False,15,
EMG,BFinter_domAmp,80,False,15,
EMG,RFinter_sdVal,81,False,15,
EMG,TAinter_logDetector,82,False,15,
EMG,BFinter_sdVal,83,False,15,
EMG,GMinter_specEntropy,84,False,15,
EMG,PLinter_dwtEnergy,85,False,15,
EMG,TAinter_sdVal,86,False,15,
EMG,TAinter_varVal,87,False,15,
EMG,TAinter_mavVal,88,False,15,
EMG,GMinter_mavVal,89,False,15,
EMG,TAinter_psdMean,90,False,15,
EMG,TAinter_meanPowerFreq,91,False,15,
EMG,PLinter_domAmp,92,False,15,
EMG,TAinter_rmsVal,93,False,15,
EMG,BFinter_meanVal,94,False,15,
EMG,RFinter_logDetector,95,False,15,
EMG,RFinter_varVal,96,False,15,
EMG,BFinter_dwtEnergy,97,False,15,
EMG,MGinter_domAmp,98,False,15,
EMG,MGinter_varVal,99,False,15,
EMG,RFinter_dwtEnergy,100,False,15,
EMG,RFinter_rmsVal,101,False,15,
EMG,MGinter_specEntropy,102,False,15,
EMG,MGinter_psdMean,103,False,15,
EMG,MGinter_dwtEnergy,104,False,15,
EMG,MGinter_meanPowerFreq,105,False,15,
EMG,RFinter_cwtMean,106,False,15,
EMG,BFinter_peakToPeak,107,False,15,
EMG,PLinter_meanVal,108,False,15,
EMG,BFinter_emdEnergy,109,False,15,
EMG,MGinter_peakToPeak,110,False,15,
EMG,BFinter_rmsVal,111,False,15,
EMG,MGinter_meanVal,112,False,15,
EMG,TAinter_cwtMean,113,False,15,
EMG,BFinter_maxVal,114,False,15,
EMG,RFinter_psdMean,115,False,15,
EMG,BFinter_psdMean,116,False,15,
EMG,RFinter_meanPowerFreq,117,False,15,
EMG,BFinter_meanPowerFreq,118,False,15,
EMG,MGinter_emdEnergy,119,False,15,
EMG,TAinter_meanVal,120,False,15,
EMG,GMinter_meanVal,121,False,15,
EMG,MGinter_maxVal,122,False,15,
EMG,RFinter_meanVal,123,False,15,
EMG,RFinter_mavVal,124,False,15,
EMG,BFinter_cvVal,1,True,20,0.9319176121985467
EMG,MGinter_cvVal,1,True,20,0.8526812811718197
EMG,GMinter_psdAsymmetry,1,True,20,0.764545334098664
EMG,MGinter_psdAsymmetry,1,True,20,0.734260994544982
EMG,TAinter_harmonicRatio,1,True,20,0.642350180173258
EMG,BFinter_psdAsymmetry,1,True,20,0.5966189932720308
EMG,RFinter_peakToPeak,1,True,20,0.5868661808763417
EMG,BFinter_waveformLength,1,True,20,0.561047829095285
EMG,PLinter_medianFreq,1,True,20,0.5340341316256226
EMG,PLinter_minVal,1,True,20,0.49584198401482
EMG,RFinter_minVal,1,True,20,0.46500194694031266
EMG,RFinter_meanFreq,1,True,20,0.4482984733158579
EMG,PLinter_harmonicRatio,1,True,20,0.44616812789774185
EMG,BFinter_logDetector,1,True,20,0.42618366091120813
EMG,MGinter_domFreq,1,True,20,0.4202107300117559
EMG,BFinter_harmonicRatio,1,True,20,0.4118821529591743
EMG,TAinter_cvVal,1,True,20,0.40227213299139214
EMG,MGinter_meanFreq,1,True,20,0.3866503986733658
EMG,GMinter_domFreq,1,True,20,0.38115800069955963
EMG,MGinter_minVal,1,True,20,0.2688551792617566
EMG,TAinter_minVal,2,False,20,
EMG,RFinter_psdAsymmetry,3,False,20,
EMG,GMinter_emdEnergy,4,False,20,
EMG,PLinter_maxVal,5,False,20,
EMG,PLinter_cvVal,6,False,20,
EMG,PLinter_specEntropy,7,False,20,
EMG,RFinter_cvVal,8,False,20,
EMG,PLinter_meanFreq,9,False,20,
EMG,TAinter_waveformLength,10,False,20,
EMG,BFinter_meanFreq,11,False,20,
EMG,MGinter_medianFreq,12,False,20,
EMG,BFinter_domFreq,13,False,20,
EMG,RFinter_harmonicRatio,14,False,20,
EMG,GMinter_meanFreq,15,False,20,
EMG,GMinter_peakToPeak,16,False,20,
EMG,GMinter_cvVal,17,False,20,
EMG,TAinter_domFreq,18,False,20,
EMG,PLinter_peakToPeak,19,False,20,
EMG,BFinter_minVal,20,False,20,
EMG,GMinter_maxVal,21,False,20,
EMG,RFinter_domFreq,22,False,20,
EMG,PLinter_mavVal,23,False,20,
EMG,RFinter_maxVal,24,False,20,
EMG,GMinter_harmonicRatio,25,False,20,
EMG,PLinter_domFreq,26,False,20,
EMG,PLinter_logDetector,27,False,20,
EMG,MGinter_waveformLength,28,False,20,
EMG,GMinter_medianFreq,29,False,20,
EMG,TAinter_domAmp,30,False,20,
EMG,PLinter_cwtMean,31,False,20,
EMG,GMinter_varVal,32,False,20,
EMG,TAinter_specEntropy,33,False,20,
EMG,BFinter_medianFreq,34,False,20,
EMG,PLinter_sdVal,35,False,20,
EMG,TAinter_emdEnergy,36,False,20,
EMG,BFinter_specEntropy,37,False,20,
EMG,TAinter_psdAsymmetry,38,False,20,
EMG,GMinter_logDetector,39,False,20,
EMG,GMinter_waveformLength,40,False,20,
EMG,MGinter_harmonicRatio,41,False,20,
EMG,PLinter_varVal,42,False,20,
EMG,GMinter_dwtEnergy,43,False,20,
EMG,RFinter_medianFreq,44,False,20,
EMG,RFinter_waveformLength,45,False,20,
EMG,PLinter_rmsVal,46,False,20,
EMG,GMinter_minVal,47,False,20,
EMG,PLinter_psdMean,48,False,20,
EMG,GMinter_sdVal,49,False,20,
EMG,TAinter_meanFreq,50,False,20,
EMG,TAinter_dwtEnergy,51,False,20,
EMG,PLinter_meanPowerFreq,52,False,20,
EMG,PLinter_psdAsymmetry,53,False,20,
EMG,RFinter_domAmp,54,False,20,
EMG,GMinter_domAmp,55,False,20,
EMG,MGinter_cwtMean,56,False,20,
EMG,GMinter_psdMean,57,False,20,
EMG,TAinter_medianFreq,58,False,20,
EMG,GMinter_meanPowerFreq,59,False,20,
EMG,GMinter_cwtMean,60,False,20,
EMG,BFinter_varVal,61,False,20,
EMG,TAinter_peakToPeak,62,False,20,
EMG,PLinter_emdEnergy,63,False,20,
EMG,MGinter_sdVal,64,False,20,
EMG,TAinter_maxVal,65,False,20,
EMG,MGinter_mavVal,66,False,20,
EMG,RFinter_emdEnergy,67,False,20,
EMG,BFinter_mavVal,68,False,20,
EMG,BFinter_cwtMean,69,False,20,
EMG,GMinter_rmsVal,70,False,20,
EMG,MGinter_rmsVal,71,False,20,
EMG,RFinter_specEntropy,72,False,20,
EMG,PLinter_waveformLength,73,False,20,
EMG,MGinter_logDetector,74,False,20,
EMG,BFinter_domAmp,75,False,20,
EMG,RFinter_sdVal,76,False,20,
EMG,TAinter_logDetector,77,False,20,
EMG,BFinter_sdVal,78,False,20,
EMG,GMinter_specEntropy,79,False,20,
EMG,PLinter_dwtEnergy,80,False,20,
EMG,TAinter_sdVal,81,False,20,
EMG,TAinter_varVal,82,False,20,
EMG,TAinter_mavVal,83,False,20,
EMG,GMinter_mavVal,84,False,20,
EMG,TAinter_psdMean,85,False,20,
EMG,TAinter_meanPowerFreq,86,False,20,
EMG,PLinter_domAmp,87,False,20,
EMG,TAinter_rmsVal,88,False,20,
EMG,BFinter_meanVal,89,False,20,
EMG,RFinter_logDetector,90,False,20,
EMG,RFinter_varVal,91,False,20,
EMG,BFinter_dwtEnergy,92,False,20,
EMG,MGinter_domAmp,93,False,20,
EMG,MGinter_varVal,94,False,20,
EMG,RFinter_dwtEnergy,95,False,20,
EMG,RFinter_rmsVal,96,False,20,
EMG,MGinter_specEntropy,97,False,20,
EMG,MGinter_psdMean,98,False,20,
EMG,MGinter_dwtEnergy,99,False,20,
EMG,MGinter_meanPowerFreq,100,False,20,
EMG,RFinter_cwtMean,101,False,20,
EMG,BFinter_peakToPeak,102,False,20,
EMG,PLinter_meanVal,103,False,20,
EMG,BFinter_emdEnergy,104,False,20,
EMG,MGinter_peakToPeak,105,False,20,
EMG,BFinter_rmsVal,106,False,20,
EMG,MGinter_meanVal,107,False,20,
EMG,TAinter_cwtMean,108,False,20,
EMG,BFinter_maxVal,109,False,20,
EMG,RFinter_psdMean,110,False,20,
EMG,BFinter_psdMean,111,False,20,
EMG,RFinter_meanPowerFreq,112,False,20,
EMG,BFinter_meanPowerFreq,113,False,20,
EMG,MGinter_emdEnergy,114,False,20,
EMG,TAinter_meanVal,115,False,20,
EMG,GMinter_meanVal,116,False,20,
EMG,MGinter_maxVal,117,False,20,
EMG,RFinter_meanVal,118,False,20,
EMG,RFinter_mavVal,119,False,20,
EMG,BFinter_cvVal,1,True,30,0.8303582438971491
EMG,GMinter_psdAsymmetry,1,True,30,0.7554824130437825
EMG,MGinter_cvVal,1,True,30,0.7287657210572872
EMG,MGinter_psdAsymmetry,1,True,30,0.7070557358069909
EMG,TAinter_harmonicRatio,1,True,30,0.6948408964305539
EMG,RFinter_minVal,1,True,30,0.5511199114384728
EMG,BFinter_psdAsymmetry,1,True,30,0.46771151364295366
EMG,MGinter_domFreq,1,True,30,0.45756068234935166
EMG,PLinter_harmonicRatio,1,True,30,0.4314762649331068
EMG,BFinter_logDetector,1,True,30,0.42799117192158875
EMG,BFinter_waveformLength,1,True,30,0.4211733715011537
EMG,RFinter_meanFreq,1,True,30,0.404125452031822
EMG,PLinter_minVal,1,True,30,0.40331709415938644
EMG,TAinter_cvVal,1,True,30,0.3904078858468456
EMG,TAinter_minVal,1,True,30,0.3819781078938602
EMG,BFinter_harmonicRatio,1,True,30,0.38009729971983014
EMG,GMinter_domFreq,1,True,30,0.37664737154238637
EMG,PLinter_medianFreq,1,True,30,0.365667927205846
EMG,RFinter_peakToPeak,1,True,30,0.3486172389684341
EMG,PLinter_cvVal,1,True,30,0.3462347815978611
EMG,MGinter_meanFreq,1,True,30,0.34207759951044886
EMG,MGinter_minVal,1,True,30,0.3245717475884724
EMG,RFinter_cvVal,1,True,30,0.31643955211553826
EMG,PLinter_specEntropy,1,True,30,0.312089629489214
EMG,TAinter_waveformLength,1,True,30,0.31086662192347186
EMG,PLinter_meanFreq,1,True,30,0.3106003458833941
EMG,GMinter_emdEnergy,1,True,30,0.30995134347458664
EMG,RFinter_psdAsymmetry,1,True,30,0.2933760492886293
EMG,PLinter_maxVal,1,True,30,0.28513747292433805
EMG,BFinter_meanFreq,1,True,30,0.27876413808766415
EMG,MGinter_medianFreq,2,False,30,
EMG,BFinter_domFreq,3,False,30,
EMG,RFinter_harmonicRatio,4,False,30,
EMG,GMinter_meanFreq,5,False,30,
EMG,GMinter_peakToPeak,6,False,30,
EMG,GMinter_cvVal,7,False,30,
EMG,TAinter_domFreq,8,False,30,
EMG,PLinter_peakToPeak,9,False,30,
EMG,BFinter_minVal,10,False,30,
EMG,GMinter_maxVal,11,False,30,
EMG,RFinter_domFreq,12,False,30,
EMG,PLinter_mavVal,13,False,30,
EMG,RFinter_maxVal,14,False,30,
EMG,GMinter_harmonicRatio,15,False,30,
EMG,PLinter_domFreq,16,False,30,
EMG,PLinter_logDetector,17,False,30,
EMG,MGinter_waveformLength,18,False,30,
EMG,GMinter_medianFreq,19,False,30,
EMG,TAinter_domAmp,20,False,30,
EMG,PLinter_cwtMean,21,False,30,
EMG,GMinter_varVal,22,False,30,
EMG,TAinter_specEntropy,23,False,30,
EMG,BFinter_medianFreq,24,False,30,
EMG,PLinter_sdVal,25,False,30,
EMG,TAinter_emdEnergy,26,False,30,
EMG,BFinter_specEntropy,27,False,30,
EMG,TAinter_psdAsymmetry,28,False,30,
EMG,GMinter_logDetector,29,False,30,
EMG,GMinter_waveformLength,30,False,30,
EMG,MGinter_harmonicRatio,31,False,30,
EMG,PLinter_varVal,32,False,30,
EMG,GMinter_dwtEnergy,33,False,30,
EMG,RFinter_medianFreq,34,False,30,
EMG,RFinter_waveformLength,35,False,30,
EMG,PLinter_rmsVal,36,False,30,
EMG,GMinter_minVal,37,False,30,
EMG,PLinter_psdMean,38,False,30,
EMG,GMinter_sdVal,39,False,30,
EMG,TAinter_meanFreq,40,False,30,
EMG,TAinter_dwtEnergy,41,False,30,
EMG,PLinter_meanPowerFreq,42,False,30,
EMG,PLinter_psdAsymmetry,43,False,30,
EMG,RFinter_domAmp,44,False,30,
EMG,GMinter_domAmp,45,False,30,
EMG,MGinter_cwtMean,46,False,30,
EMG,GMinter_psdMean,47,False,30,
EMG,TAinter_medianFreq,48,False,30,
EMG,GMinter_meanPowerFreq,49,False,30,
EMG,GMinter_cwtMean,50,False,30,
EMG,BFinter_varVal,51,False,30,
EMG,TAinter_peakToPeak,52,False,30,
EMG,PLinter_emdEnergy,53,False,30,
EMG,MGinter_sdVal,54,False,30,
EMG,TAinter_maxVal,55,False,30,
EMG,MGinter_mavVal,56,False,30,
EMG,RFinter_emdEnergy,57,False,30,
EMG,BFinter_mavVal,58,False,30,
EMG,BFinter_cwtMean,59,False,30,
EMG,GMinter_rmsVal,60,False,30,
EMG,MGinter_rmsVal,61,False,30,
EMG,RFinter_specEntropy,62,False,30,
EMG,PLinter_waveformLength,63,False,30,
EMG,MGinter_logDetector,64,False,30,
EMG,BFinter_domAmp,65,False,30,
EMG,RFinter_sdVal,66,False,30,
EMG,TAinter_logDetector,67,False,30,
EMG,BFinter_sdVal,68,False,30,
EMG,GMinter_specEntropy,69,False,30,
EMG,PLinter_dwtEnergy,70,False,30,
EMG,TAinter_sdVal,71,False,30,
EMG,TAinter_varVal,72,False,30,
EMG,TAinter_mavVal,73,False,30,
EMG,GMinter_mavVal,74,False,30,
EMG,TAinter_psdMean,75,False,30,
EMG,TAinter_meanPowerFreq,76,False,30,
EMG,PLinter_domAmp,77,False,30,
EMG,TAinter_rmsVal,78,False,30,
EMG,BFinter_meanVal,79,False,30,
EMG,RFinter_logDetector,80,False,30,
EMG,RFinter_varVal,81,False,30,
EMG,BFinter_dwtEnergy,82,False,30,
EMG,MGinter_domAmp,83,False,30,
EMG,MGinter_varVal,84,False,30,
EMG,RFinter_dwtEnergy,85,False,30,
EMG,RFinter_rmsVal,86,False,30,
EMG,MGinter_specEntropy,87,False,30,
EMG,MGinter_psdMean,88,False,30,
EMG,MGinter_dwtEnergy,89,False,30,
EMG,MGinter_meanPowerFreq,90,False,30,
EMG,RFinter_cwtMean,91,False,30,
EMG,BFinter_peakToPeak,92,False,30,
EMG,PLinter_meanVal,93,False,30,
EMG,BFinter_emdEnergy,94,False,30,
EMG,MGinter_peakToPeak,95,False,30,
EMG,BFinter_rmsVal,96,False,30,
EMG,MGinter_meanVal,97,False,30,
EMG,TAinter_cwtMean,98,False,30,
EMG,BFinter_maxVal,99,False,30,
EMG,RFinter_psdMean,100,False,30,
EMG,BFinter_psdMean,101,False,30,
EMG,RFinter_meanPowerFreq,102,False,30,
EMG,BFinter_meanPowerFreq,103,False,30,
EMG,MGinter_emdEnergy,104,False,30,
EMG,TAinter_meanVal,105,False,30,
EMG,GMinter_meanVal,106,False,30,
EMG,MGinter_maxVal,107,False,30,
EMG,RFinter_meanVal,108,False,30,
EMG,RFinter_mavVal,109,False,30,
EMG,BFinter_cvVal,1,True,40,0.8531405285509456
EMG,MGinter_cvVal,1,True,40,0.7655436975802026
EMG,TAinter_harmonicRatio,1,True,40,0.7427407282282447
EMG,MGinter_psdAsymmetry,1,True,40,0.655348076120044
EMG,GMinter_psdAsymmetry,1,True,40,0.5572154988262269
EMG,RFinter_minVal,1,True,40,0.5182850435481061
EMG,MGinter_domFreq,1,True,40,0.44337662930303595
EMG,BFinter_psdAsymmetry,1,True,40,0.43418348603744744
EMG,PLinter_harmonicRatio,1,True,40,0.41676715768368827
EMG,RFinter_meanFreq,1,True,40,0.4117123249781565
EMG,TAinter_minVal,1,True,40,0.40263684982119025
EMG,BFinter_harmonicRatio,1,True,40,0.38930159303676914
EMG,GMinter_domFreq,1,True,40,0.38866805098285023
EMG,TAinter_cvVal,1,True,40,0.3877457639085549
EMG,PLinter_cvVal,1,True,40,0.3774254651163919
EMG,PLinter_minVal,1,True,40,0.3711782098632779
EMG,BFinter_logDetector,1,True,40,0.33675390051552617
EMG,BFinter_waveformLength,1,True,40,0.32989580063577867
EMG,BFinter_meanFreq,1,True,40,0.32911991224362963
EMG,RFinter_cvVal,1,True,40,0.3155531444708044
EMG,RFinter_harmonicRatio,1,True,40,0.3113424710261095
EMG,RFinter_psdAsymmetry,1,True,40,0.30162425362276357
EMG,MGinter_minVal,1,True,40,0.2992522732982181
EMG,BFinter_domFreq,1,True,40,0.2907451333741309
EMG,GMinter_cvVal,1,True,40,0.2887135372350927
EMG,PLinter_medianFreq,1,True,40,0.2838747521156873
EMG,PLinter_meanFreq,1,True,40,0.2837377553815016
EMG,MGinter_meanFreq,1,True,40,0.2812713562130949
EMG,GMinter_meanFreq,1,True,40,0.2783498483581744
EMG,RFinter_peakToPeak,1,True,40,0.26419538067659065
EMG,BFinter_minVal,1,True,40,0.2572781058638937
EMG,TAinter_domFreq,1,True,40,0.2459121406210855
EMG,MGinter_medianFreq,1,True,40,0.24410636378275427
EMG,PLinter_specEntropy,1,True,40,0.24189891896954377
EMG,TAinter_waveformLength,1,True,40,0.23947980417778222
EMG,PLinter_maxVal,1,True,40,0.23377133965536648
EMG,PLinter_peakToPeak,1,True,40,0.22024305537478606
EMG,GMinter_emdEnergy,1,True,40,0.21630672339217813
EMG,GMinter_peakToPeak,1,True,40,0.21089507944447847
EMG,GMinter_maxVal,1,True,40,0.2040002844722717
EMG,RFinter_domFreq,2,False,40,
EMG,PLinter_mavVal,3,False,40,
EMG,RFinter_maxVal,4,False,40,
EMG,GMinter_harmonicRatio,5,False,40,
EMG,PLinter_domFreq,6,False,40,
EMG,PLinter_logDetector,7,False,40,
EMG,MGinter_waveformLength,8,False,40,
EMG,GMinter_medianFreq,9,False,40,
EMG,TAinter_domAmp,10,False,40,
EMG,PLinter_cwtMean,11,False,40,
EMG,GMinter_varVal,12,False,40,
EMG,TAinter_specEntropy,13,False,40,
EMG,BFinter_medianFreq,14,False,40,
EMG,PLinter_sdVal,15,False,40,
EMG,TAinter_emdEnergy,16,False,40,
EMG,BFinter_specEntropy,17,False,40,
EMG,TAinter_psdAsymmetry,18,False,40,
EMG,GMinter_logDetector,19,False,40,
EMG,GMinter_waveformLength,20,False,40,
EMG,MGinter_harmonicRatio,21,False,40,
EMG,PLinter_varVal,22,False,40,
EMG,GMinter_dwtEnergy,23,False,40,
EMG,RFinter_medianFreq,24,False,40,
EMG,RFinter_waveformLength,25,False,40,
EMG,PLinter_rmsVal,26,False,40,
EMG,GMinter_minVal,27,False,40,
EMG,PLinter_psdMean,28,False,40,
EMG,GMinter_sdVal,29,False,40,
EMG,TAinter_meanFreq,30,False,40,
EMG,TAinter_dwtEnergy,31,False,40,
EMG,PLinter_meanPowerFreq,32,False,40,
EMG,PLinter_psdAsymmetry,33,False,40,
EMG,RFinter_domAmp,34,False,40,
EMG,GMinter_domAmp,35,False,40,
EMG,MGinter_cwtMean,36,False,40,
EMG,GMinter_psdMean,37,False,40,
EMG,TAinter_medianFreq,38,False,40,
EMG,GMinter_meanPowerFreq,39,False,40,
EMG,GMinter_cwtMean,40,False,40,
EMG,BFinter_varVal,41,False,40,
EMG,TAinter_peakToPeak,42,False,40,
EMG,PLinter_emdEnergy,43,False,40,
EMG,MGinter_sdVal,44,False,40,
EMG,TAinter_maxVal,45,False,40,
EMG,MGinter_mavVal,46,False,40,
EMG,RFinter_emdEnergy,47,False,40,
EMG,BFinter_mavVal,48,False,40,
EMG,BFinter_cwtMean,49,False,40,
EMG,GMinter_rmsVal,50,False,40,
EMG,MGinter_rmsVal,51,False,40,
EMG,RFinter_specEntropy,52,False,40,
EMG,PLinter_waveformLength,53,False,40,
EMG,MGinter_logDetector,54,False,40,
EMG,BFinter_domAmp,55,False,40,
EMG,RFinter_sdVal,56,False,40,
EMG,TAinter_logDetector,57,False,40,
EMG,BFinter_sdVal,58,False,40,
EMG,GMinter_specEntropy,59,False,40,
EMG,PLinter_dwtEnergy,60,False,40,
EMG,TAinter_sdVal,61,False,40,
EMG,TAinter_varVal,62,False,40,
EMG,TAinter_mavVal,63,False,40,
EMG,GMinter_mavVal,64,False,40,
EMG,TAinter_psdMean,65,False,40,
EMG,TAinter_meanPowerFreq,66,False,40,
EMG,PLinter_domAmp,67,False,40,
EMG,TAinter_rmsVal,68,False,40,
EMG,BFinter_meanVal,69,False,40,
EMG,RFinter_logDetector,70,False,40,
EMG,RFinter_varVal,71,False,40,
EMG,BFinter_dwtEnergy,72,False,40,
EMG,MGinter_domAmp,73,False,40,
EMG,MGinter_varVal,74,False,40,
EMG,RFinter_dwtEnergy,75,False,40,
EMG,RFinter_rmsVal,76,False,40,
EMG,MGinter_specEntropy,77,False,40,
EMG,MGinter_psdMean,78,False,40,
EMG,MGinter_dwtEnergy,79,False,40,
EMG,MGinter_meanPowerFreq,80,False,40,
EMG,RFinter_cwtMean,81,False,40,
EMG,BFinter_peakToPeak,82,False,40,
EMG,PLinter_meanVal,83,False,40,
EMG,BFinter_emdEnergy,84,False,40,
EMG,MGinter_peakToPeak,85,False,40,
EMG,BFinter_rmsVal,86,False,40,
EMG,MGinter_meanVal,87,False,40,
EMG,TAinter_cwtMean,88,False,40,
EMG,BFinter_maxVal,89,False,40,
EMG,RFinter_psdMean,90,False,40,
EMG,BFinter_psdMean,91,False,40,
EMG,RFinter_meanPowerFreq,92,False,40,
EMG,BFinter_meanPowerFreq,93,False,40,
EMG,MGinter_emdEnergy,94,False,40,
EMG,TAinter_meanVal,95,False,40,
EMG,GMinter_meanVal,96,False,40,
EMG,MGinter_maxVal,97,False,40,
EMG,RFinter_meanVal,98,False,40,
EMG,RFinter_mavVal,99,False,40,
EMG,BFinter_cvVal,1,True,50,0.8677346536930202
EMG,MGinter_cvVal,1,True,50,0.8006808405388551
EMG,TAinter_harmonicRatio,1,True,50,0.7510063962737652
EMG,MGinter_psdAsymmetry,1,True,50,0.6401053374663069
EMG,GMinter_psdAsymmetry,1,True,50,0.49867183776508855
EMG,RFinter_minVal,1,True,50,0.4983356104717093
EMG,TAinter_minVal,1,True,50,0.4387265024734071
EMG,BFinter_psdAsymmetry,1,True,50,0.42680272259508056
EMG,PLinter_cvVal,1,True,50,0.4265416581031248
EMG,MGinter_domFreq,1,True,50,0.42612867382791025
EMG,TAinter_cvVal,1,True,50,0.42492493720776364
EMG,BFinter_harmonicRatio,1,True,50,0.377582825217833
EMG,PLinter_harmonicRatio,1,True,50,0.37610155931153916
EMG,GMinter_domFreq,1,True,50,0.35597506843553944
EMG,RFinter_meanFreq,1,True,50,0.35263051152111186
EMG,RFinter_cvVal,1,True,50,0.3452148429195336
EMG,MGinter_minVal,1,True,50,0.34269960643449227
EMG,PLinter_minVal,1,True,50,0.33182664343908347
EMG,BFinter_meanFreq,1,True,50,0.32100738070372464
EMG,GMinter_cvVal,1,True,50,0.3046138642296921
EMG,BFinter_waveformLength,1,True,50,0.3010813405372193
EMG,RFinter_harmonicRatio,1,True,50,0.30103302421456696
EMG,PLinter_meanFreq,1,True,50,0.29517094276516775
EMG,BFinter_logDetector,1,True,50,0.2833477631773565
EMG,RFinter_psdAsymmetry,1,True,50,0.2785695408530086
EMG,BFinter_domFreq,1,True,50,0.26965802566510017
EMG,MGinter_meanFreq,1,True,50,0.26750154380139024
EMG,PLinter_medianFreq,1,True,50,0.25526802522884423
EMG,TAinter_domFreq,1,True,50,0.24991443410324035
EMG,TAinter_waveformLength,1,True,50,0.2470469111019521
EMG,GMinter_meanFreq,1,True,50,0.22691049693683538
EMG,BFinter_minVal,1,True,50,0.22635218615287064
EMG,PLinter_specEntropy,1,True,50,0.22524432856273713
EMG,RFinter_peakToPeak,1,True,50,0.2251473603022658
EMG,PLinter_domFreq,1,True,50,0.21425212726894352
EMG,MGinter_medianFreq,1,True,50,0.213472896520574
EMG,GMinter_emdEnergy,1,True,50,0.21346855688722388
EMG,RFinter_maxVal,1,True,50,0.20776331165257103
EMG,GMinter_harmonicRatio,1,True,50,0.20726520432164028
EMG,PLinter_logDetector,1,True,50,0.20370717701928145
EMG,PLinter_maxVal,1,True,50,0.20280009413333475
EMG,GMinter_peakToPeak,1,True,50,0.2000265459177025
EMG,GMinter_maxVal,1,True,50,0.19403026223632236
EMG,MGinter_waveformLength,1,True,50,0.1896885080103837
EMG,PLinter_mavVal,1,True,50,0.18868999916637189
EMG,PLinter_peakToPeak,1,True,50,0.18716099831254338
EMG,RFinter_domFreq,1,True,50,0.18237791794584032
EMG,GMinter_medianFreq,1,True,50,0.18069694558641422
EMG,TAinter_domAmp,1,True,50,0.16126513557243885
EMG,PLinter_cwtMean,1,True,50,0.14572274249130124
EMG,GMinter_varVal,2,False,50,
EMG,TAinter_specEntropy,3,False,50,
EMG,BFinter_medianFreq,4,False,50,
EMG,PLinter_sdVal,5,False,50,
EMG,TAinter_emdEnergy,6,False,50,
EMG,BFinter_specEntropy,7,False,50,
EMG,TAinter_psdAsymmetry,8,False,50,
EMG,GMinter_logDetector,9,False,50,
EMG,GMinter_waveformLength,10,False,50,
EMG,MGinter_harmonicRatio,11,False,50,
EMG,PLinter_varVal,12,False,50,
EMG,GMinter_dwtEnergy,13,False,50,
EMG,RFinter_medianFreq,14,False,50,
EMG,RFinter_waveformLength,15,False,50,
EMG,PLinter_rmsVal,16,False,50,
EMG,GMinter_minVal,17,False,50,
EMG,PLinter_psdMean,18,False,50,
EMG,GMinter_sdVal,19,False,50,
EMG,TAinter_meanFreq,20,False,50,
EMG,TAinter_dwtEnergy,21,False,50,
EMG,PLinter_meanPowerFreq,22,False,50,
EMG,PLinter_psdAsymmetry,23,False,50,
EMG,RFinter_domAmp,24,False,50,
EMG,GMinter_domAmp,25,False,50,
EMG,MGinter_cwtMean,26,False,50,
EMG,GMinter_psdMean,27,False,50,
EMG,TAinter_medianFreq,28,False,50,
EMG,GMinter_meanPowerFreq,29,False,50,
EMG,GMinter_cwtMean,30,False,50,
EMG,BFinter_varVal,31,False,50,
EMG,TAinter_peakToPeak,32,False,50,
EMG,PLinter_emdEnergy,33,False,50,
EMG,MGinter_sdVal,34,False,50,
EMG,TAinter_maxVal,35,False,50,
EMG,MGinter_mavVal,36,False,50,
EMG,RFinter_emdEnergy,37,False,50,
EMG,BFinter_mavVal,38,False,50,
EMG,BFinter_cwtMean,39,False,50,
EMG,GMinter_rmsVal,40,False,50,
EMG,MGinter_rmsVal,41,False,50,
EMG,RFinter_specEntropy,42,False,50,
EMG,PLinter_waveformLength,43,False,50,
EMG,MGinter_logDetector,44,False,50,
EMG,BFinter_domAmp,45,False,50,
EMG,RFinter_sdVal,46,False,50,
EMG,TAinter_logDetector,47,False,50,
EMG,BFinter_sdVal,48,False,50,
EMG,GMinter_specEntropy,49,False,50,
EMG,PLinter_dwtEnergy,50,False,50,
EMG,TAinter_sdVal,51,False,50,
EMG,TAinter_varVal,52,False,50,
EMG,TAinter_mavVal,53,False,50,
EMG,GMinter_mavVal,54,False,50,
EMG,TAinter_psdMean,55,False,50,
EMG,TAinter_meanPowerFreq,56,False,50,
EMG,PLinter_domAmp,57,False,50,
EMG,TAinter_rmsVal,58,False,50,
EMG,BFinter_meanVal,59,False,50,
EMG,RFinter_logDetector,60,False,50,
EMG,RFinter_varVal,61,False,50,
EMG,BFinter_dwtEnergy,62,False,50,
EMG,MGinter_domAmp,63,False,50,
EMG,MGinter_varVal,64,False,50,
EMG,RFinter_dwtEnergy,65,False,50,
EMG,RFinter_rmsVal,66,False,50,
EMG,MGinter_specEntropy,67,False,50,
EMG,MGinter_psdMean,68,False,50,
EMG,MGinter_dwtEnergy,69,False,50,
EMG,MGinter_meanPowerFreq,70,False,50,
EMG,RFinter_cwtMean,71,False,50,
EMG,BFinter_peakToPeak,72,False,50,
EMG,PLinter_meanVal,73,False,50,
EMG,BFinter_emdEnergy,74,False,50,
EMG,MGinter_peakToPeak,75,False,50,
EMG,BFinter_rmsVal,76,False,50,
EMG,MGinter_meanVal,77,False,50,
EMG,TAinter_cwtMean,78,False,50,
EMG,BFinter_maxVal,79,False,50,
EMG,RFinter_psdMean,80,False,50,
EMG,BFinter_psdMean,81,False,50,
EMG,RFinter_meanPowerFreq,82,False,50,
EMG,BFinter_meanPowerFreq,83,False,50,
EMG,MGinter_emdEnergy,84,False,50,
EMG,TAinter_meanVal,85,False,50,
EMG,GMinter_meanVal,86,False,50,
EMG,MGinter_maxVal,87,False,50,
EMG,RFinter_meanVal,88,False,50,
EMG,RFinter_mavVal,89,False,50,
EMG,BFinter_cvVal,1,True,138,0.8300732259170478
EMG,MGinter_cvVal,1,True,138,0.7746198838787978
EMG,TAinter_harmonicRatio,1,True,138,0.7289126796042297
EMG,MGinter_psdAsymmetry,1,True,138,0.6391656098272963
EMG,RFinter_minVal,1,True,138,0.49847013158030234
EMG,GMinter_psdAsymmetry,1,True,138,0.4619247874196306
EMG,TAinter_cvVal,1,True,138,0.453557455263766
EMG,PLinter_cvVal,1,True,138,0.4310295919228682
EMG,MGinter_domFreq,1,True,138,0.4194938772025221
EMG,TAinter_minVal,1,True,138,0.4140665075396406
EMG,BFinter_psdAsymmetry,1,True,138,0.38063437572270953
EMG,GMinter_domFreq,1,True,138,0.3787915079287178
EMG,RFinter_cvVal,1,True,138,0.3667472801248635
EMG,PLinter_harmonicRatio,1,True,138,0.36516841811179485
EMG,GMinter_cvVal,1,True,138,0.3571461008686488
EMG,MGinter_minVal,1,True,138,0.34485167404374106
EMG,BFinter_harmonicRatio,1,True,138,0.34305410210602877
EMG,RFinter_harmonicRatio,1,True,138,0.30483172346620535
EMG,RFinter_meanFreq,1,True,138,0.2980100491262321
EMG,PLinter_minVal,1,True,138,0.29496308605919724
EMG,MGinter_meanFreq,1,True,138,0.27462945865116567
EMG,PLinter_meanFreq,1,True,138,0.27215555564387156
EMG,BFinter_domFreq,1,True,138,0.26688777880895337
EMG,RFinter_psdAsymmetry,1,True,138,0.25545177898154475
EMG,TAinter_domFreq,1,True,138,0.2537991953771417
EMG,BFinter_meanFreq,1,True,138,0.2501656103846203
EMG,PLinter_medianFreq,1,True,138,0.24446782666686828
EMG,BFinter_minVal,1,True,138,0.23413095887558386
EMG,GMinter_meanFreq,1,True,138,0.21244459990489625
EMG,MGinter_medianFreq,1,True,138,0.21136304539666464
EMG,GMinter_harmonicRatio,1,True,138,0.20914587089876105
EMG,GMinter_medianFreq,1,True,138,0.20639500987452916
EMG,BFinter_waveformLength,1,True,138,0.20261005786740469
EMG,PLinter_domFreq,1,True,138,0.19413638197595215
EMG,BFinter_logDetector,1,True,138,0.18457060354247243
EMG,TAinter_psdAsymmetry,1,True,138,0.1817825891824195
EMG,RFinter_domFreq,1,True,138,0.18117762834351706
EMG,PLinter_mavVal,1,True,138,0.18077543554424527
EMG,BFinter_medianFreq,1,True,138,0.17869614658367614
EMG,PLinter_logDetector,1,True,138,0.17444727512124927
EMG,TAinter_waveformLength,1,True,138,0.17313384214907157
EMG,BFinter_specEntropy,1,True,138,0.17272337470267085
EMG,PLinter_sdVal,1,True,138,0.16762826943292908
EMG,PLinter_specEntropy,1,True,138,0.15955740242943553
EMG,PLinter_rmsVal,1,True,138,0.1477922472560352
EMG,TAinter_specEntropy,1,True,138,0.14763601362523981
EMG,RFinter_peakToPeak,1,True,138,0.14644203811710477
EMG,MGinter_harmonicRatio,1,True,138,0.14423220122496236
EMG,PLinter_maxVal,1,True,138,0.13743865643696393
EMG,PLinter_cwtMean,1,True,138,0.13580038699166988
EMG,RFinter_maxVal,1,True,138,0.12888967088086192
EMG,GMinter_minVal,1,True,138,0.1231842197495635
EMG,PLinter_peakToPeak,1,True,138,0.12290078341538702
EMG,TAinter_domAmp,1,True,138,0.12012931449525725
EMG,GMinter_emdEnergy,1,True,138,0.11854103643892507
EMG,MGinter_waveformLength,1,True,138,0.11525492002388733
EMG,PLinter_psdAsymmetry,1,True,138,0.11405281142108331
EMG,TAinter_meanFreq,1,True,138,0.10919004105853042
EMG,GMinter_waveformLength,1,True,138,0.1088031323203265
EMG,GMinter_peakToPeak,1,True,138,0.10479912895059913
EMG,GMinter_maxVal,1,True,138,0.10271363829661595
EMG,TAinter_emdEnergy,1,True,138,0.10214694567188994
EMG,GMinter_logDetector,1,True,138,0.09789492478107216
EMG,RFinter_waveformLength,1,True,138,0.09706675133907271
EMG,GMinter_varVal,1,True,138,0.09665753135393407
EMG,MGinter_sdVal,1,True,138,0.09138353117550375
EMG,GMinter_sdVal,1,True,138,0.0878904608127502
EMG,MGinter_mavVal,1,True,138,0.08754984421228797
EMG,RFinter_specEntropy,1,True,138,0.08682221605288946
EMG,GMinter_dwtEnergy,1,True,138,0.08564567000688626
EMG,RFinter_medianFreq,1,True,138,0.08424652710388895
EMG,GMinter_domAmp,1,True,138,0.08345628305964466
EMG,PLinter_varVal,1,True,138,0.08326726678225194
EMG,MGinter_rmsVal,1,True,138,0.08278276454911211
EMG,GMinter_psdMean,1,True,138,0.08234716475000033
EMG,GMinter_meanPowerFreq,1,True,138,0.08234716475000033
EMG,TAinter_dwtEnergy,1,True,138,0.0820830740487481
EMG,GMinter_cwtMean,1,True,138,0.08076844446849789
EMG,BFinter_mavVal,1,True,138,0.0791660465281643
EMG,TAinter_medianFreq,1,True,138,0.07882482134903365
EMG,PLinter_emdEnergy,1,True,138,0.07741707251132839
EMG,MGinter_cwtMean,1,True,138,0.07727841939342173
EMG,PLinter_psdMean,1,True,138,0.07725189080319245
EMG,PLinter_meanPowerFreq,1,True,138,0.07725189080319245
EMG,MGinter_logDetector,1,True,138,0.07518168672934232
EMG,RFinter_domAmp,1,True,138,0.07213185261156858
EMG,GMinter_rmsVal,1,True,138,0.07192832825865404
EMG,BFinter_varVal,1,True,138,0.0711216828006817
EMG,TAinter_maxVal,1,True,138,0.07052939355338837
EMG,PLinter_waveformLength,1,True,138,0.06860944523838795
EMG,BFinter_domAmp,1,True,138,0.06830130086032929
EMG,RFinter_emdEnergy,1,True,138,0.06803194020308151
EMG,TAinter_mavVal,1,True,138,0.06706487387955214
EMG,PLinter_dwtEnergy,1,True,138,0.06664924377466926
EMG,TAinter_peakToPeak,1,True,138,0.06380192116832951
EMG,RFinter_sdVal,1,True,138,0.06329874367580443
EMG,BFinter_cwtMean,1,True,138,0.062235257524184684
EMG,GMinter_mavVal,1,True,138,0.06167350836607186
EMG,TAinter_varVal,1,True,138,0.05996028036541665
EMG,TAinter_logDetector,1,True,138,0.05981891318515841
EMG,GMinter_specEntropy,1,True,138,0.058325269949690554
EMG,RFinter_logDetector,1,True,138,0.057732169860266386
EMG,TAinter_sdVal,1,True,138,0.057501917303962646
EMG,PLinter_domAmp,1,True,138,0.055638860483876
EMG,TAinter_rmsVal,1,True,138,0.055062825771823976
EMG,TAinter_psdMean,1,True,138,0.052045247558098216
EMG,TAinter_meanPowerFreq,1,True,138,0.052045247558098216
EMG,BFinter_sdVal,1,True,138,0.05039131468525503
EMG,MGinter_domAmp,1,True,138,0.048796330345651305
EMG,RFinter_dwtEnergy,1,True,138,0.048584861481138726
EMG,RFinter_varVal,1,True,138,0.04628231915291566
EMG,BFinter_meanVal,1,True,138,0.04602803349714823
EMG,BFinter_dwtEnergy,1,True,138,0.045099470749208274
EMG,MGinter_specEntropy,1,True,138,0.04420878159521127
EMG,MGinter_varVal,1,True,138,0.043272284887149064
EMG,MGinter_psdMean,1,True,138,0.04324103966718543
EMG,MGinter_meanPowerFreq,1,True,138,0.04324103966718543
EMG,RFinter_rmsVal,1,True,138,0.04225295584616225
EMG,MGinter_dwtEnergy,1,True,138,0.03486856979635258
EMG,RFinter_cwtMean,1,True,138,0.03342171325246743
EMG,BFinter_emdEnergy,1,True,138,0.030006600637235217
EMG,TAinter_cwtMean,1,True,138,0.029281710696544158
EMG,BFinter_rmsVal,1,True,138,0.02913962870629125
EMG,MGinter_peakToPeak,1,True,138,0.02811342948752356
EMG,PLinter_meanVal,1,True,138,0.025619058100430775
EMG,MGinter_meanVal,1,True,138,0.024858909916393144
EMG,BFinter_peakToPeak,1,True,138,0.024485844434190957
EMG,BFinter_maxVal,1,True,138,0.021778680239613556
EMG,BFinter_psdMean,1,True,138,0.021211019250716685
EMG,BFinter_meanPowerFreq,1,True,138,0.021211019250716685
EMG,RFinter_psdMean,1,True,138,0.021019991732807466
EMG,RFinter_meanPowerFreq,1,True,138,0.021019991732807466
EMG,MGinter_emdEnergy,1,True,138,0.019890642725147543
EMG,TAinter_meanVal,1,True,138,0.017638067468534926
EMG,MGinter_maxVal,1,True,138,0.01175012425106637
EMG,GMinter_meanVal,1,True,138,0.011166401592162594
EMG,RFinter_mavVal,1,True,138,0.007452349972734309
EMG,RFinter_meanVal,1,True,138,0.007423293806411164
Gyroscope + Accelerometer,gyroz_maxVal,1,True,5,1.1928999441581718
Gyroscope + Accelerometer,gyroz_varVal,1,True,5,0.7730138168020719
Gyroscope + Accelerometer,gyroz_psdMean,1,True,5,0.7692215265192339
Gyroscope + Accelerometer,gyroz_cvVal,1,True,5,0.6901868167363138
Gyroscope + Accelerometer,gyroz_domAmp,1,True,5,0.6719434171867201
Gyroscope + Accelerometer,gyroz_peakToPeak,2,False,5,
Gyroscope + Accelerometer,gyrox_specEntropy,3,False,5,
Gyroscope + Accelerometer,accy_harmonicRatio,4,False,5,
Gyroscope + Accelerometer,gyrox_cvVal,5,False,5,
Gyroscope + Accelerometer,gyroy_minVal,6,False,5,
Gyroscope + Accelerometer,accz_meanVal,7,False,5,
Gyroscope + Accelerometer,gyroz_meanFreq,8,False,5,
Gyroscope + Accelerometer,accz_rmsVal,9,False,5,
Gyroscope + Accelerometer,accx_minVal,10,False,5,
Gyroscope + Accelerometer,gyroz_minVal,11,False,5,
Gyroscope + Accelerometer,accx_specEntropy,12,False,5,
Gyroscope + Accelerometer,gyroy_medianFreq,13,False,5,
Gyroscope + Accelerometer,accy_rmsVal,14,False,5,
Gyroscope + Accelerometer,accy_domFreq,15,False,5,
Gyroscope + Accelerometer,gyroz_medianFreq,16,False,5,
Gyroscope + Accelerometer,gyroz_domFreq,17,False,5,
Gyroscope + Accelerometer,gyrox_domFreq,18,False,5,
Gyroscope + Accelerometer,gyroz_sdVal,19,False,5,
Gyroscope + Accelerometer,accx_harmonicRatio,20,False,5,
Gyroscope + Accelerometer,gyroz_rmsVal,21,False,5,
Gyroscope + Accelerometer,gyroz_meanVal,22,False,5,
Gyroscope + Accelerometer,gyrox_mavVal,23,False,5,
Gyroscope + Accelerometer,gyroz_specEntropy,24,False,5,
Gyroscope + Accelerometer,accy_maxVal,25,False,5,
Gyroscope + Accelerometer,accy_meanVal,26,False,5,
Gyroscope + Accelerometer,gyroy_meanVal,27,False,5,
Gyroscope + Accelerometer,gyroy_maxVal,28,False,5,
Gyroscope + Accelerometer,accz_minVal,29,False,5,
Gyroscope + Accelerometer,accz_maxVal,30,False,5,
Gyroscope + Accelerometer,gyroz_psdAsymmetry,31,False,5,
Gyroscope + Accelerometer,gyroz_mavVal,32,False,5,
Gyroscope + Accelerometer,gyrox_meanVal,33,False,5,
Gyroscope + Accelerometer,accx_peakToPeak,34,False,5,
Gyroscope + Accelerometer,gyrox_maxVal,35,False,5,
Gyroscope + Accelerometer,accz_domFreq,36,False,5,
Gyroscope + Accelerometer,accz_harmonicRatio,37,False,5,
Gyroscope + Accelerometer,accx_psdMean,38,False,5,
Gyroscope + Accelerometer,accy_peakToPeak,39,False,5,
Gyroscope + Accelerometer,accx_meanFreq,40,False,5,
Gyroscope + Accelerometer,gyroy_specEntropy,41,False,5,
Gyroscope + Accelerometer,gyrox_rmsVal,42,False,5,
Gyroscope + Accelerometer,accx_varVal,43,False,5,
Gyroscope + Accelerometer,gyroy_cvVal,44,False,5,
Gyroscope + Accelerometer,gyrox_harmonicRatio,45,False,5,
Gyroscope + Accelerometer,gyroy_domFreq,46,False,5,
Gyroscope + Accelerometer,accx_maxVal,47,False,5,
Gyroscope + Accelerometer,accy_domAmp,48,False,5,
Gyroscope + Accelerometer,gyrox_domAmp,49,False,5,
Gyroscope + Accelerometer,gyroy_psdMean,50,False,5,
Gyroscope + Accelerometer,accz_specEntropy,51,False,5,
Gyroscope + Accelerometer,accz_mavVal,52,False,5,
Gyroscope + Accelerometer,accz_cvVal,53,False,5,
Gyroscope + Accelerometer,accx_rmsVal,54,False,5,
Gyroscope + Accelerometer,gyrox_peakToPeak,55,False,5,
Gyroscope + Accelerometer,accy_medianFreq,56,False,5,
Gyroscope + Accelerometer,accy_mavVal,57,False,5,
Gyroscope + Accelerometer,accy_cvVal,58,False,5,
Gyroscope + Accelerometer,accx_meanVal,59,False,5,
Gyroscope + Accelerometer,gyroy_peakToPeak,60,False,5,
Gyroscope + Accelerometer,accx_domFreq,61,False,5,
Gyroscope + Accelerometer,accy_sdVal,62,False,5,
Gyroscope + Accelerometer,accx_mavVal,63,False,5,
Gyroscope + Accelerometer,gyroy_mavVal,64,False,5,
Gyroscope + Accelerometer,gyrox_meanFreq,65,False,5,
Gyroscope + Accelerometer,accy_specEntropy,66,False,5,
Gyroscope + Accelerometer,accz_sdVal,67,False,5,
Gyroscope + Accelerometer,accx_medianFreq,68,False,5,
Gyroscope + Accelerometer,accz_peakToPeak,69,False,5,
Gyroscope + Accelerometer,accy_minVal,70,False,5,
Gyroscope + Accelerometer,gyroy_harmonicRatio,71,False,5,
Gyroscope + Accelerometer,gyroy_meanFreq,72,False,5,
Gyroscope + Accelerometer,gyrox_sdVal,73,False,5,
Gyroscope + Accelerometer,gyroy_varVal,74,False,5,
Gyroscope + Accelerometer,accz_varVal,75,False,5,
Gyroscope + Accelerometer,gyrox_medianFreq,76,False,5,
Gyroscope + Accelerometer,accy_psdMean,77,False,5,
Gyroscope + Accelerometer,accz_medianFreq,78,False,5,
Gyroscope + Accelerometer,gyrox_minVal,79,False,5,
Gyroscope + Accelerometer,gyroy_rmsVal,80,False,5,
Gyroscope + Accelerometer,accz_psdMean,81,False,5,
Gyroscope + Accelerometer,gyrox_psdAsymmetry,82,False,5,
Gyroscope + Accelerometer,accz_domAmp,83,False,5,
Gyroscope + Accelerometer,gyroy_sdVal,84,False,5,
Gyroscope + Accelerometer,accx_sdVal,85,False,5,
Gyroscope + Accelerometer,accx_domAmp,86,False,5,
Gyroscope + Accelerometer,gyroy_domAmp,87,False,5,
Gyroscope + Accelerometer,accx_cvVal,88,False,5,
Gyroscope + Accelerometer,accy_meanFreq,89,False,5,
Gyroscope + Accelerometer,gyrox_varVal,90,False,5,
Gyroscope + Accelerometer,gyroy_psdAsymmetry,91,False,5,
Gyroscope + Accelerometer,accy_varVal,92,False,5,
Gyroscope + Accelerometer,accz_meanFreq,93,False,5,
Gyroscope + Accelerometer,gyroz_harmonicRatio,94,False,5,
Gyroscope + Accelerometer,accz_psdAsymmetry,95,False,5,
Gyroscope + Accelerometer,accy_psdAsymmetry,96,False,5,
Gyroscope + Accelerometer,accx_psdAsymmetry,97,False,5,
Gyroscope + Accelerometer,gyrox_psdMean,98,False,5,
Gyroscope + Accelerometer,gyroz_maxVal,1,True,10,1.018432822054742
Gyroscope + Accelerometer,gyroz_peakToPeak,1,True,10,0.7278084141191684
Gyroscope + Accelerometer,gyroz_cvVal,1,True,10,0.6235374195363977
Gyroscope + Accelerometer,gyrox_specEntropy,1,True,10,0.5901668257156117
Gyroscope + Accelerometer,gyroz_varVal,1,True,10,0.5763144015112004
Gyroscope + Accelerometer,gyroz_psdMean,1,True,10,0.570259895848372
Gyroscope + Accelerometer,gyroz_domAmp,1,True,10,0.5272561965859089
Gyroscope + Accelerometer,gyroy_minVal,1,True,10,0.5205088129765882
Gyroscope + Accelerometer,accy_harmonicRatio,1,True,10,0.5065564745429466
Gyroscope + Accelerometer,gyrox_cvVal,1,True,10,0.4891121891312605
Gyroscope + Accelerometer,accz_meanVal,2,False,10,
Gyroscope + Accelerometer,gyroz_meanFreq,3,False,10,
Gyroscope + Accelerometer,accz_rmsVal,4,False,10,
Gyroscope + Accelerometer,accx_minVal,5,False,10,
Gyroscope + Accelerometer,gyroz_minVal,6,False,10,
Gyroscope + Accelerometer,accx_specEntropy,7,False,10,
Gyroscope + Accelerometer,gyroy_medianFreq,8,False,10,
Gyroscope + Accelerometer,accy_rmsVal,9,False,10,
Gyroscope + Accelerometer,accy_domFreq,10,False,10,
Gyroscope + Accelerometer,gyroz_medianFreq,11,False,10,
Gyroscope + Accelerometer,gyroz_domFreq,12,False,10,
Gyroscope + Accelerometer,gyrox_domFreq,13,False,10,
Gyroscope + Accelerometer,gyroz_sdVal,14,False,10,
Gyroscope + Accelerometer,accx_harmonicRatio,15,False,10,
Gyroscope + Accelerometer,gyroz_rmsVal,16,False,10,
Gyroscope + Accelerometer,gyroz_meanVal,17,False,10,
Gyroscope + Accelerometer,gyrox_mavVal,18,False,10,
Gyroscope + Accelerometer,gyroz_specEntropy,19,False,10,
Gyroscope + Accelerometer,accy_maxVal,20,False,10,
Gyroscope + Accelerometer,accy_meanVal,21,False,10,
Gyroscope + Accelerometer,gyroy_meanVal,22,False,10,
Gyroscope + Accelerometer,gyroy_maxVal,23,False,10,
Gyroscope + Accelerometer,accz_minVal,24,False,10,
Gyroscope + Accelerometer,accz_maxVal,25,False,10,
Gyroscope + Accelerometer,gyroz_psdAsymmetry,26,False,10,
Gyroscope + Accelerometer,gyroz_mavVal,27,False,10,
Gyroscope + Accelerometer,gyrox_meanVal,28,False,10,
Gyroscope + Accelerometer,accx_peakToPeak,29,False,10,
Gyroscope + Accelerometer,gyrox_maxVal,30,False,10,
Gyroscope + Accelerometer,accz_domFreq,31,False,10,
Gyroscope + Accelerometer,accz_harmonicRatio,32,False,10,
Gyroscope + Accelerometer,accx_psdMean,33,False,10,
Gyroscope + Accelerometer,accy_peakToPeak,34,False,10,
Gyroscope + Accelerometer,accx_meanFreq,35,False,10,
Gyroscope + Accelerometer,gyroy_specEntropy,36,False,10,
Gyroscope + Accelerometer,gyrox_rmsVal,37,False,10,
Gyroscope + Accelerometer,accx_varVal,38,False,10,
Gyroscope + Accelerometer,gyroy_cvVal,39,False,10,
Gyroscope + Accelerometer,gyrox_harmonicRatio,40,False,10,
Gyroscope + Accelerometer,gyroy_domFreq,41,False,10,
Gyroscope + Accelerometer,accx_maxVal,42,False,10,
Gyroscope + Accelerometer,accy_domAmp,43,False,10,
Gyroscope + Accelerometer,gyrox_domAmp,44,False,10,
Gyroscope + Accelerometer,gyroy_psdMean,45,False,10,
Gyroscope + Accelerometer,accz_specEntropy,46,False,10,
Gyroscope + Accelerometer,accz_mavVal,47,False,10,
Gyroscope + Accelerometer,accz_cvVal,48,False,10,
Gyroscope + Accelerometer,accx_rmsVal,49,False,10,
Gyroscope + Accelerometer,gyrox_peakToPeak,50,False,10,
Gyroscope + Accelerometer,accy_medianFreq,51,False,10,
Gyroscope + Accelerometer,accy_mavVal,52,False,10,
Gyroscope + Accelerometer,accy_cvVal,53,False,10,
Gyroscope + Accelerometer,accx_meanVal,54,False,10,
Gyroscope + Accelerometer,gyroy_peakToPeak,55,False,10,
Gyroscope + Accelerometer,accx_domFreq,56,False,10,
Gyroscope + Accelerometer,accy_sdVal,57,False,10,
Gyroscope + Accelerometer,accx_mavVal,58,False,10,
Gyroscope + Accelerometer,gyroy_mavVal,59,False,10,
Gyroscope + Accelerometer,gyrox_meanFreq,60,False,10,
Gyroscope + Accelerometer,accy_specEntropy,61,False,10,
Gyroscope + Accelerometer,accz_sdVal,62,False,10,
Gyroscope + Accelerometer,accx_medianFreq,63,False,10,
Gyroscope + Accelerometer,accz_peakToPeak,64,False,10,
Gyroscope + Accelerometer,accy_minVal,65,False,10,
Gyroscope + Accelerometer,gyroy_harmonicRatio,66,False,10,
Gyroscope + Accelerometer,gyroy_meanFreq,67,False,10,
Gyroscope + Accelerometer,gyrox_sdVal,68,False,10,
Gyroscope + Accelerometer,gyroy_varVal,69,False,10,
Gyroscope + Accelerometer,accz_varVal,70,False,10,
Gyroscope + Accelerometer,gyrox_medianFreq,71,False,10,
Gyroscope + Accelerometer,accy_psdMean,72,False,10,
Gyroscope + Accelerometer,accz_medianFreq,73,False,10,
Gyroscope + Accelerometer,gyrox_minVal,74,False,10,
Gyroscope + Accelerometer,gyroy_rmsVal,75,False,10,
Gyroscope + Accelerometer,accz_psdMean,76,False,10,
Gyroscope + Accelerometer,gyrox_psdAsymmetry,77,False,10,
Gyroscope + Accelerometer,accz_domAmp,78,False,10,
Gyroscope + Accelerometer,gyroy_sdVal,79,False,10,
Gyroscope + Accelerometer,accx_sdVal,80,False,10,
Gyroscope + Accelerometer,accx_domAmp,81,False,10,
Gyroscope + Accelerometer,gyroy_domAmp,82,False,10,
Gyroscope + Accelerometer,accx_cvVal,83,False,10,
Gyroscope + Accelerometer,accy_meanFreq,84,False,10,
Gyroscope + Accelerometer,gyrox_varVal,85,False,10,
Gyroscope + Accelerometer,gyroy_psdAsymmetry,86,False,10,
Gyroscope + Accelerometer,accy_varVal,87,False,10,
Gyroscope + Accelerometer,accz_meanFreq,88,False,10,
Gyroscope + Accelerometer,gyroz_harmonicRatio,89,False,10,
Gyroscope + Accelerometer,accz_psdAsymmetry,90,False,10,
Gyroscope + Accelerometer,accy_psdAsymmetry,91,False,10,
Gyroscope + Accelerometer,accx_psdAsymmetry,92,False,10,
Gyroscope + Accelerometer,gyrox_psdMean,93,False,10,
Gyroscope + Accelerometer,gyroz_maxVal,1,True,15,0.8682701609749789
Gyroscope + Accelerometer,gyroz_peakToPeak,1,True,15,0.6104747130234776
Gyroscope + Accelerometer,accz_meanVal,1,True,15,0.5527876904906951
Gyroscope + Accelerometer,gyroz_domAmp,1,True,15,0.5498422701494231
Gyroscope + Accelerometer,gyrox_cvVal,1,True,15,0.5373520607488506
Gyroscope + Accelerometer,gyrox_specEntropy,1,True,15,0.5315477282087814
Gyroscope + Accelerometer,accy_harmonicRatio,1,True,15,0.5230302139608841
Gyroscope + Accelerometer,gyroz_varVal,1,True,15,0.49660466497744626
Gyroscope + Accelerometer,gyroz_cvVal,1,True,15,0.49168528428668473
Gyroscope + Accelerometer,gyroz_psdMean,1,True,15,0.48608328511820664
Gyroscope + Accelerometer,accz_rmsVal,1,True,15,0.46969329625411893
Gyroscope + Accelerometer,gyroy_minVal,1,True,15,0.43799592984459207
Gyroscope + Accelerometer,gyroz_meanFreq,1,True,15,0.3866166684666215
Gyroscope + Accelerometer,gyroz_minVal,1,True,15,0.38622658688513023
Gyroscope + Accelerometer,accx_minVal,1,True,15,0.35869223467001526
Gyroscope + Accelerometer,accx_specEntropy,2,False,15,
Gyroscope + Accelerometer,gyroy_medianFreq,3,False,15,
Gyroscope + Accelerometer,accy_rmsVal,4,False,15,
Gyroscope + Accelerometer,accy_domFreq,5,False,15,
Gyroscope + Accelerometer,gyroz_medianFreq,6,False,15,
Gyroscope + Accelerometer,gyroz_domFreq,7,False,15,
Gyroscope + Accelerometer,gyrox_domFreq,8,False,15,
Gyroscope + Accelerometer,gyroz_sdVal,9,False,15,
Gyroscope + Accelerometer,accx_harmonicRatio,10,False,15,
Gyroscope + Accelerometer,gyroz_rmsVal,11,False,15,
Gyroscope + Accelerometer,gyroz_meanVal,12,False,15,
Gyroscope + Accelerometer,gyrox_mavVal,13,False,15,
Gyroscope + Accelerometer,gyroz_specEntropy,14,False,15,
Gyroscope + Accelerometer,accy_maxVal,15,False,15,
Gyroscope + Accelerometer,accy_meanVal,16,False,15,
Gyroscope + Accelerometer,gyroy_meanVal,17,False,15,
Gyroscope + Accelerometer,gyroy_maxVal,18,False,15,
Gyroscope + Accelerometer,accz_minVal,19,False,15,
Gyroscope + Accelerometer,accz_maxVal,20,False,15,
Gyroscope + Accelerometer,gyroz_psdAsymmetry,21,False,15,
Gyroscope + Accelerometer,gyroz_mavVal,22,False,15,
Gyroscope + Accelerometer,gyrox_meanVal,23,False,15,
Gyroscope + Accelerometer,accx_peakToPeak,24,False,15,
Gyroscope + Accelerometer,gyrox_maxVal,25,False,15,
Gyroscope + Accelerometer,accz_domFreq,26,False,15,
Gyroscope + Accelerometer,accz_harmonicRatio,27,False,15,
Gyroscope + Accelerometer,accx_psdMean,28,False,15,
Gyroscope + Accelerometer,accy_peakToPeak,29,False,15,
Gyroscope + Accelerometer,accx_meanFreq,30,False,15,
Gyroscope + Accelerometer,gyroy_specEntropy,31,False,15,
Gyroscope + Accelerometer,gyrox_rmsVal,32,False,15,
Gyroscope + Accelerometer,accx_varVal,33,False,15,
Gyroscope + Accelerometer,gyroy_cvVal,34,False,15,
Gyroscope + Accelerometer,gyrox_harmonicRatio,35,False,15,
Gyroscope + Accelerometer,gyroy_domFreq,36,False,15,
Gyroscope + Accelerometer,accx_maxVal,37,False,15,
Gyroscope + Accelerometer,accy_domAmp,38,False,15,
Gyroscope + Accelerometer,gyrox_domAmp,39,False,15,
Gyroscope + Accelerometer,gyroy_psdMean,40,False,15,
Gyroscope + Accelerometer,accz_specEntropy,41,False,15,
Gyroscope + Accelerometer,accz_mavVal,42,False,15,
Gyroscope + Accelerometer,accz_cvVal,43,False,15,
Gyroscope + Accelerometer,accx_rmsVal,44,False,15,
Gyroscope + Accelerometer,gyrox_peakToPeak,45,False,15,
Gyroscope + Accelerometer,accy_medianFreq,46,False,15,
Gyroscope + Accelerometer,accy_mavVal,47,False,15,
Gyroscope + Accelerometer,accy_cvVal,48,False,15,
Gyroscope + Accelerometer,accx_meanVal,49,False,15,
Gyroscope + Accelerometer,gyroy_peakToPeak,50,False,15,
Gyroscope + Accelerometer,accx_domFreq,51,False,15,
Gyroscope + Accelerometer,accy_sdVal,52,False,15,
Gyroscope + Accelerometer,accx_mavVal,53,False,15,
Gyroscope + Accelerometer,gyroy_mavVal,54,False,15,
Gyroscope + Accelerometer,gyrox_meanFreq,55,False,15,
Gyroscope + Accelerometer,accy_specEntropy,56,False,15,
Gyroscope + Accelerometer,accz_sdVal,57,False,15,
Gyroscope + Accelerometer,accx_medianFreq,58,False,15,
Gyroscope + Accelerometer,accz_peakToPeak,59,False,15,
Gyroscope + Accelerometer,accy_minVal,60,False,15,
Gyroscope + Accelerometer,gyroy_harmonicRatio,61,False,15,
Gyroscope + Accelerometer,gyroy_meanFreq,62,False,15,
Gyroscope + Accelerometer,gyrox_sdVal,63,False,15,
Gyroscope + Accelerometer,gyroy_varVal,64,False,15,
Gyroscope + Accelerometer,accz_varVal,65,False,15,
Gyroscope + Accelerometer,gyrox_medianFreq,66,False,15,
Gyroscope + Accelerometer,accy_psdMean,67,False,15,
Gyroscope + Accelerometer,accz_medianFreq,68,False,15,
Gyroscope + Accelerometer,gyrox_minVal,69,False,15,
Gyroscope + Accelerometer,gyroy_rmsVal,70,False,15,
Gyroscope + Accelerometer,accz_psdMean,71,False,15,
Gyroscope + Accelerometer,gyrox_psdAsymmetry,72,False,15,
Gyroscope + Accelerometer,accz_domAmp,73,False,15,
Gyroscope + Accelerometer,gyroy_sdVal,74,False,15,
Gyroscope + Accelerometer,accx_sdVal,75,False,15,
Gyroscope + Accelerometer,accx_domAmp,76,False,15,
Gyroscope + Accelerometer,gyroy_domAmp,77,False,15,
Gyroscope + Accelerometer,accx_cvVal,78,False,15,
Gyroscope + Accelerometer,accy_meanFreq,79,False,15,
Gyroscope + Accelerometer,gyrox_varVal,80,False,15,
Gyroscope + Accelerometer,gyroy_psdAsymmetry,81,False,15,
Gyroscope + Accelerometer,accy_varVal,82,False,15,
Gyroscope + Accelerometer,accz_meanFreq,83,False,15,
Gyroscope + Accelerometer,gyroz_harmonicRatio,84,False,15,
Gyroscope + Accelerometer,accz_psdAsymmetry,85,False,15,
Gyroscope + Accelerometer,accy_psdAsymmetry,86,False,15,
Gyroscope + Accelerometer,accx_psdAsymmetry,87,False,15,
Gyroscope + Accelerometer,gyrox_psdMean,88,False,15,
Gyroscope + Accelerometer,gyroz_maxVal,1,True,20,0.8199479390603325
Gyroscope + Accelerometer,gyrox_specEntropy,1,True,20,0.6153877799864073
Gyroscope + Accelerometer,gyroz_peakToPeak,1,True,20,0.5903390577523117
Gyroscope + Accelerometer,gyroz_domAmp,1,True,20,0.5661128133473087
Gyroscope + Accelerometer,gyroz_varVal,1,True,20,0.5533885230782184
Gyroscope + Accelerometer,gyroz_psdMean,1,True,20,0.545207957063884
Gyroscope + Accelerometer,gyrox_cvVal,1,True,20,0.544957261655897
Gyroscope + Accelerometer,accy_harmonicRatio,1,True,20,0.5098309855955002
Gyroscope + Accelerometer,accz_meanVal,1,True,20,0.4912493945264069
Gyroscope + Accelerometer,gyroy_minVal,1,True,20,0.47118269231710985
Gyroscope + Accelerometer,accz_rmsVal,1,True,20,0.46301973157649173
Gyroscope + Accelerometer,gyroz_cvVal,1,True,20,0.42283751277166903
Gyroscope + Accelerometer,gyroz_minVal,1,True,20,0.4220881736735486
Gyroscope + Accelerometer,accx_specEntropy,1,True,20,0.4215275965816147
Gyroscope + Accelerometer,accx_minVal,1,True,20,0.3799710913382057
Gyroscope + Accelerometer,gyroz_meanFreq,1,True,20,0.33838594557705176
Gyroscope + Accelerometer,gyroy_medianFreq,1,True,20,0.3140543484136568
Gyroscope + Accelerometer,accy_domFreq,1,True,20,0.29166340694801135
Gyroscope + Accelerometer,gyroz_medianFreq,1,True,20,0.2742023561352877
Gyroscope + Accelerometer,accy_rmsVal,1,True,20,0.2713875524524707
Gyroscope + Accelerometer,gyroz_domFreq,2,False,20,
Gyroscope + Accelerometer,gyrox_domFreq,3,False,20,
Gyroscope + Accelerometer,gyroz_sdVal,4,False,20,
Gyroscope + Accelerometer,accx_harmonicRatio,5,False,20,
Gyroscope + Accelerometer,gyroz_rmsVal,6,False,20,
Gyroscope + Accelerometer,gyroz_meanVal,7,False,20,
Gyroscope + Accelerometer,gyrox_mavVal,8,False,20,
Gyroscope + Accelerometer,gyroz_specEntropy,9,False,20,
Gyroscope + Accelerometer,accy_maxVal,10,False,20,
Gyroscope + Accelerometer,accy_meanVal,11,False,20,
Gyroscope + Accelerometer,gyroy_meanVal,12,False,20,
Gyroscope + Accelerometer,gyroy_maxVal,13,False,20,
Gyroscope + Accelerometer,accz_minVal,14,False,20,
Gyroscope + Accelerometer,accz_maxVal,15,False,20,
Gyroscope + Accelerometer,gyroz_psdAsymmetry,16,False,20,
Gyroscope + Accelerometer,gyroz_mavVal,17,False,20,
Gyroscope + Accelerometer,gyrox_meanVal,18,False,20,
Gyroscope + Accelerometer,accx_peakToPeak,19,False,20,
Gyroscope + Accelerometer,gyrox_maxVal,20,False,20,
Gyroscope + Accelerometer,accz_domFreq,21,False,20,
Gyroscope + Accelerometer,accz_harmonicRatio,22,False,20,
Gyroscope + Accelerometer,accx_psdMean,23,False,20,
Gyroscope + Accelerometer,accy_peakToPeak,24,False,20,
Gyroscope + Accelerometer,accx_meanFreq,25,False,20,
Gyroscope + Accelerometer,gyroy_specEntropy,26,False,20,
Gyroscope + Accelerometer,gyrox_rmsVal,27,False,20,
Gyroscope + Accelerometer,accx_varVal,28,False,20,
Gyroscope + Accelerometer,gyroy_cvVal,29,False,20,
Gyroscope + Accelerometer,gyrox_harmonicRatio,30,False,20,
Gyroscope + Accelerometer,gyroy_domFreq,31,False,20,
Gyroscope + Accelerometer,accx_maxVal,32,False,20,
Gyroscope + Accelerometer,accy_domAmp,33,False,20,
Gyroscope + Accelerometer,gyrox_domAmp,34,False,20,
Gyroscope + Accelerometer,gyroy_psdMean,35,False,20,
Gyroscope + Accelerometer,accz_specEntropy,36,False,20,
Gyroscope + Accelerometer,accz_mavVal,37,False,20,
Gyroscope + Accelerometer,accz_cvVal,38,False,20,
Gyroscope + Accelerometer,accx_rmsVal,39,False,20,
Gyroscope + Accelerometer,gyrox_peakToPeak,40,False,20,
Gyroscope + Accelerometer,accy_medianFreq,41,False,20,
Gyroscope + Accelerometer,accy_mavVal,42,False,20,
Gyroscope + Accelerometer,accy_cvVal,43,False,20,
Gyroscope + Accelerometer,accx_meanVal,44,False,20,
Gyroscope + Accelerometer,gyroy_peakToPeak,45,False,20,
Gyroscope + Accelerometer,accx_domFreq,46,False,20,
Gyroscope + Accelerometer,accy_sdVal,47,False,20,
Gyroscope + Accelerometer,accx_mavVal,48,False,20,
Gyroscope + Accelerometer,gyroy_mavVal,49,False,20,
Gyroscope + Accelerometer,gyrox_meanFreq,50,False,20,
Gyroscope + Accelerometer,accy_specEntropy,51,False,20,
Gyroscope + Accelerometer,accz_sdVal,52,False,20,
Gyroscope + Accelerometer,accx_medianFreq,53,False,20,
Gyroscope + Accelerometer,accz_peakToPeak,54,False,20,
Gyroscope + Accelerometer,accy_minVal,55,False,20,
Gyroscope + Accelerometer,gyroy_harmonicRatio,56,False,20,
Gyroscope + Accelerometer,gyroy_meanFreq,57,False,20,
Gyroscope + Accelerometer,gyrox_sdVal,58,False,20,
Gyroscope + Accelerometer,gyroy_varVal,59,False,20,
Gyroscope + Accelerometer,accz_varVal,60,False,20,
Gyroscope + Accelerometer,gyrox_medianFreq,61,False,20,
Gyroscope + Accelerometer,accy_psdMean,62,False,20,
Gyroscope + Accelerometer,accz_medianFreq,63,False,20,
Gyroscope + Accelerometer,gyrox_minVal,64,False,20,
Gyroscope + Accelerometer,gyroy_rmsVal,65,False,20,
Gyroscope + Accelerometer,accz_psdMean,66,False,20,
Gyroscope + Accelerometer,gyrox_psdAsymmetry,67,False,20,
Gyroscope + Accelerometer,accz_domAmp,68,False,20,
Gyroscope + Accelerometer,gyroy_sdVal,69,False,20,
Gyroscope + Accelerometer,accx_sdVal,70,False,20,
Gyroscope + Accelerometer,accx_domAmp,71,False,20,
Gyroscope + Accelerometer,gyroy_domAmp,72,False,20,
Gyroscope + Accelerometer,accx_cvVal,73,False,20,
Gyroscope + Accelerometer,accy_meanFreq,74,False,20,
Gyroscope + Accelerometer,gyrox_varVal,75,False,20,
Gyroscope + Accelerometer,gyroy_psdAsymmetry,76,False,20,
Gyroscope + Accelerometer,accy_varVal,77,False,20,
Gyroscope + Accelerometer,accz_meanFreq,78,False,20,
Gyroscope + Accelerometer,gyroz_harmonicRatio,79,False,20,
Gyroscope + Accelerometer,accz_psdAsymmetry,80,False,20,
Gyroscope + Accelerometer,accy_psdAsymmetry,81,False,20,
Gyroscope + Accelerometer,accx_psdAsymmetry,82,False,20,
Gyroscope + Accelerometer,gyrox_psdMean,83,False,20,
Gyroscope + Accelerometer,gyroz_maxVal,1,True,30,0.8505597107742989
Gyroscope + Accelerometer,gyroz_peakToPeak,1,True,30,0.5594512661462959
Gyroscope + Accelerometer,gyrox_cvVal,1,True,30,0.534962582235415
Gyroscope + Accelerometer,accz_meanVal,1,True,30,0.531515943243758
Gyroscope + Accelerometer,accx_minVal,1,True,30,0.48943086810582054
Gyroscope + Accelerometer,gyroz_varVal,1,True,30,0.4752331192828547
Gyroscope + Accelerometer,gyroz_psdMean,1,True,30,0.47046719277651466
Gyroscope + Accelerometer,gyroz_domAmp,1,True,30,0.45077585935757764
Gyroscope + Accelerometer,accx_specEntropy,1,True,30,0.4436882922524655
Gyroscope + Accelerometer,gyroz_cvVal,1,True,30,0.4310730972519947
Gyroscope + Accelerometer,gyroy_minVal,1,True,30,0.4079061907192835
Gyroscope + Accelerometer,accy_harmonicRatio,1,True,30,0.40473818827082914
Gyroscope + Accelerometer,gyroz_minVal,1,True,30,0.38479458843247727
Gyroscope + Accelerometer,gyroy_medianFreq,1,True,30,0.37029627491037553
Gyroscope + Accelerometer,accz_rmsVal,1,True,30,0.3349044037718638
Gyroscope + Accelerometer,gyroz_medianFreq,1,True,30,0.3214789050780706
Gyroscope + Accelerometer,gyrox_specEntropy,1,True,30,0.29630955678003285
Gyroscope + Accelerometer,gyroz_specEntropy,1,True,30,0.2947257450310666
Gyroscope + Accelerometer,accy_domFreq,1,True,30,0.2935840333692543
Gyroscope + Accelerometer,gyrox_mavVal,1,True,30,0.2929730277137174
Gyroscope + Accelerometer,accx_harmonicRatio,1,True,30,0.29227824577406475
Gyroscope + Accelerometer,accy_maxVal,1,True,30,0.2907114089108294
Gyroscope + Accelerometer,gyrox_domFreq,1,True,30,0.2890434558154756
Gyroscope + Accelerometer,gyroz_meanVal,1,True,30,0.27522664945098957
Gyroscope + Accelerometer,gyroz_domFreq,1,True,30,0.258714396573445
Gyroscope + Accelerometer,accy_rmsVal,1,True,30,0.2566985339596108
Gyroscope + Accelerometer,gyroz_sdVal,1,True,30,0.24367405673416165
Gyroscope + Accelerometer,gyroz_rmsVal,1,True,30,0.24153374249195714
Gyroscope + Accelerometer,gyroz_meanFreq,1,True,30,0.2332515205716745
Gyroscope + Accelerometer,accy_meanVal,1,True,30,0.22746469603966446
Gyroscope + Accelerometer,gyroy_meanVal,2,False,30,
Gyroscope + Accelerometer,gyroy_maxVal,3,False,30,
Gyroscope + Accelerometer,accz_minVal,4,False,30,
Gyroscope + Accelerometer,accz_maxVal,5,False,30,
Gyroscope + Accelerometer,gyroz_psdAsymmetry,6,False,30,
Gyroscope + Accelerometer,gyroz_mavVal,7,False,30,
Gyroscope + Accelerometer,gyrox_meanVal,8,False,30,
Gyroscope + Accelerometer,accx_peakToPeak,9,False,30,
Gyroscope + Accelerometer,gyrox_maxVal,10,False,30,
Gyroscope + Accelerometer,accz_domFreq,11,False,30,
Gyroscope + Accelerometer,accz_harmonicRatio,12,False,30,
Gyroscope + Accelerometer,accx_psdMean,13,False,30,
Gyroscope + Accelerometer,accy_peakToPeak,14,False,30,
Gyroscope + Accelerometer,accx_meanFreq,15,False,30,
Gyroscope + Accelerometer,gyroy_specEntropy,16,False,30,
Gyroscope + Accelerometer,gyrox_rmsVal,17,False,30,
Gyroscope + Accelerometer,accx_varVal,18,False,30,
Gyroscope + Accelerometer,gyroy_cvVal,19,False,30,
Gyroscope + Accelerometer,gyrox_harmonicRatio,20,False,30,
Gyroscope + Accelerometer,gyroy_domFreq,21,False,30,
Gyroscope + Accelerometer,accx_maxVal,22,False,30,
Gyroscope + Accelerometer,accy_domAmp,23,False,30,
Gyroscope + Accelerometer,gyrox_domAmp,24,False,30,
Gyroscope + Accelerometer,gyroy_psdMean,25,False,30,
Gyroscope + Accelerometer,accz_specEntropy,26,False,30,
Gyroscope + Accelerometer,accz_mavVal,27,False,30,
Gyroscope + Accelerometer,accz_cvVal,28,False,30,
Gyroscope + Accelerometer,accx_rmsVal,29,False,30,
Gyroscope + Accelerometer,gyrox_peakToPeak,30,False,30,
Gyroscope + Accelerometer,accy_medianFreq,31,False,30,
Gyroscope + Accelerometer,accy_mavVal,32,False,30,
Gyroscope + Accelerometer,accy_cvVal,33,False,30,
Gyroscope + Accelerometer,accx_meanVal,34,False,30,
Gyroscope + Accelerometer,gyroy_peakToPeak,35,False,30,
Gyroscope + Accelerometer,accx_domFreq,36,False,30,
Gyroscope + Accelerometer,accy_sdVal,37,False,30,
Gyroscope + Accelerometer,accx_mavVal,38,False,30,
Gyroscope + Accelerometer,gyroy_mavVal,39,False,30,
Gyroscope + Accelerometer,gyrox_meanFreq,40,False,30,
Gyroscope + Accelerometer,accy_specEntropy,41,False,30,
Gyroscope + Accelerometer,accz_sdVal,42,False,30,
Gyroscope + Accelerometer,accx_medianFreq,43,False,30,
Gyroscope + Accelerometer,accz_peakToPeak,44,False,30,
Gyroscope + Accelerometer,accy_minVal,45,False,30,
Gyroscope + Accelerometer,gyroy_harmonicRatio,46,False,30,
Gyroscope + Accelerometer,gyroy_meanFreq,47,False,30,
Gyroscope + Accelerometer,gyrox_sdVal,48,False,30,
Gyroscope + Accelerometer,gyroy_varVal,49,False,30,
Gyroscope + Accelerometer,accz_varVal,50,False,30,
Gyroscope + Accelerometer,gyrox_medianFreq,51,False,30,
Gyroscope + Accelerometer,accy_psdMean,52,False,30,
Gyroscope + Accelerometer,accz_medianFreq,53,False,30,
Gyroscope + Accelerometer,gyrox_minVal,54,False,30,
Gyroscope + Accelerometer,gyroy_rmsVal,55,False,30,
Gyroscope + Accelerometer,accz_psdMean,56,False,30,
Gyroscope + Accelerometer,gyrox_psdAsymmetry,57,False,30,
Gyroscope + Accelerometer,accz_domAmp,58,False,30,
Gyroscope + Accelerometer,gyroy_sdVal,59,False,30,
Gyroscope + Accelerometer,accx_sdVal,60,False,30,
Gyroscope + Accelerometer,accx_domAmp,61,False,30,
Gyroscope + Accelerometer,gyroy_domAmp,62,False,30,
Gyroscope + Accelerometer,accx_cvVal,63,False,30,
Gyroscope + Accelerometer,accy_meanFreq,64,False,30,
Gyroscope + Accelerometer,gyrox_varVal,65,False,30,
Gyroscope + Accelerometer,gyroy_psdAsymmetry,66,False,30,
Gyroscope + Accelerometer,accy_varVal,67,False,30,
Gyroscope + Accelerometer,accz_meanFreq,68,False,30,
Gyroscope + Accelerometer,gyroz_harmonicRatio,69,False,30,
Gyroscope + Accelerometer,accz_psdAsymmetry,70,False,30,
Gyroscope + Accelerometer,accy_psdAsymmetry,71,False,30,
Gyroscope + Accelerometer,accx_psdAsymmetry,72,False,30,
Gyroscope + Accelerometer,gyrox_psdMean,73,False,30,
Gyroscope + Accelerometer,gyroz_maxVal,1,True,40,0.760917631098017
Gyroscope + Accelerometer,gyrox_cvVal,1,True,40,0.5583520209425125
Gyroscope + Accelerometer,gyroy_minVal,1,True,40,0.5387843333745508
Gyroscope + Accelerometer,gyroz_peakToPeak,1,True,40,0.5067024921668438
Gyroscope + Accelerometer,accx_minVal,1,True,40,0.47446458764789146
Gyroscope + Accelerometer,gyroz_cvVal,1,True,40,0.4739260029715249
Gyroscope + Accelerometer,accz_meanVal,1,True,40,0.46324415223662063
Gyroscope + Accelerometer,gyroz_varVal,1,True,40,0.4325170383856287
Gyroscope + Accelerometer,gyroz_psdMean,1,True,40,0.4263785346901335
Gyroscope + Accelerometer,gyroz_domAmp,1,True,40,0.41773922716772355
Gyroscope + Accelerometer,gyroy_medianFreq,1,True,40,0.3940511862855384
Gyroscope + Accelerometer,accx_specEntropy,1,True,40,0.3762957661370853
Gyroscope + Accelerometer,accy_harmonicRatio,1,True,40,0.3722429215333434
Gyroscope + Accelerometer,gyroz_minVal,1,True,40,0.33463031783752123
Gyroscope + Accelerometer,gyroy_meanVal,1,True,40,0.3034820154156248
Gyroscope + Accelerometer,accy_domFreq,1,True,40,0.2981550989712795
Gyroscope + Accelerometer,gyroz_psdAsymmetry,1,True,40,0.2921848353633764
Gyroscope + Accelerometer,gyroz_specEntropy,1,True,40,0.29153543507421825
Gyroscope + Accelerometer,gyrox_mavVal,1,True,40,0.2894561965285834
Gyroscope + Accelerometer,gyroz_medianFreq,1,True,40,0.2876644947443412
Gyroscope + Accelerometer,gyrox_meanVal,1,True,40,0.2850328321683459
Gyroscope + Accelerometer,gyroz_domFreq,1,True,40,0.282828565311849
Gyroscope + Accelerometer,accx_peakToPeak,1,True,40,0.2826421292480137
Gyroscope + Accelerometer,accz_minVal,1,True,40,0.2818242660606883
Gyroscope + Accelerometer,accy_maxVal,1,True,40,0.275688636861438
Gyroscope + Accelerometer,accx_harmonicRatio,1,True,40,0.2724351890023411
Gyroscope + Accelerometer,gyroy_maxVal,1,True,40,0.2693034203208448
Gyroscope + Accelerometer,accz_rmsVal,1,True,40,0.26558639575638693
Gyroscope + Accelerometer,gyrox_specEntropy,1,True,40,0.2559661392093841
Gyroscope + Accelerometer,gyroz_mavVal,1,True,40,0.25122365817006725
Gyroscope + Accelerometer,gyrox_domFreq,1,True,40,0.24817592786456136
Gyroscope + Accelerometer,accy_rmsVal,1,True,40,0.23684204774971473
Gyroscope + Accelerometer,accz_maxVal,1,True,40,0.2331295252839115
Gyroscope + Accelerometer,gyroz_sdVal,1,True,40,0.2310974636007793
Gyroscope + Accelerometer,gyroz_rmsVal,1,True,40,0.22908227870687792
Gyroscope + Accelerometer,accy_meanVal,1,True,40,0.22355153027633037
Gyroscope + Accelerometer,gyrox_maxVal,1,True,40,0.2176550051846091
Gyroscope + Accelerometer,gyroz_meanVal,1,True,40,0.2127599909171053
Gyroscope + Accelerometer,accz_domFreq,1,True,40,0.19099095397622967
Gyroscope + Accelerometer,gyroz_meanFreq,1,True,40,0.18449932016180895
Gyroscope + Accelerometer,accz_harmonicRatio,2,False,40,
Gyroscope + Accelerometer,accx_psdMean,3,False,40,
Gyroscope + Accelerometer,accy_peakToPeak,4,False,40,
Gyroscope + Accelerometer,accx_meanFreq,5,False,40,
Gyroscope + Accelerometer,gyroy_specEntropy,6,False,40,
Gyroscope + Accelerometer,gyrox_rmsVal,7,False,40,
Gyroscope + Accelerometer,accx_varVal,8,False,40,
Gyroscope + Accelerometer,gyroy_cvVal,9,False,40,
Gyroscope + Accelerometer,gyrox_harmonicRatio,10,False,40,
Gyroscope + Accelerometer,gyroy_domFreq,11,False,40,
Gyroscope + Accelerometer,accx_maxVal,12,False,40,
Gyroscope + Accelerometer,accy_domAmp,13,False,40,
Gyroscope + Accelerometer,gyrox_domAmp,14,False,40,
Gyroscope + Accelerometer,gyroy_psdMean,15,False,40,
Gyroscope + Accelerometer,accz_specEntropy,16,False,40,
Gyroscope + Accelerometer,accz_mavVal,17,False,40,
Gyroscope + Accelerometer,accz_cvVal,18,False,40,
Gyroscope + Accelerometer,accx_rmsVal,19,False,40,
Gyroscope + Accelerometer,gyrox_peakToPeak,20,False,40,
Gyroscope + Accelerometer,accy_medianFreq,21,False,40,
Gyroscope + Accelerometer,accy_mavVal,22,False,40,
Gyroscope + Accelerometer,accy_cvVal,23,False,40,
Gyroscope + Accelerometer,accx_meanVal,24,False,40,
Gyroscope + Accelerometer,gyroy_peakToPeak,25,False,40,
Gyroscope + Accelerometer,accx_domFreq,26,False,40,
Gyroscope + Accelerometer,accy_sdVal,27,False,40,
Gyroscope + Accelerometer,accx_mavVal,28,False,40,
Gyroscope + Accelerometer,gyroy_mavVal,29,False,40,
Gyroscope + Accelerometer,gyrox_meanFreq,30,False,40,
Gyroscope + Accelerometer,accy_specEntropy,31,False,40,
Gyroscope + Accelerometer,accz_sdVal,32,False,40,
Gyroscope + Accelerometer,accx_medianFreq,33,False,40,
Gyroscope + Accelerometer,accz_peakToPeak,34,False,40,
Gyroscope + Accelerometer,accy_minVal,35,False,40,
Gyroscope + Accelerometer,gyroy_harmonicRatio,36,False,40,
Gyroscope + Accelerometer,gyroy_meanFreq,37,False,40,
Gyroscope + Accelerometer,gyrox_sdVal,38,False,40,
Gyroscope + Accelerometer,gyroy_varVal,39,False,40,
Gyroscope + Accelerometer,accz_varVal,40,False,40,
Gyroscope + Accelerometer,gyrox_medianFreq,41,False,40,
Gyroscope + Accelerometer,accy_psdMean,42,False,40,
Gyroscope + Accelerometer,accz_medianFreq,43,False,40,
Gyroscope + Accelerometer,gyrox_minVal,44,False,40,
Gyroscope + Accelerometer,gyroy_rmsVal,45,False,40,
Gyroscope + Accelerometer,accz_psdMean,46,False,40,
Gyroscope + Accelerometer,gyrox_psdAsymmetry,47,False,40,
Gyroscope + Accelerometer,accz_domAmp,48,False,40,
Gyroscope + Accelerometer,gyroy_sdVal,49,False,40,
Gyroscope + Accelerometer,accx_sdVal,50,False,40,
Gyroscope + Accelerometer,accx_domAmp,51,False,40,
Gyroscope + Accelerometer,gyroy_domAmp,52,False,40,
Gyroscope + Accelerometer,accx_cvVal,53,False,40,
Gyroscope + Accelerometer,accy_meanFreq,54,False,40,
Gyroscope + Accelerometer,gyrox_varVal,55,False,40,
Gyroscope + Accelerometer,gyroy_psdAsymmetry,56,False,40,
Gyroscope + Accelerometer,accy_varVal,57,False,40,
Gyroscope + Accelerometer,accz_meanFreq,58,False,40,
Gyroscope + Accelerometer,gyroz_harmonicRatio,59,False,40,
Gyroscope + Accelerometer,accz_psdAsymmetry,60,False,40,
Gyroscope + Accelerometer,accy_psdAsymmetry,61,False,40,
Gyroscope + Accelerometer,accx_psdAsymmetry,62,False,40,
Gyroscope + Accelerometer,gyrox_psdMean,63,False,40,
Gyroscope + Accelerometer,gyroz_maxVal,1,True,50,0.735528108684394
Gyroscope + Accelerometer,gyrox_cvVal,1,True,50,0.552944278824974
Gyroscope + Accelerometer,accx_minVal,1,True,50,0.4975313834713247
Gyroscope + Accelerometer,gyroz_peakToPeak,1,True,50,0.4972616486511745
Gyroscope + Accelerometer,accz_meanVal,1,True,50,0.48396496918116094
Gyroscope + Accelerometer,gyroz_cvVal,1,True,50,0.42810903257714167
Gyroscope + Accelerometer,gyroy_minVal,1,True,50,0.41202529100618596
Gyroscope + Accelerometer,gyroz_varVal,1,True,50,0.4072831003872753
Gyroscope + Accelerometer,gyroz_psdMean,1,True,50,0.4034119515538908
Gyroscope + Accelerometer,gyroy_medianFreq,1,True,50,0.3874544853079053
Gyroscope + Accelerometer,gyroz_domAmp,1,True,50,0.37816252788359156
Gyroscope + Accelerometer,gyroz_minVal,1,True,50,0.35251887425331496
Gyroscope + Accelerometer,accy_harmonicRatio,1,True,50,0.34581833088982733
Gyroscope + Accelerometer,accy_domFreq,1,True,50,0.32800284799173135
Gyroscope + Accelerometer,gyroz_medianFreq,1,True,50,0.3167460634083646
Gyroscope + Accelerometer,accx_peakToPeak,1,True,50,0.30767582468717247
Gyroscope + Accelerometer,accx_specEntropy,1,True,50,0.307174375077038
Gyroscope + Accelerometer,gyroy_meanVal,1,True,50,0.2897469896156834
Gyroscope + Accelerometer,accy_maxVal,1,True,50,0.2883962520090448
Gyroscope + Accelerometer,gyroz_psdAsymmetry,1,True,50,0.28350035697053555
Gyroscope + Accelerometer,gyroz_domFreq,1,True,50,0.2827204180505228
Gyroscope + Accelerometer,accz_maxVal,1,True,50,0.27810108879742174
Gyroscope + Accelerometer,gyroy_maxVal,1,True,50,0.2767897924914247
Gyroscope + Accelerometer,gyrox_meanVal,1,True,50,0.2725680336903559
Gyroscope + Accelerometer,accz_harmonicRatio,1,True,50,0.2658075844524534
Gyroscope + Accelerometer,accy_rmsVal,1,True,50,0.2589731542243812
Gyroscope + Accelerometer,gyroz_specEntropy,1,True,50,0.25592997362474534
Gyroscope + Accelerometer,accz_minVal,1,True,50,0.24501876266970601
Gyroscope + Accelerometer,gyroz_mavVal,1,True,50,0.23925015080449727
Gyroscope + Accelerometer,gyrox_domFreq,1,True,50,0.23739375687638462
Gyroscope + Accelerometer,accz_rmsVal,1,True,50,0.23610605215984037
Gyroscope + Accelerometer,gyrox_maxVal,1,True,50,0.2321582461431653
Gyroscope + Accelerometer,gyroz_sdVal,1,True,50,0.2281659241447154
Gyroscope + Accelerometer,gyrox_mavVal,1,True,50,0.2274392841977292
Gyroscope + Accelerometer,gyroz_rmsVal,1,True,50,0.22633150094750398
Gyroscope + Accelerometer,gyrox_specEntropy,1,True,50,0.22182927742477476
Gyroscope + Accelerometer,gyroz_meanVal,1,True,50,0.21192374145573045
Gyroscope + Accelerometer,gyrox_harmonicRatio,1,True,50,0.21026280367128006
Gyroscope + Accelerometer,accx_harmonicRatio,1,True,50,0.2098539446833109
Gyroscope + Accelerometer,gyroy_cvVal,1,True,50,0.2084203245957453
Gyroscope + Accelerometer,gyroy_specEntropy,1,True,50,0.20186613830434805
Gyroscope + Accelerometer,gyroy_domFreq,1,True,50,0.1991702892593099
Gyroscope + Accelerometer,gyrox_rmsVal,1,True,50,0.19578263014414019
Gyroscope + Accelerometer,accz_domFreq,1,True,50,0.19268754822309941
Gyroscope + Accelerometer,accx_varVal,1,True,50,0.190886349814983
Gyroscope + Accelerometer,accx_meanFreq,1,True,50,0.18979573296271549
Gyroscope + Accelerometer,accx_psdMean,1,True,50,0.18578883727650708
Gyroscope + Accelerometer,accy_peakToPeak,1,True,50,0.17712879391402417
Gyroscope + Accelerometer,accy_meanVal,1,True,50,0.17543763376149105
Gyroscope + Accelerometer,gyroz_meanFreq,1,True,50,0.16226303529308433
Gyroscope + Accelerometer,accx_maxVal,2,False,50,
Gyroscope + Accelerometer,accy_domAmp,3,False,50,
Gyroscope + Accelerometer,gyrox_domAmp,4,False,50,
Gyroscope + Accelerometer,gyroy_psdMean,5,False,50,
Gyroscope + Accelerometer,accz_specEntropy,6,False,50,
Gyroscope + Accelerometer,accz_mavVal,7,False,50,
Gyroscope + Accelerometer,accz_cvVal,8,False,50,
Gyroscope + Accelerometer,accx_rmsVal,9,False,50,
Gyroscope + Accelerometer,gyrox_peakToPeak,10,False,50,
Gyroscope + Accelerometer,accy_medianFreq,11,False,50,
Gyroscope + Accelerometer,accy_mavVal,12,False,50,
Gyroscope + Accelerometer,accy_cvVal,13,False,50,
Gyroscope + Accelerometer,accx_meanVal,14,False,50,
Gyroscope + Accelerometer,gyroy_peakToPeak,15,False,50,
Gyroscope + Accelerometer,accx_domFreq,16,False,50,
Gyroscope + Accelerometer,accy_sdVal,17,False,50,
Gyroscope + Accelerometer,accx_mavVal,18,False,50,
Gyroscope + Accelerometer,gyroy_mavVal,19,False,50,
Gyroscope + Accelerometer,gyrox_meanFreq,20,False,50,
Gyroscope + Accelerometer,accy_specEntropy,21,False,50,
Gyroscope + Accelerometer,accz_sdVal,22,False,50,
Gyroscope + Accelerometer,accx_medianFreq,23,False,50,
Gyroscope + Accelerometer,accz_peakToPeak,24,False,50,
Gyroscope + Accelerometer,accy_minVal,25,False,50,
Gyroscope + Accelerometer,gyroy_harmonicRatio,26,False,50,
Gyroscope + Accelerometer,gyroy_meanFreq,27,False,50,
Gyroscope + Accelerometer,gyrox_sdVal,28,False,50,
Gyroscope + Accelerometer,gyroy_varVal,29,False,50,
Gyroscope + Accelerometer,accz_varVal,30,False,50,
Gyroscope + Accelerometer,gyrox_medianFreq,31,False,50,
Gyroscope + Accelerometer,accy_psdMean,32,False,50,
Gyroscope + Accelerometer,accz_medianFreq,33,False,50,
Gyroscope + Accelerometer,gyrox_minVal,34,False,50,
Gyroscope + Accelerometer,gyroy_rmsVal,35,False,50,
Gyroscope + Accelerometer,accz_psdMean,36,False,50,
Gyroscope + Accelerometer,gyrox_psdAsymmetry,37,False,50,
Gyroscope + Accelerometer,accz_domAmp,38,False,50,
Gyroscope + Accelerometer,gyroy_sdVal,39,False,50,
Gyroscope + Accelerometer,accx_sdVal,40,False,50,
Gyroscope + Accelerometer,accx_domAmp,41,False,50,
Gyroscope + Accelerometer,gyroy_domAmp,42,False,50,
Gyroscope + Accelerometer,accx_cvVal,43,False,50,
Gyroscope + Accelerometer,accy_meanFreq,44,False,50,
Gyroscope + Accelerometer,gyrox_varVal,45,False,50,
Gyroscope + Accelerometer,gyroy_psdAsymmetry,46,False,50,
Gyroscope + Accelerometer,accy_varVal,47,False,50,
Gyroscope + Accelerometer,accz_meanFreq,48,False,50,
Gyroscope + Accelerometer,gyroz_harmonicRatio,49,False,50,
Gyroscope + Accelerometer,accz_psdAsymmetry,50,False,50,
Gyroscope + Accelerometer,accy_psdAsymmetry,51,False,50,
Gyroscope + Accelerometer,accx_psdAsymmetry,52,False,50,
Gyroscope + Accelerometer,gyrox_psdMean,53,False,50,
Gyroscope + Accelerometer,gyroz_maxVal,1,True,102,0.6970853442037145
Gyroscope + Accelerometer,accz_meanVal,1,True,102,0.5553220499109933
Gyroscope + Accelerometer,gyrox_cvVal,1,True,102,0.5275753326972525
Gyroscope + Accelerometer,accx_minVal,1,True,102,0.4805438213209534
Gyroscope + Accelerometer,gyroz_peakToPeak,1,True,102,0.46779955944442014
Gyroscope + Accelerometer,gyroz_cvVal,1,True,102,0.42358829337743575
Gyroscope + Accelerometer,gyroz_varVal,1,True,102,0.38732810445007426
Gyroscope + Accelerometer,gyroz_psdMean,1,True,102,0.385779722249243
Gyroscope + Accelerometer,gyroy_medianFreq,1,True,102,0.3749482640600403
Gyroscope + Accelerometer,gyroz_domAmp,1,True,102,0.370922489336497
Gyroscope + Accelerometer,gyroy_minVal,1,True,102,0.3543427544298307
Gyroscope + Accelerometer,gyroz_minVal,1,True,102,0.34081332214645865
Gyroscope + Accelerometer,gyroz_medianFreq,1,True,102,0.3140239618074581
Gyroscope + Accelerometer,accy_domFreq,1,True,102,0.31044421041230114
Gyroscope + Accelerometer,accz_maxVal,1,True,102,0.30845860378579126
Gyroscope + Accelerometer,gyroy_meanVal,1,True,102,0.30100732055425244
Gyroscope + Accelerometer,accy_harmonicRatio,1,True,102,0.287900781059921
Gyroscope + Accelerometer,gyroz_domFreq,1,True,102,0.28580445590279774
Gyroscope + Accelerometer,gyroz_psdAsymmetry,1,True,102,0.2849735193998622
Gyroscope + Accelerometer,accx_peakToPeak,1,True,102,0.27898681467068603
Gyroscope + Accelerometer,accx_specEntropy,1,True,102,0.2694091215456108
Gyroscope + Accelerometer,accy_maxVal,1,True,102,0.23618836965458403
Gyroscope + Accelerometer,gyroy_cvVal,1,True,102,0.23523721937282296
Gyroscope + Accelerometer,gyroy_maxVal,1,True,102,0.23327592614022774
Gyroscope + Accelerometer,accz_harmonicRatio,1,True,102,0.23320490963867616
Gyroscope + Accelerometer,accz_minVal,1,True,102,0.2326812826244643
Gyroscope + Accelerometer,gyroz_specEntropy,1,True,102,0.23173777172048218
Gyroscope + Accelerometer,gyroz_mavVal,1,True,102,0.2233430074950705
Gyroscope + Accelerometer,accz_domFreq,1,True,102,0.21925001175709602
Gyroscope + Accelerometer,gyroz_sdVal,1,True,102,0.21449071331558525
Gyroscope + Accelerometer,gyroz_rmsVal,1,True,102,0.21267413382115663
Gyroscope + Accelerometer,gyrox_specEntropy,1,True,102,0.21186551331648648
Gyroscope + Accelerometer,gyrox_meanVal,1,True,102,0.20582209515327743
Gyroscope + Accelerometer,gyrox_domFreq,1,True,102,0.20495669448773154
Gyroscope + Accelerometer,gyrox_harmonicRatio,1,True,102,0.20355749164374837
Gyroscope + Accelerometer,accx_harmonicRatio,1,True,102,0.1973727319170826
Gyroscope + Accelerometer,gyroz_meanFreq,1,True,102,0.18248314669287294
Gyroscope + Accelerometer,gyrox_maxVal,1,True,102,0.18236283412047682
Gyroscope + Accelerometer,gyroy_domFreq,1,True,102,0.18003360711836713
Gyroscope + Accelerometer,accy_meanVal,1,True,102,0.17797387024367883
Gyroscope + Accelerometer,accx_maxVal,1,True,102,0.1772460574570147
Gyroscope + Accelerometer,gyroy_specEntropy,1,True,102,0.1743092071343725
Gyroscope + Accelerometer,accx_varVal,1,True,102,0.17395907905310437
Gyroscope + Accelerometer,accx_meanFreq,1,True,102,0.17171186177955958
Gyroscope + Accelerometer,accy_rmsVal,1,True,102,0.17051676999726287
Gyroscope + Accelerometer,gyroz_meanVal,1,True,102,0.16595721454743892
Gyroscope + Accelerometer,accy_domAmp,1,True,102,0.160430551785939
Gyroscope + Accelerometer,accy_peakToPeak,1,True,102,0.15601980084913655
Gyroscope + Accelerometer,accx_psdMean,1,True,102,0.15350751153958156
Gyroscope + Accelerometer,accz_mavVal,1,True,102,0.15017985004915596
Gyroscope + Accelerometer,gyrox_mavVal,1,True,102,0.1434786587426243
Gyroscope + Accelerometer,accz_rmsVal,1,True,102,0.1385416628476784
Gyroscope + Accelerometer,accy_cvVal,1,True,102,0.137257597788198
Gyroscope + Accelerometer,accy_medianFreq,1,True,102,0.13633397133640926
Gyroscope + Accelerometer,accx_meanVal,1,True,102,0.13296293017967345
Gyroscope + Accelerometer,accx_mavVal,1,True,102,0.13292449751802402
Gyroscope + Accelerometer,gyrox_rmsVal,1,True,102,0.13024381804601098
Gyroscope + Accelerometer,accy_mavVal,1,True,102,0.1298662434989797
Gyroscope + Accelerometer,accx_rmsVal,1,True,102,0.12826238316661645
Gyroscope + Accelerometer,accz_cvVal,1,True,102,0.12741681216903758
Gyroscope + Accelerometer,gyrox_domAmp,1,True,102,0.12708732709613113
Gyroscope + Accelerometer,gyrox_meanFreq,1,True,102,0.12253671795445979
Gyroscope + Accelerometer,gyroy_peakToPeak,1,True,102,0.12168613663697818
Gyroscope + Accelerometer,accx_medianFreq,1,True,102,0.12015650471707955
Gyroscope + Accelerometer,accz_specEntropy,1,True,102,0.11921350899758627
Gyroscope + Accelerometer,accz_sdVal,1,True,102,0.11839745015930321
Gyroscope + Accelerometer,accz_peakToPeak,1,True,102,0.11755266929688181
Gyroscope + Accelerometer,accx_domFreq,1,True,102,0.1142237543069331
Gyroscope + Accelerometer,gyrox_peakToPeak,1,True,102,0.10950505110103535
Gyroscope + Accelerometer,accy_specEntropy,1,True,102,0.10407132847727806
Gyroscope + Accelerometer,accy_sdVal,1,True,102,0.10359587944423258
Gyroscope + Accelerometer,gyroy_psdMean,1,True,102,0.10190105189175493
Gyroscope + Accelerometer,gyroy_mavVal,1,True,102,0.1007034862239186
Gyroscope + Accelerometer,gyroy_harmonicRatio,1,True,102,0.09681560609483399
Gyroscope + Accelerometer,gyrox_sdVal,1,True,102,0.09592810231578956
Gyroscope + Accelerometer,gyroy_meanFreq,1,True,102,0.09193197565663362
Gyroscope + Accelerometer,gyroy_varVal,1,True,102,0.08802577951089523
Gyroscope + Accelerometer,gyrox_medianFreq,1,True,102,0.08724663257226846
Gyroscope + Accelerometer,accy_minVal,1,True,102,0.08465454347118621
Gyroscope + Accelerometer,gyrox_minVal,1,True,102,0.08312210690976936
Gyroscope + Accelerometer,accz_varVal,1,True,102,0.08286494503766566
Gyroscope + Accelerometer,accy_psdMean,1,True,102,0.07729509331014213
Gyroscope + Accelerometer,accz_medianFreq,1,True,102,0.07674357440931724
Gyroscope + Accelerometer,gyroy_rmsVal,1,True,102,0.0704850779864234
Gyroscope + Accelerometer,gyrox_psdAsymmetry,1,True,102,0.06996296890476485
Gyroscope + Accelerometer,accz_psdMean,1,True,102,0.060978079549054966
Gyroscope + Accelerometer,accz_domAmp,1,True,102,0.059652535634500216
Gyroscope + Accelerometer,gyroy_sdVal,1,True,102,0.054570314496129646
Gyroscope + Accelerometer,accx_domAmp,1,True,102,0.04920035092272313
Gyroscope + Accelerometer,gyroy_domAmp,1,True,102,0.046723248439370944
Gyroscope + Accelerometer,accx_sdVal,1,True,102,0.04444455729316459
Gyroscope + Accelerometer,accx_cvVal,1,True,102,0.04357357726554204
Gyroscope + Accelerometer,gyroy_psdAsymmetry,1,True,102,0.039800057128547714
Gyroscope + Accelerometer,gyrox_varVal,1,True,102,0.036738651141432266
Gyroscope + Accelerometer,accy_meanFreq,1,True,102,0.03528236633031757
Gyroscope + Accelerometer,accy_varVal,1,True,102,0.03460180120696655
Gyroscope + Accelerometer,gyroz_harmonicRatio,1,True,102,0.03401553083498914
Gyroscope + Accelerometer,accz_meanFreq,1,True,102,0.0323144745431758
Gyroscope + Accelerometer,accz_psdAsymmetry,1,True,102,0.02975812425256319
Gyroscope + Accelerometer,accx_psdAsymmetry,1,True,102,0.023531665029688575
Gyroscope + Accelerometer,accy_psdAsymmetry,1,True,102,0.02197563626434038
Gyroscope + Accelerometer,gyrox_psdMean,1,True,102,0.015441477790773006
Gyroscope + EMG,gyroz_maxVal,1,True,5,1.146403415589656
Gyroscope + EMG,gyroz_varVal,1,True,5,0.9294795731196901
Gyroscope + EMG,BFinter_cvVal,1,True,5,0.8628263415871903
Gyroscope + EMG,gyroz_domAmp,1,True,5,0.8565493253845746
Gyroscope + EMG,MGinter_cvVal,1,True,5,0.5056230438195782
Gyroscope + EMG,GMinter_psdAsymmetry,2,False,5,
Gyroscope + EMG,gyrox_domFreq,3,False,5,
Gyroscope + EMG,gyroy_minVal,4,False,5,
Gyroscope + EMG,gyrox_cvVal,5,False,5,
Gyroscope + EMG,MGinter_psdAsymmetry,6,False,5,
Gyroscope + EMG,gyroz_cvVal,7,False,5,
Gyroscope + EMG,BFinter_logDetector,8,False,5,
Gyroscope + EMG,TAinter_harmonicRatio,9,False,5,
Gyroscope + EMG,gyroz_psdMean,10,False,5,
Gyroscope + EMG,PLinter_cvVal,11,False,5,
Gyroscope + EMG,gyroz_meanFreq,12,False,5,
Gyroscope + EMG,RFinter_meanFreq,13,False,5,
Gyroscope + EMG,gyrox_harmonicRatio,14,False,5,
Gyroscope + EMG,gyroz_peakToPeak,15,False,5,
Gyroscope + EMG,gyroz_meanVal,16,False,5,
Gyroscope + EMG,gyroy_peakToPeak,17,False,5,
Gyroscope + EMG,MGinter_meanFreq,18,False,5,
Gyroscope + EMG,BFinter_waveformLength,19,False,5,
Gyroscope + EMG,RFinter_minVal,20,False,5,
Gyroscope + EMG,gyroz_sdVal,21,False,5,
Gyroscope + EMG,gyroz_specEntropy,22,False,5,
Gyroscope + EMG,gyrox_maxVal,23,False,5,
Gyroscope + EMG,gyrox_meanVal,24,False,5,
Gyroscope + EMG,GMinter_meanFreq,25,False,5,
Gyroscope + EMG,GMinter_domFreq,26,False,5,
Gyroscope + EMG,gyroz_mavVal,27,False,5,
Gyroscope + EMG,RFinter_psdAsymmetry,28,False,5,
Gyroscope + EMG,gyroz_harmonicRatio,29,False,5,
Gyroscope + EMG,BFinter_mavVal,30,False,5,
Gyroscope + EMG,MGinter_minVal,31,False,5,
Gyroscope + EMG,gyroz_rmsVal,32,False,5,
Gyroscope + EMG,gyrox_mavVal,33,False,5,
Gyroscope + EMG,gyroy_cvVal,34,False,5,
Gyroscope + EMG,gyroy_meanVal,35,False,5,
Gyroscope + EMG,gyroy_rmsVal,36,False,5,
Gyroscope + EMG,TAinter_psdAsymmetry,37,False,5,
Gyroscope + EMG,GMinter_minVal,38,False,5,
Gyroscope + EMG,MGinter_harmonicRatio,39,False,5,
Gyroscope + EMG,TAinter_cvVal,40,False,5,
Gyroscope + EMG,TAinter_minVal,41,False,5,
Gyroscope + EMG,PLinter_psdMean,42,False,5,
Gyroscope + EMG,BFinter_minVal,43,False,5,
Gyroscope + EMG,PLinter_meanPowerFreq,44,False,5,
Gyroscope + EMG,MGinter_medianFreq,45,False,5,
Gyroscope + EMG,gyroz_domFreq,46,False,5,
Gyroscope + EMG,gyroz_minVal,47,False,5,
Gyroscope + EMG,RFinter_cvVal,48,False,5,
Gyroscope + EMG,gyrox_specEntropy,49,False,5,
Gyroscope + EMG,BFinter_meanFreq,50,False,5,
Gyroscope + EMG,RFinter_domFreq,51,False,5,
Gyroscope + EMG,GMinter_harmonicRatio,52,False,5,
Gyroscope + EMG,PLinter_varVal,53,False,5,
Gyroscope + EMG,GMinter_cvVal,54,False,5,
Gyroscope + EMG,gyroz_medianFreq,55,False,5,
Gyroscope + EMG,gyroy_domFreq,56,False,5,
Gyroscope + EMG,gyrox_peakToPeak,57,False,5,
Gyroscope + EMG,gyroz_psdAsymmetry,58,False,5,
Gyroscope + EMG,MGinter_domFreq,59,False,5,
Gyroscope + EMG,PLinter_maxVal,60,False,5,
Gyroscope + EMG,gyroy_psdMean,61,False,5,
Gyroscope + EMG,gyroy_medianFreq,62,False,5,
Gyroscope + EMG,gyroy_harmonicRatio,63,False,5,
Gyroscope + EMG,RFinter_medianFreq,64,False,5,
Gyroscope + EMG,gyrox_rmsVal,65,False,5,
Gyroscope + EMG,GMinter_cwtMean,66,False,5,
Gyroscope + EMG,gyroy_specEntropy,67,False,5,
Gyroscope + EMG,PLinter_harmonicRatio,68,False,5,
Gyroscope + EMG,PLinter_psdAsymmetry,69,False,5,
Gyroscope + EMG,GMinter_medianFreq,70,False,5,
Gyroscope + EMG,PLinter_peakToPeak,71,False,5,
Gyroscope + EMG,PLinter_cwtMean,72,False,5,
Gyroscope + EMG,gyrox_sdVal,73,False,5,
Gyroscope + EMG,BFinter_psdAsymmetry,74,False,5,
Gyroscope + EMG,gyroy_sdVal,75,False,5,
Gyroscope + EMG,PLinter_domFreq,76,False,5,
Gyroscope + EMG,gyrox_medianFreq,77,False,5,
Gyroscope + EMG,MGinter_cwtMean,78,False,5,
Gyroscope + EMG,gyroy_domAmp,79,False,5,
Gyroscope + EMG,gyrox_domAmp,80,False,5,
Gyroscope + EMG,PLinter_minVal,81,False,5,
Gyroscope + EMG,BFinter_specEntropy,82,False,5,
Gyroscope + EMG,GMinter_logDetector,83,False,5,
Gyroscope + EMG,TAinter_domAmp,84,False,5,
Gyroscope + EMG,gyroy_meanFreq,85,False,5,
Gyroscope + EMG,RFinter_harmonicRatio,86,False,5,
Gyroscope + EMG,gyroy_mavVal,87,False,5,
Gyroscope + EMG,GMinter_peakToPeak,88,False,5,
Gyroscope + EMG,BFinter_harmonicRatio,89,False,5,
Gyroscope + EMG,gyroy_varVal,90,False,5,
Gyroscope + EMG,GMinter_emdEnergy,91,False,5,
Gyroscope + EMG,TAinter_waveformLength,92,False,5,
Gyroscope + EMG,RFinter_specEntropy,93,False,5,
Gyroscope + EMG,PLinter_emdEnergy,94,False,5,
Gyroscope + EMG,gyrox_minVal,95,False,5,
Gyroscope + EMG,gyrox_psdAsymmetry,96,False,5,
Gyroscope + EMG,gyrox_varVal,97,False,5,
Gyroscope + EMG,BFinter_domFreq,98,False,5,
Gyroscope + EMG,PLinter_specEntropy,99,False,5,
Gyroscope + EMG,TAinter_specEntropy,100,False,5,
Gyroscope + EMG,BFinter_peakToPeak,101,False,5,
Gyroscope + EMG,GMinter_maxVal,102,False,5,
Gyroscope + EMG,gyrox_psdMean,103,False,5,
Gyroscope + EMG,GMinter_psdMean,104,False,5,
Gyroscope + EMG,BFinter_varVal,105,False,5,
Gyroscope + EMG,PLinter_sdVal,106,False,5,
Gyroscope + EMG,TAinter_medianFreq,107,False,5,
Gyroscope + EMG,GMinter_meanPowerFreq,108,False,5,
Gyroscope + EMG,GMinter_varVal,109,False,5,
Gyroscope + EMG,gyroy_psdAsymmetry,110,False,5,
Gyroscope + EMG,BFinter_meanVal,111,False,5,
Gyroscope + EMG,BFinter_cwtMean,112,False,5,
Gyroscope + EMG,GMinter_sdVal,113,False,5,
Gyroscope + EMG,RFinter_peakToPeak,114,False,5,
Gyroscope + EMG,PLinter_meanFreq,115,False,5,
Gyroscope + EMG,gyrox_meanFreq,116,False,5,
Gyroscope + EMG,PLinter_dwtEnergy,117,False,5,
Gyroscope + EMG,MGinter_specEntropy,118,False,5,
Gyroscope + EMG,GMinter_rmsVal,119,False,5,
Gyroscope + EMG,RFinter_maxVal,120,False,5,
Gyroscope + EMG,MGinter_waveformLength,121,False,5,
Gyroscope + EMG,RFinter_domAmp,122,False,5,
Gyroscope + EMG,PLinter_rmsVal,123,False,5,
Gyroscope + EMG,RFinter_waveformLength,124,False,5,
Gyroscope + EMG,GMinter_specEntropy,125,False,5,
Gyroscope + EMG,GMinter_dwtEnergy,126,False,5,
Gyroscope + EMG,BFinter_domAmp,127,False,5,
Gyroscope + EMG,PLinter_medianFreq,128,False,5,
Gyroscope + EMG,BFinter_maxVal,129,False,5,
Gyroscope + EMG,TAinter_dwtEnergy,130,False,5,
Gyroscope + EMG,GMinter_mavVal,131,False,5,
Gyroscope + EMG,MGinter_varVal,132,False,5,
Gyroscope + EMG,TAinter_psdMean,133,False,5,
Gyroscope + EMG,TAinter_meanPowerFreq,134,False,5,
Gyroscope + EMG,gyroy_maxVal,135,False,5,
Gyroscope + EMG,MGinter_dwtEnergy,136,False,5,
Gyroscope + EMG,RFinter_cwtMean,137,False,5,
Gyroscope + EMG,BFinter_dwtEnergy,138,False,5,
Gyroscope + EMG,TAinter_sdVal,139,False,5,
Gyroscope + EMG,TAinter_domFreq,140,False,5,
Gyroscope + EMG,TAinter_meanFreq,141,False,5,
Gyroscope + EMG,PLinter_mavVal,142,False,5,
Gyroscope + EMG,MGinter_sdVal,143,False,5,
Gyroscope + EMG,TAinter_rmsVal,144,False,5,
Gyroscope + EMG,MGinter_rmsVal,145,False,5,
Gyroscope + EMG,MGinter_meanPowerFreq,146,False,5,
Gyroscope + EMG,PLinter_meanVal,147,False,5,
Gyroscope + EMG,MGinter_psdMean,148,False,5,
Gyroscope + EMG,TAinter_emdEnergy,149,False,5,
Gyroscope + EMG,MGinter_mavVal,150,False,5,
Gyroscope + EMG,TAinter_mavVal,151,False,5,
Gyroscope + EMG,MGinter_meanVal,152,False,5,
Gyroscope + EMG,BFinter_sdVal,153,False,5,
Gyroscope + EMG,GMinter_domAmp,154,False,5,
Gyroscope + EMG,RFinter_logDetector,155,False,5,
Gyroscope + EMG,RFinter_varVal,156,False,5,
Gyroscope + EMG,MGinter_domAmp,157,False,5,
Gyroscope + EMG,TAinter_peakToPeak,158,False,5,
Gyroscope + EMG,BFinter_medianFreq,159,False,5,
Gyroscope + EMG,MGinter_peakToPeak,160,False,5,
Gyroscope + EMG,TAinter_cwtMean,161,False,5,
Gyroscope + EMG,MGinter_emdEnergy,162,False,5,
Gyroscope + EMG,RFinter_emdEnergy,163,False,5,
Gyroscope + EMG,PLinter_waveformLength,164,False,5,
Gyroscope + EMG,RFinter_mavVal,165,False,5,
Gyroscope + EMG,PLinter_logDetector,166,False,5,
Gyroscope + EMG,RFinter_sdVal,167,False,5,
Gyroscope + EMG,BFinter_psdMean,168,False,5,
Gyroscope + EMG,TAinter_varVal,169,False,5,
Gyroscope + EMG,TAinter_logDetector,170,False,5,
Gyroscope + EMG,BFinter_meanPowerFreq,171,False,5,
Gyroscope + EMG,GMinter_waveformLength,172,False,5,
Gyroscope + EMG,TAinter_meanVal,173,False,5,
Gyroscope + EMG,RFinter_rmsVal,174,False,5,
Gyroscope + EMG,GMinter_meanVal,175,False,5,
Gyroscope + EMG,RFinter_meanVal,176,False,5,
Gyroscope + EMG,MGinter_logDetector,177,False,5,
Gyroscope + EMG,MGinter_maxVal,178,False,5,
Gyroscope + EMG,BFinter_rmsVal,179,False,5,
Gyroscope + EMG,BFinter_emdEnergy,180,False,5,
Gyroscope + EMG,RFinter_psdMean,181,False,5,
Gyroscope + EMG,RFinter_meanPowerFreq,182,False,5,
Gyroscope + EMG,TAinter_maxVal,183,False,5,
Gyroscope + EMG,PLinter_domAmp,184,False,5,
Gyroscope + EMG,RFinter_dwtEnergy,185,False,5,
Gyroscope + EMG,MGinter_cvVal,1,True,10,0.921279457965921
Gyroscope + EMG,gyroz_maxVal,1,True,10,0.8910684815403002
Gyroscope + EMG,BFinter_cvVal,1,True,10,0.8240237563572013
Gyroscope + EMG,GMinter_psdAsymmetry,1,True,10,0.6929694323381955
Gyroscope + EMG,gyroz_domAmp,1,True,10,0.6859939031624416
Gyroscope + EMG,gyroz_varVal,1,True,10,0.6493263952355272
Gyroscope + EMG,gyroy_minVal,1,True,10,0.5455257839458838
Gyroscope + EMG,gyrox_cvVal,1,True,10,0.5295886522709702
Gyroscope + EMG,MGinter_psdAsymmetry,1,True,10,0.5119096195620733
Gyroscope + EMG,gyrox_domFreq,1,True,10,0.4994151807649576
Gyroscope + EMG,gyroz_cvVal,2,False,10,
Gyroscope + EMG,BFinter_logDetector,3,False,10,
Gyroscope + EMG,TAinter_harmonicRatio,4,False,10,
Gyroscope + EMG,gyroz_psdMean,5,False,10,
Gyroscope + EMG,PLinter_cvVal,6,False,10,
Gyroscope + EMG,gyroz_meanFreq,7,False,10,
Gyroscope + EMG,RFinter_meanFreq,8,False,10,
Gyroscope + EMG,gyrox_harmonicRatio,9,False,10,
Gyroscope + EMG,gyroz_peakToPeak,10,False,10,
Gyroscope + EMG,gyroz_meanVal,11,False,10,
Gyroscope + EMG,gyroy_peakToPeak,12,False,10,
Gyroscope + EMG,MGinter_meanFreq,13,False,10,
Gyroscope + EMG,BFinter_waveformLength,14,False,10,
Gyroscope + EMG,RFinter_minVal,15,False,10,
Gyroscope + EMG,gyroz_sdVal,16,False,10,
Gyroscope + EMG,gyroz_specEntropy,17,False,10,
Gyroscope + EMG,gyrox_maxVal,18,False,10,
Gyroscope + EMG,gyrox_meanVal,19,False,10,
Gyroscope + EMG,GMinter_meanFreq,20,False,10,
Gyroscope + EMG,GMinter_domFreq,21,False,10,
Gyroscope + EMG,gyroz_mavVal,22,False,10,
Gyroscope + EMG,RFinter_psdAsymmetry,23,False,10,
Gyroscope + EMG,gyroz_harmonicRatio,24,False,10,
Gyroscope + EMG,BFinter_mavVal,25,False,10,
Gyroscope + EMG,MGinter_minVal,26,False,10,
Gyroscope + EMG,gyroz_rmsVal,27,False,10,
Gyroscope + EMG,gyrox_mavVal,28,False,10,
Gyroscope + EMG,gyroy_cvVal,29,False,10,
Gyroscope + EMG,gyroy_meanVal,30,False,10,
Gyroscope + EMG,gyroy_rmsVal,31,False,10,
Gyroscope + EMG,TAinter_psdAsymmetry,32,False,10,
Gyroscope + EMG,GMinter_minVal,33,False,10,
Gyroscope + EMG,MGinter_harmonicRatio,34,False,10,
Gyroscope + EMG,TAinter_cvVal,35,False,10,
Gyroscope + EMG,TAinter_minVal,36,False,10,
Gyroscope + EMG,PLinter_psdMean,37,False,10,
Gyroscope + EMG,BFinter_minVal,38,False,10,
Gyroscope + EMG,PLinter_meanPowerFreq,39,False,10,
Gyroscope + EMG,MGinter_medianFreq,40,False,10,
Gyroscope + EMG,gyroz_domFreq,41,False,10,
Gyroscope + EMG,gyroz_minVal,42,False,10,
Gyroscope + EMG,RFinter_cvVal,43,False,10,
Gyroscope + EMG,gyrox_specEntropy,44,False,10,
Gyroscope + EMG,BFinter_meanFreq,45,False,10,
Gyroscope + EMG,RFinter_domFreq,46,False,10,
Gyroscope + EMG,GMinter_harmonicRatio,47,False,10,
Gyroscope + EMG,PLinter_varVal,48,False,10,
Gyroscope + EMG,GMinter_cvVal,49,False,10,
Gyroscope + EMG,gyroz_medianFreq,50,False,10,
Gyroscope + EMG,gyroy_domFreq,51,False,10,
Gyroscope + EMG,gyrox_peakToPeak,52,False,10,
Gyroscope + EMG,gyroz_psdAsymmetry,53,False,10,
Gyroscope + EMG,MGinter_domFreq,54,False,10,
Gyroscope + EMG,PLinter_maxVal,55,False,10,
Gyroscope + EMG,gyroy_psdMean,56,False,10,
Gyroscope + EMG,gyroy_medianFreq,57,False,10,
Gyroscope + EMG,gyroy_harmonicRatio,58,False,10,
Gyroscope + EMG,RFinter_medianFreq,59,False,10,
Gyroscope + EMG,gyrox_rmsVal,60,False,10,
Gyroscope + EMG,GMinter_cwtMean,61,False,10,
Gyroscope + EMG,gyroy_specEntropy,62,False,10,
Gyroscope + EMG,PLinter_harmonicRatio,63,False,10,
Gyroscope + EMG,PLinter_psdAsymmetry,64,False,10,
Gyroscope + EMG,GMinter_medianFreq,65,False,10,
Gyroscope + EMG,PLinter_peakToPeak,66,False,10,
Gyroscope + EMG,PLinter_cwtMean,67,False,10,
Gyroscope + EMG,gyrox_sdVal,68,False,10,
Gyroscope + EMG,BFinter_psdAsymmetry,69,False,10,
Gyroscope + EMG,gyroy_sdVal,70,False,10,
Gyroscope + EMG,PLinter_domFreq,71,False,10,
Gyroscope + EMG,gyrox_medianFreq,72,False,10,
Gyroscope + EMG,MGinter_cwtMean,73,False,10,
Gyroscope + EMG,gyroy_domAmp,74,False,10,
Gyroscope + EMG,gyrox_domAmp,75,False,10,
Gyroscope + EMG,PLinter_minVal,76,False,10,
Gyroscope + EMG,BFinter_specEntropy,77,False,10,
Gyroscope + EMG,GMinter_logDetector,78,False,10,
Gyroscope + EMG,TAinter_domAmp,79,False,10,
Gyroscope + EMG,gyroy_meanFreq,80,False,10,
Gyroscope + EMG,RFinter_harmonicRatio,81,False,10,
Gyroscope + EMG,gyroy_mavVal,82,False,10,
Gyroscope + EMG,GMinter_peakToPeak,83,False,10,
Gyroscope + EMG,BFinter_harmonicRatio,84,False,10,
Gyroscope + EMG,gyroy_varVal,85,False,10,
Gyroscope + EMG,GMinter_emdEnergy,86,False,10,
Gyroscope + EMG,TAinter_waveformLength,87,False,10,
Gyroscope + EMG,RFinter_specEntropy,88,False,10,
Gyroscope + EMG,PLinter_emdEnergy,89,False,10,
Gyroscope + EMG,gyrox_minVal,90,False,10,
Gyroscope + EMG,gyrox_psdAsymmetry,91,False,10,
Gyroscope + EMG,gyrox_varVal,92,False,10,
Gyroscope + EMG,BFinter_domFreq,93,False,10,
Gyroscope + EMG,PLinter_specEntropy,94,False,10,
Gyroscope + EMG,TAinter_specEntropy,95,False,10,
Gyroscope + EMG,BFinter_peakToPeak,96,False,10,
Gyroscope + EMG,GMinter_maxVal,97,False,10,
Gyroscope + EMG,gyrox_psdMean,98,False,10,
Gyroscope + EMG,GMinter_psdMean,99,False,10,
Gyroscope + EMG,BFinter_varVal,100,False,10,
Gyroscope + EMG,PLinter_sdVal,101,False,10,
Gyroscope + EMG,TAinter_medianFreq,102,False,10,
Gyroscope + EMG,GMinter_meanPowerFreq,103,False,10,
Gyroscope + EMG,GMinter_varVal,104,False,10,
Gyroscope + EMG,gyroy_psdAsymmetry,105,False,10,
Gyroscope + EMG,BFinter_meanVal,106,False,10,
Gyroscope + EMG,BFinter_cwtMean,107,False,10,
Gyroscope + EMG,GMinter_sdVal,108,False,10,
Gyroscope + EMG,RFinter_peakToPeak,109,False,10,
Gyroscope + EMG,PLinter_meanFreq,110,False,10,
Gyroscope + EMG,gyrox_meanFreq,111,False,10,
Gyroscope + EMG,PLinter_dwtEnergy,112,False,10,
Gyroscope + EMG,MGinter_specEntropy,113,False,10,
Gyroscope + EMG,GMinter_rmsVal,114,False,10,
Gyroscope + EMG,RFinter_maxVal,115,False,10,
Gyroscope + EMG,MGinter_waveformLength,116,False,10,
Gyroscope + EMG,RFinter_domAmp,117,False,10,
Gyroscope + EMG,PLinter_rmsVal,118,False,10,
Gyroscope + EMG,RFinter_waveformLength,119,False,10,
Gyroscope + EMG,GMinter_specEntropy,120,False,10,
Gyroscope + EMG,GMinter_dwtEnergy,121,False,10,
Gyroscope + EMG,BFinter_domAmp,122,False,10,
Gyroscope + EMG,PLinter_medianFreq,123,False,10,
Gyroscope + EMG,BFinter_maxVal,124,False,10,
Gyroscope + EMG,TAinter_dwtEnergy,125,False,10,
Gyroscope + EMG,GMinter_mavVal,126,False,10,
Gyroscope + EMG,MGinter_varVal,127,False,10,
Gyroscope + EMG,TAinter_psdMean,128,False,10,
Gyroscope + EMG,TAinter_meanPowerFreq,129,False,10,
Gyroscope + EMG,gyroy_maxVal,130,False,10,
Gyroscope + EMG,MGinter_dwtEnergy,131,False,10,
Gyroscope + EMG,RFinter_cwtMean,132,False,10,
Gyroscope + EMG,BFinter_dwtEnergy,133,False,10,
Gyroscope + EMG,TAinter_sdVal,134,False,10,
Gyroscope + EMG,TAinter_domFreq,135,False,10,
Gyroscope + EMG,TAinter_meanFreq,136,False,10,
Gyroscope + EMG,PLinter_mavVal,137,False,10,
Gyroscope + EMG,MGinter_sdVal,138,False,10,
Gyroscope + EMG,TAinter_rmsVal,139,False,10,
Gyroscope + EMG,MGinter_rmsVal,140,False,10,
Gyroscope + EMG,MGinter_meanPowerFreq,141,False,10,
Gyroscope + EMG,PLinter_meanVal,142,False,10,
Gyroscope + EMG,MGinter_psdMean,143,False,10,
Gyroscope + EMG,TAinter_emdEnergy,144,False,10,
Gyroscope + EMG,MGinter_mavVal,145,False,10,
Gyroscope + EMG,TAinter_mavVal,146,False,10,
Gyroscope + EMG,MGinter_meanVal,147,False,10,
Gyroscope + EMG,BFinter_sdVal,148,False,10,
Gyroscope + EMG,GMinter_domAmp,149,False,10,
Gyroscope + EMG,RFinter_logDetector,150,False,10,
Gyroscope + EMG,RFinter_varVal,151,False,10,
Gyroscope + EMG,MGinter_domAmp,152,False,10,
Gyroscope + EMG,TAinter_peakToPeak,153,False,10,
Gyroscope + EMG,BFinter_medianFreq,154,False,10,
Gyroscope + EMG,MGinter_peakToPeak,155,False,10,
Gyroscope + EMG,TAinter_cwtMean,156,False,10,
Gyroscope + EMG,MGinter_emdEnergy,157,False,10,
Gyroscope + EMG,RFinter_emdEnergy,158,False,10,
Gyroscope + EMG,PLinter_waveformLength,159,False,10,
Gyroscope + EMG,RFinter_mavVal,160,False,10,
Gyroscope + EMG,PLinter_logDetector,161,False,10,
Gyroscope + EMG,RFinter_sdVal,162,False,10,
Gyroscope + EMG,BFinter_psdMean,163,False,10,
Gyroscope + EMG,TAinter_varVal,164,False,10,
Gyroscope + EMG,TAinter_logDetector,165,False,10,
Gyroscope + EMG,BFinter_meanPowerFreq,166,False,10,
Gyroscope + EMG,GMinter_waveformLength,167,False,10,
Gyroscope + EMG,TAinter_meanVal,168,False,10,
Gyroscope + EMG,RFinter_rmsVal,169,False,10,
Gyroscope + EMG,GMinter_meanVal,170,False,10,
Gyroscope + EMG,RFinter_meanVal,171,False,10,
Gyroscope + EMG,MGinter_logDetector,172,False,10,
Gyroscope + EMG,MGinter_maxVal,173,False,10,
Gyroscope + EMG,BFinter_rmsVal,174,False,10,
Gyroscope + EMG,BFinter_emdEnergy,175,False,10,
Gyroscope + EMG,RFinter_psdMean,176,False,10,
Gyroscope + EMG,RFinter_meanPowerFreq,177,False,10,
Gyroscope + EMG,TAinter_maxVal,178,False,10,
Gyroscope + EMG,PLinter_domAmp,179,False,10,
Gyroscope + EMG,RFinter_dwtEnergy,180,False,10,
Gyroscope + EMG,MGinter_cvVal,1,True,15,0.76602369140737
Gyroscope + EMG,gyroz_maxVal,1,True,15,0.720296078267113
Gyroscope + EMG,GMinter_psdAsymmetry,1,True,15,0.6769727400237949
Gyroscope + EMG,BFinter_logDetector,1,True,15,0.6475984455695101
Gyroscope + EMG,gyroz_domAmp,1,True,15,0.5648740772020191
Gyroscope + EMG,gyroy_minVal,1,True,15,0.5543539318845379
Gyroscope + EMG,MGinter_psdAsymmetry,1,True,15,0.548910842822058
Gyroscope + EMG,gyroz_cvVal,1,True,15,0.5467389555596323
Gyroscope + EMG,gyrox_domFreq,1,True,15,0.5436955447720108
Gyroscope + EMG,gyrox_cvVal,1,True,15,0.510047396719631
Gyroscope + EMG,BFinter_cvVal,1,True,15,0.5099905276425799
Gyroscope + EMG,TAinter_harmonicRatio,1,True,15,0.4881745482771378
Gyroscope + EMG,gyroz_varVal,1,True,15,0.48059856311279847
Gyroscope + EMG,gyroz_psdMean,1,True,15,0.473004466084945
Gyroscope + EMG,PLinter_cvVal,1,True,15,0.3697584847482032
Gyroscope + EMG,gyroz_meanFreq,2,False,15,
Gyroscope + EMG,RFinter_meanFreq,3,False,15,
Gyroscope + EMG,gyrox_harmonicRatio,4,False,15,
Gyroscope + EMG,gyroz_peakToPeak,5,False,15,
Gyroscope + EMG,gyroz_meanVal,6,False,15,
Gyroscope + EMG,gyroy_peakToPeak,7,False,15,
Gyroscope + EMG,MGinter_meanFreq,8,False,15,
Gyroscope + EMG,BFinter_waveformLength,9,False,15,
Gyroscope + EMG,RFinter_minVal,10,False,15,
Gyroscope + EMG,gyroz_sdVal,11,False,15,
Gyroscope + EMG,gyroz_specEntropy,12,False,15,
Gyroscope + EMG,gyrox_maxVal,13,False,15,
Gyroscope + EMG,gyrox_meanVal,14,False,15,
Gyroscope + EMG,GMinter_meanFreq,15,False,15,
Gyroscope + EMG,GMinter_domFreq,16,False,15,
Gyroscope + EMG,gyroz_mavVal,17,False,15,
Gyroscope + EMG,RFinter_psdAsymmetry,18,False,15,
Gyroscope + EMG,gyroz_harmonicRatio,19,False,15,
Gyroscope + EMG,BFinter_mavVal,20,False,15,
Gyroscope + EMG,MGinter_minVal,21,False,15,
Gyroscope + EMG,gyroz_rmsVal,22,False,15,
Gyroscope + EMG,gyrox_mavVal,23,False,15,
Gyroscope + EMG,gyroy_cvVal,24,False,15,
Gyroscope + EMG,gyroy_meanVal,25,False,15,
Gyroscope + EMG,gyroy_rmsVal,26,False,15,
Gyroscope + EMG,TAinter_psdAsymmetry,27,False,15,
Gyroscope + EMG,GMinter_minVal,28,False,15,
Gyroscope + EMG,MGinter_harmonicRatio,29,False,15,
Gyroscope + EMG,TAinter_cvVal,30,False,15,
Gyroscope + EMG,TAinter_minVal,31,False,15,
Gyroscope + EMG,PLinter_psdMean,32,False,15,
Gyroscope + EMG,BFinter_minVal,33,False,15,
Gyroscope + EMG,PLinter_meanPowerFreq,34,False,15,
Gyroscope + EMG,MGinter_medianFreq,35,False,15,
Gyroscope + EMG,gyroz_domFreq,36,False,15,
Gyroscope + EMG,gyroz_minVal,37,False,15,
Gyroscope + EMG,RFinter_cvVal,38,False,15,
Gyroscope + EMG,gyrox_specEntropy,39,False,15,
Gyroscope + EMG,BFinter_meanFreq,40,False,15,
Gyroscope + EMG,RFinter_domFreq,41,False,15,
Gyroscope + EMG,GMinter_harmonicRatio,42,False,15,
Gyroscope + EMG,PLinter_varVal,43,False,15,
Gyroscope + EMG,GMinter_cvVal,44,False,15,
Gyroscope + EMG,gyroz_medianFreq,45,False,15,
Gyroscope + EMG,gyroy_domFreq,46,False,15,
Gyroscope + EMG,gyrox_peakToPeak,47,False,15,
Gyroscope + EMG,gyroz_psdAsymmetry,48,False,15,
Gyroscope + EMG,MGinter_domFreq,49,False,15,
Gyroscope + EMG,PLinter_maxVal,50,False,15,
Gyroscope + EMG,gyroy_psdMean,51,False,15,
Gyroscope + EMG,gyroy_medianFreq,52,False,15,
Gyroscope + EMG,gyroy_harmonicRatio,53,False,15,
Gyroscope + EMG,RFinter_medianFreq,54,False,15,
Gyroscope + EMG,gyrox_rmsVal,55,False,15,
Gyroscope + EMG,GMinter_cwtMean,56,False,15,
Gyroscope + EMG,gyroy_specEntropy,57,False,15,
Gyroscope + EMG,PLinter_harmonicRatio,58,False,15,
Gyroscope + EMG,PLinter_psdAsymmetry,59,False,15,
Gyroscope + EMG,GMinter_medianFreq,60,False,15,
Gyroscope + EMG,PLinter_peakToPeak,61,False,15,
Gyroscope + EMG,PLinter_cwtMean,62,False,15,
Gyroscope + EMG,gyrox_sdVal,63,False,15,
Gyroscope + EMG,BFinter_psdAsymmetry,64,False,15,
Gyroscope + EMG,gyroy_sdVal,65,False,15,
Gyroscope + EMG,PLinter_domFreq,66,False,15,
Gyroscope + EMG,gyrox_medianFreq,67,False,15,
Gyroscope + EMG,MGinter_cwtMean,68,False,15,
Gyroscope + EMG,gyroy_domAmp,69,False,15,
Gyroscope + EMG,gyrox_domAmp,70,False,15,
Gyroscope + EMG,PLinter_minVal,71,False,15,
Gyroscope + EMG,BFinter_specEntropy,72,False,15,
Gyroscope + EMG,GMinter_logDetector,73,False,15,
Gyroscope + EMG,TAinter_domAmp,74,False,15,
Gyroscope + EMG,gyroy_meanFreq,75,False,15,
Gyroscope + EMG,RFinter_harmonicRatio,76,False,15,
Gyroscope + EMG,gyroy_mavVal,77,False,15,
Gyroscope + EMG,GMinter_peakToPeak,78,False,15,
Gyroscope + EMG,BFinter_harmonicRatio,79,False,15,
Gyroscope + EMG,gyroy_varVal,80,False,15,
Gyroscope + EMG,GMinter_emdEnergy,81,False,15,
Gyroscope + EMG,TAinter_waveformLength,82,False,15,
Gyroscope + EMG,RFinter_specEntropy,83,False,15,
Gyroscope + EMG,PLinter_emdEnergy,84,False,15,
Gyroscope + EMG,gyrox_minVal,85,False,15,
Gyroscope + EMG,gyrox_psdAsymmetry,86,False,15,
Gyroscope + EMG,gyrox_varVal,87,False,15,
Gyroscope + EMG,BFinter_domFreq,88,False,15,
Gyroscope + EMG,PLinter_specEntropy,89,False,15,
Gyroscope + EMG,TAinter_specEntropy,90,False,15,
Gyroscope + EMG,BFinter_peakToPeak,91,False,15,
Gyroscope + EMG,GMinter_maxVal,92,False,15,
Gyroscope + EMG,gyrox_psdMean,93,False,15,
Gyroscope + EMG,GMinter_psdMean,94,False,15,
Gyroscope + EMG,BFinter_varVal,95,False,15,
Gyroscope + EMG,PLinter_sdVal,96,False,15,
Gyroscope + EMG,TAinter_medianFreq,97,False,15,
Gyroscope + EMG,GMinter_meanPowerFreq,98,False,15,
Gyroscope + EMG,GMinter_varVal,99,False,15,
Gyroscope + EMG,gyroy_psdAsymmetry,100,False,15,
Gyroscope + EMG,BFinter_meanVal,101,False,15,
Gyroscope + EMG,BFinter_cwtMean,102,False,15,
Gyroscope + EMG,GMinter_sdVal,103,False,15,
Gyroscope + EMG,RFinter_peakToPeak,104,False,15,
Gyroscope + EMG,PLinter_meanFreq,105,False,15,
Gyroscope + EMG,gyrox_meanFreq,106,False,15,
Gyroscope + EMG,PLinter_dwtEnergy,107,False,15,
Gyroscope + EMG,MGinter_specEntropy,108,False,15,
Gyroscope + EMG,GMinter_rmsVal,109,False,15,
Gyroscope + EMG,RFinter_maxVal,110,False,15,
Gyroscope + EMG,MGinter_waveformLength,111,False,15,
Gyroscope + EMG,RFinter_domAmp,112,False,15,
Gyroscope + EMG,PLinter_rmsVal,113,False,15,
Gyroscope + EMG,RFinter_waveformLength,114,False,15,
Gyroscope + EMG,GMinter_specEntropy,115,False,15,
Gyroscope + EMG,GMinter_dwtEnergy,116,False,15,
Gyroscope + EMG,BFinter_domAmp,117,False,15,
Gyroscope + EMG,PLinter_medianFreq,118,False,15,
Gyroscope + EMG,BFinter_maxVal,119,False,15,
Gyroscope + EMG,TAinter_dwtEnergy,120,False,15,
Gyroscope + EMG,GMinter_mavVal,121,False,15,
Gyroscope + EMG,MGinter_varVal,122,False,15,
Gyroscope + EMG,TAinter_psdMean,123,False,15,
Gyroscope + EMG,TAinter_meanPowerFreq,124,False,15,
Gyroscope + EMG,gyroy_maxVal,125,False,15,
Gyroscope + EMG,MGinter_dwtEnergy,126,False,15,
Gyroscope + EMG,RFinter_cwtMean,127,False,15,
Gyroscope + EMG,BFinter_dwtEnergy,128,False,15,
Gyroscope + EMG,TAinter_sdVal,129,False,15,
Gyroscope + EMG,TAinter_domFreq,130,False,15,
Gyroscope + EMG,TAinter_meanFreq,131,False,15,
Gyroscope + EMG,PLinter_mavVal,132,False,15,
Gyroscope + EMG,MGinter_sdVal,133,False,15,
Gyroscope + EMG,TAinter_rmsVal,134,False,15,
Gyroscope + EMG,MGinter_rmsVal,135,False,15,
Gyroscope + EMG,MGinter_meanPowerFreq,136,False,15,
Gyroscope + EMG,PLinter_meanVal,137,False,15,
Gyroscope + EMG,MGinter_psdMean,138,False,15,
Gyroscope + EMG,TAinter_emdEnergy,139,False,15,
Gyroscope + EMG,MGinter_mavVal,140,False,15,
Gyroscope + EMG,TAinter_mavVal,141,False,15,
Gyroscope + EMG,MGinter_meanVal,142,False,15,
Gyroscope + EMG,BFinter_sdVal,143,False,15,
Gyroscope + EMG,GMinter_domAmp,144,False,15,
Gyroscope + EMG,RFinter_logDetector,145,False,15,
Gyroscope + EMG,RFinter_varVal,146,False,15,
Gyroscope + EMG,MGinter_domAmp,147,False,15,
Gyroscope + EMG,TAinter_peakToPeak,148,False,15,
Gyroscope + EMG,BFinter_medianFreq,149,False,15,
Gyroscope + EMG,MGinter_peakToPeak,150,False,15,
Gyroscope + EMG,TAinter_cwtMean,151,False,15,
Gyroscope + EMG,MGinter_emdEnergy,152,False,15,
Gyroscope + EMG,RFinter_emdEnergy,153,False,15,
Gyroscope + EMG,PLinter_waveformLength,154,False,15,
Gyroscope + EMG,RFinter_mavVal,155,False,15,
Gyroscope + EMG,PLinter_logDetector,156,False,15,
Gyroscope + EMG,RFinter_sdVal,157,False,15,
Gyroscope + EMG,BFinter_psdMean,158,False,15,
Gyroscope + EMG,TAinter_varVal,159,False,15,
Gyroscope + EMG,TAinter_logDetector,160,False,15,
Gyroscope + EMG,BFinter_meanPowerFreq,161,False,15,
Gyroscope + EMG,GMinter_waveformLength,162,False,15,
Gyroscope + EMG,TAinter_meanVal,163,False,15,
Gyroscope + EMG,RFinter_rmsVal,164,False,15,
Gyroscope + EMG,GMinter_meanVal,165,False,15,
Gyroscope + EMG,RFinter_meanVal,166,False,15,
Gyroscope + EMG,MGinter_logDetector,167,False,15,
Gyroscope + EMG,MGinter_maxVal,168,False,15,
Gyroscope + EMG,BFinter_rmsVal,169,False,15,
Gyroscope + EMG,BFinter_emdEnergy,170,False,15,
Gyroscope + EMG,RFinter_psdMean,171,False,15,
Gyroscope + EMG,RFinter_meanPowerFreq,172,False,15,
Gyroscope + EMG,TAinter_maxVal,173,False,15,
Gyroscope + EMG,PLinter_domAmp,174,False,15,
Gyroscope + EMG,RFinter_dwtEnergy,175,False,15,
Gyroscope + EMG,GMinter_psdAsymmetry,1,True,20,0.7344669108365803
Gyroscope + EMG,MGinter_cvVal,1,True,20,0.7171321625434738
Gyroscope + EMG,BFinter_logDetector,1,True,20,0.5793208556117412
Gyroscope + EMG,gyroz_maxVal,1,True,20,0.5780217761529497
Gyroscope + EMG,gyroy_minVal,1,True,20,0.569724546043957
Gyroscope + EMG,gyrox_cvVal,1,True,20,0.4964578003898064
Gyroscope + EMG,BFinter_cvVal,1,True,20,0.4616989068300496
Gyroscope + EMG,gyrox_domFreq,1,True,20,0.4615640076373899
Gyroscope + EMG,MGinter_psdAsymmetry,1,True,20,0.4576356726120007
Gyroscope + EMG,TAinter_harmonicRatio,1,True,20,0.45132331817564647
Gyroscope + EMG,gyroz_domAmp,1,True,20,0.4512929686317169
Gyroscope + EMG,gyroz_varVal,1,True,20,0.42912253571745884
Gyroscope + EMG,gyroz_cvVal,1,True,20,0.4262693879532306
Gyroscope + EMG,gyroz_psdMean,1,True,20,0.4253558269370479
Gyroscope + EMG,gyroz_meanFreq,1,True,20,0.42109414818668295
Gyroscope + EMG,gyrox_harmonicRatio,1,True,20,0.4010596993409809
Gyroscope + EMG,gyroz_peakToPeak,1,True,20,0.390280495260595
Gyroscope + EMG,PLinter_cvVal,1,True,20,0.3774862577108111
Gyroscope + EMG,RFinter_meanFreq,1,True,20,0.37633520956294664
Gyroscope + EMG,gyroz_meanVal,1,True,20,0.2993415493286955
Gyroscope + EMG,gyroy_peakToPeak,2,False,20,
Gyroscope + EMG,MGinter_meanFreq,3,False,20,
Gyroscope + EMG,BFinter_waveformLength,4,False,20,
Gyroscope + EMG,RFinter_minVal,5,False,20,
Gyroscope + EMG,gyroz_sdVal,6,False,20,
Gyroscope + EMG,gyroz_specEntropy,7,False,20,
Gyroscope + EMG,gyrox_maxVal,8,False,20,
Gyroscope + EMG,gyrox_meanVal,9,False,20,
Gyroscope + EMG,GMinter_meanFreq,10,False,20,
Gyroscope + EMG,GMinter_domFreq,11,False,20,
Gyroscope + EMG,gyroz_mavVal,12,False,20,
Gyroscope + EMG,RFinter_psdAsymmetry,13,False,20,
Gyroscope + EMG,gyroz_harmonicRatio,14,False,20,
Gyroscope + EMG,BFinter_mavVal,15,False,20,
Gyroscope + EMG,MGinter_minVal,16,False,20,
Gyroscope + EMG,gyroz_rmsVal,17,False,20,
Gyroscope + EMG,gyrox_mavVal,18,False,20,
Gyroscope + EMG,gyroy_cvVal,19,False,20,
Gyroscope + EMG,gyroy_meanVal,20,False,20,
Gyroscope + EMG,gyroy_rmsVal,21,False,20,
Gyroscope + EMG,TAinter_psdAsymmetry,22,False,20,
Gyroscope + EMG,GMinter_minVal,23,False,20,
Gyroscope + EMG,MGinter_harmonicRatio,24,False,20,
Gyroscope + EMG,TAinter_cvVal,25,False,20,
Gyroscope + EMG,TAinter_minVal,26,False,20,
Gyroscope + EMG,PLinter_psdMean,27,False,20,
Gyroscope + EMG,BFinter_minVal,28,False,20,
Gyroscope + EMG,PLinter_meanPowerFreq,29,False,20,
Gyroscope + EMG,MGinter_medianFreq,30,False,20,
Gyroscope + EMG,gyroz_domFreq,31,False,20,
Gyroscope + EMG,gyroz_minVal,32,False,20,
Gyroscope + EMG,RFinter_cvVal,33,False,20,
Gyroscope + EMG,gyrox_specEntropy,34,False,20,
Gyroscope + EMG,BFinter_meanFreq,35,False,20,
Gyroscope + EMG,RFinter_domFreq,36,False,20,
Gyroscope + EMG,GMinter_harmonicRatio,37,False,20,
Gyroscope + EMG,PLinter_varVal,38,False,20,
Gyroscope + EMG,GMinter_cvVal,39,False,20,
Gyroscope + EMG,gyroz_medianFreq,40,False,20,
Gyroscope + EMG,gyroy_domFreq,41,False,20,
Gyroscope + EMG,gyrox_peakToPeak,42,False,20,
Gyroscope + EMG,gyroz_psdAsymmetry,43,False,20,
Gyroscope + EMG,MGinter_domFreq,44,False,20,
Gyroscope + EMG,PLinter_maxVal,45,False,20,
Gyroscope + EMG,gyroy_psdMean,46,False,20,
Gyroscope + EMG,gyroy_medianFreq,47,False,20,
Gyroscope + EMG,gyroy_harmonicRatio,48,False,20,
Gyroscope + EMG,RFinter_medianFreq,49,False,20,
Gyroscope + EMG,gyrox_rmsVal,50,False,20,
Gyroscope + EMG,GMinter_cwtMean,51,False,20,
Gyroscope + EMG,gyroy_specEntropy,52,False,20,
Gyroscope + EMG,PLinter_harmonicRatio,53,False,20,
Gyroscope + EMG,PLinter_psdAsymmetry,54,False,20,
Gyroscope + EMG,GMinter_medianFreq,55,False,20,
Gyroscope + EMG,PLinter_peakToPeak,56,False,20,
Gyroscope + EMG,PLinter_cwtMean,57,False,20,
Gyroscope + EMG,gyrox_sdVal,58,False,20,
Gyroscope + EMG,BFinter_psdAsymmetry,59,False,20,
Gyroscope + EMG,gyroy_sdVal,60,False,20,
Gyroscope + EMG,PLinter_domFreq,61,False,20,
Gyroscope + EMG,gyrox_medianFreq,62,False,20,
Gyroscope + EMG,MGinter_cwtMean,63,False,20,
Gyroscope + EMG,gyroy_domAmp,64,False,20,
Gyroscope + EMG,gyrox_domAmp,65,False,20,
Gyroscope + EMG,PLinter_minVal,66,False,20,
Gyroscope + EMG,BFinter_specEntropy,67,False,20,
Gyroscope + EMG,GMinter_logDetector,68,False,20,
Gyroscope + EMG,TAinter_domAmp,69,False,20,
Gyroscope + EMG,gyroy_meanFreq,70,False,20,
Gyroscope + EMG,RFinter_harmonicRatio,71,False,20,
Gyroscope + EMG,gyroy_mavVal,72,False,20,
Gyroscope + EMG,GMinter_peakToPeak,73,False,20,
Gyroscope + EMG,BFinter_harmonicRatio,74,False,20,
Gyroscope + EMG,gyroy_varVal,75,False,20,
Gyroscope + EMG,GMinter_emdEnergy,76,False,20,
Gyroscope + EMG,TAinter_waveformLength,77,False,20,
Gyroscope + EMG,RFinter_specEntropy,78,False,20,
Gyroscope + EMG,PLinter_emdEnergy,79,False,20,
Gyroscope + EMG,gyrox_minVal,80,False,20,
Gyroscope + EMG,gyrox_psdAsymmetry,81,False,20,
Gyroscope + EMG,gyrox_varVal,82,False,20,
Gyroscope + EMG,BFinter_domFreq,83,False,20,
Gyroscope + EMG,PLinter_specEntropy,84,False,20,
Gyroscope + EMG,TAinter_specEntropy,85,False,20,
Gyroscope + EMG,BFinter_peakToPeak,86,False,20,
Gyroscope + EMG,GMinter_maxVal,87,False,20,
Gyroscope + EMG,gyrox_psdMean,88,False,20,
Gyroscope + EMG,GMinter_psdMean,89,False,20,
Gyroscope + EMG,BFinter_varVal,90,False,20,
Gyroscope + EMG,PLinter_sdVal,91,False,20,
Gyroscope + EMG,TAinter_medianFreq,92,False,20,
Gyroscope + EMG,GMinter_meanPowerFreq,93,False,20,
Gyroscope + EMG,GMinter_varVal,94,False,20,
Gyroscope + EMG,gyroy_psdAsymmetry,95,False,20,
Gyroscope + EMG,BFinter_meanVal,96,False,20,
Gyroscope + EMG,BFinter_cwtMean,97,False,20,
Gyroscope + EMG,GMinter_sdVal,98,False,20,
Gyroscope + EMG,RFinter_peakToPeak,99,False,20,
Gyroscope + EMG,PLinter_meanFreq,100,False,20,
Gyroscope + EMG,gyrox_meanFreq,101,False,20,
Gyroscope + EMG,PLinter_dwtEnergy,102,False,20,
Gyroscope + EMG,MGinter_specEntropy,103,False,20,
Gyroscope + EMG,GMinter_rmsVal,104,False,20,
Gyroscope + EMG,RFinter_maxVal,105,False,20,
Gyroscope + EMG,MGinter_waveformLength,106,False,20,
Gyroscope + EMG,RFinter_domAmp,107,False,20,
Gyroscope + EMG,PLinter_rmsVal,108,False,20,
Gyroscope + EMG,RFinter_waveformLength,109,False,20,
Gyroscope + EMG,GMinter_specEntropy,110,False,20,
Gyroscope + EMG,GMinter_dwtEnergy,111,False,20,
Gyroscope + EMG,BFinter_domAmp,112,False,20,
Gyroscope + EMG,PLinter_medianFreq,113,False,20,
Gyroscope + EMG,BFinter_maxVal,114,False,20,
Gyroscope + EMG,TAinter_dwtEnergy,115,False,20,
Gyroscope + EMG,GMinter_mavVal,116,False,20,
Gyroscope + EMG,MGinter_varVal,117,False,20,
Gyroscope + EMG,TAinter_psdMean,118,False,20,
Gyroscope + EMG,TAinter_meanPowerFreq,119,False,20,
Gyroscope + EMG,gyroy_maxVal,120,False,20,
Gyroscope + EMG,MGinter_dwtEnergy,121,False,20,
Gyroscope + EMG,RFinter_cwtMean,122,False,20,
Gyroscope + EMG,BFinter_dwtEnergy,123,False,20,
Gyroscope + EMG,TAinter_sdVal,124,False,20,
Gyroscope + EMG,TAinter_domFreq,125,False,20,
Gyroscope + EMG,TAinter_meanFreq,126,False,20,
Gyroscope + EMG,PLinter_mavVal,127,False,20,
Gyroscope + EMG,MGinter_sdVal,128,False,20,
Gyroscope + EMG,TAinter_rmsVal,129,False,20,
Gyroscope + EMG,MGinter_rmsVal,130,False,20,
Gyroscope + EMG,MGinter_meanPowerFreq,131,False,20,
Gyroscope + EMG,PLinter_meanVal,132,False,20,
Gyroscope + EMG,MGinter_psdMean,133,False,20,
Gyroscope + EMG,TAinter_emdEnergy,134,False,20,
Gyroscope + EMG,MGinter_mavVal,135,False,20,
Gyroscope + EMG,TAinter_mavVal,136,False,20,
Gyroscope + EMG,MGinter_meanVal,137,False,20,
Gyroscope + EMG,BFinter_sdVal,138,False,20,
Gyroscope + EMG,GMinter_domAmp,139,False,20,
Gyroscope + EMG,RFinter_logDetector,140,False,20,
Gyroscope + EMG,RFinter_varVal,141,False,20,
Gyroscope + EMG,MGinter_domAmp,142,False,20,
Gyroscope + EMG,TAinter_peakToPeak,143,False,20,
Gyroscope + EMG,BFinter_medianFreq,144,False,20,
Gyroscope + EMG,MGinter_peakToPeak,145,False,20,
Gyroscope + EMG,TAinter_cwtMean,146,False,20,
Gyroscope + EMG,MGinter_emdEnergy,147,False,20,
Gyroscope + EMG,RFinter_emdEnergy,148,False,20,
Gyroscope + EMG,PLinter_waveformLength,149,False,20,
Gyroscope + EMG,RFinter_mavVal,150,False,20,
Gyroscope + EMG,PLinter_logDetector,151,False,20,
Gyroscope + EMG,RFinter_sdVal,152,False,20,
Gyroscope + EMG,BFinter_psdMean,153,False,20,
Gyroscope + EMG,TAinter_varVal,154,False,20,
Gyroscope + EMG,TAinter_logDetector,155,False,20,
Gyroscope + EMG,BFinter_meanPowerFreq,156,False,20,
Gyroscope + EMG,GMinter_waveformLength,157,False,20,
Gyroscope + EMG,TAinter_meanVal,158,False,20,
Gyroscope + EMG,RFinter_rmsVal,159,False,20,
Gyroscope + EMG,GMinter_meanVal,160,False,20,
Gyroscope + EMG,RFinter_meanVal,161,False,20,
Gyroscope + EMG,MGinter_logDetector,162,False,20,
Gyroscope + EMG,MGinter_maxVal,163,False,20,
Gyroscope + EMG,BFinter_rmsVal,164,False,20,
Gyroscope + EMG,BFinter_emdEnergy,165,False,20,
Gyroscope + EMG,RFinter_psdMean,166,False,20,
Gyroscope + EMG,RFinter_meanPowerFreq,167,False,20,
Gyroscope + EMG,TAinter_maxVal,168,False,20,
Gyroscope + EMG,PLinter_domAmp,169,False,20,
Gyroscope + EMG,RFinter_dwtEnergy,170,False,20,
Gyroscope + EMG,MGinter_cvVal,1,True,30,0.740186867856452
Gyroscope + EMG,GMinter_psdAsymmetry,1,True,30,0.5799718672470872
Gyroscope + EMG,gyroz_maxVal,1,True,30,0.525114489104784
Gyroscope + EMG,BFinter_logDetector,1,True,30,0.46287329935864596
Gyroscope + EMG,TAinter_harmonicRatio,1,True,30,0.45630881837742
Gyroscope + EMG,gyrox_domFreq,1,True,30,0.45499799651807
Gyroscope + EMG,BFinter_cvVal,1,True,30,0.4139274267122472
Gyroscope + EMG,gyroz_meanFreq,1,True,30,0.4126674524611085
Gyroscope + EMG,gyrox_harmonicRatio,1,True,30,0.41079845893907346
Gyroscope + EMG,PLinter_cvVal,1,True,30,0.3975691584143945
Gyroscope + EMG,gyroz_peakToPeak,1,True,30,0.39097846897912936
Gyroscope + EMG,gyrox_cvVal,1,True,30,0.38808677670682185
Gyroscope + EMG,gyroy_minVal,1,True,30,0.35404266468237955
Gyroscope + EMG,gyroz_cvVal,1,True,30,0.3404581257395714
Gyroscope + EMG,MGinter_psdAsymmetry,1,True,30,0.3403866368025315
Gyroscope + EMG,RFinter_meanFreq,1,True,30,0.33172843761703935
Gyroscope + EMG,GMinter_meanFreq,1,True,30,0.3294379437650003
Gyroscope + EMG,BFinter_waveformLength,1,True,30,0.3251404855479123
Gyroscope + EMG,gyroz_domAmp,1,True,30,0.31960913852324785
Gyroscope + EMG,gyroz_varVal,1,True,30,0.31795168397862905
Gyroscope + EMG,gyroz_psdMean,1,True,30,0.31478241977436133
Gyroscope + EMG,gyroz_meanVal,1,True,30,0.30881643287904853
Gyroscope + EMG,gyroy_peakToPeak,1,True,30,0.2820958925930998
Gyroscope + EMG,RFinter_minVal,1,True,30,0.2808245073201765
Gyroscope + EMG,gyroz_specEntropy,1,True,30,0.278537773357964
Gyroscope + EMG,gyrox_meanVal,1,True,30,0.2714372233988089
Gyroscope + EMG,gyroz_sdVal,1,True,30,0.269961876067027
Gyroscope + EMG,gyrox_maxVal,1,True,30,0.2603471183986997
Gyroscope + EMG,GMinter_domFreq,1,True,30,0.2500240314203969
Gyroscope + EMG,MGinter_meanFreq,1,True,30,0.23611733731894313
Gyroscope + EMG,gyroz_mavVal,2,False,30,
Gyroscope + EMG,RFinter_psdAsymmetry,3,False,30,
Gyroscope + EMG,gyroz_harmonicRatio,4,False,30,
Gyroscope + EMG,BFinter_mavVal,5,False,30,
Gyroscope + EMG,MGinter_minVal,6,False,30,
Gyroscope + EMG,gyroz_rmsVal,7,False,30,
Gyroscope + EMG,gyrox_mavVal,8,False,30,
Gyroscope + EMG,gyroy_cvVal,9,False,30,
Gyroscope + EMG,gyroy_meanVal,10,False,30,
Gyroscope + EMG,gyroy_rmsVal,11,False,30,
Gyroscope + EMG,TAinter_psdAsymmetry,12,False,30,
Gyroscope + EMG,GMinter_minVal,13,False,30,
Gyroscope + EMG,MGinter_harmonicRatio,14,False,30,
Gyroscope + EMG,TAinter_cvVal,15,False,30,
Gyroscope + EMG,TAinter_minVal,16,False,30,
Gyroscope + EMG,PLinter_psdMean,17,False,30,
Gyroscope + EMG,BFinter_minVal,18,False,30,
Gyroscope + EMG,PLinter_meanPowerFreq,19,False,30,
Gyroscope + EMG,MGinter_medianFreq,20,False,30,
Gyroscope + EMG,gyroz_domFreq,21,False,30,
Gyroscope + EMG,gyroz_minVal,22,False,30,
Gyroscope + EMG,RFinter_cvVal,23,False,30,
Gyroscope + EMG,gyrox_specEntropy,24,False,30,
Gyroscope + EMG,BFinter_meanFreq,25,False,30,
Gyroscope + EMG,RFinter_domFreq,26,False,30,
Gyroscope + EMG,GMinter_harmonicRatio,27,False,30,
Gyroscope + EMG,PLinter_varVal,28,False,30,
Gyroscope + EMG,GMinter_cvVal,29,False,30,
Gyroscope + EMG,gyroz_medianFreq,30,False,30,
Gyroscope + EMG,gyroy_domFreq,31,False,30,
Gyroscope + EMG,gyrox_peakToPeak,32,False,30,
Gyroscope + EMG,gyroz_psdAsymmetry,33,False,30,
Gyroscope + EMG,MGinter_domFreq,34,False,30,
Gyroscope + EMG,PLinter_maxVal,35,False,30,
Gyroscope + EMG,gyroy_psdMean,36,False,30,
Gyroscope + EMG,gyroy_medianFreq,37,False,30,
Gyroscope + EMG,gyroy_harmonicRatio,38,False,30,
Gyroscope + EMG,RFinter_medianFreq,39,False,30,
Gyroscope + EMG,gyrox_rmsVal,40,False,30,
Gyroscope + EMG,GMinter_cwtMean,41,False,30,
Gyroscope + EMG,gyroy_specEntropy,42,False,30,
Gyroscope + EMG,PLinter_harmonicRatio,43,False,30,
Gyroscope + EMG,PLinter_psdAsymmetry,44,False,30,
Gyroscope + EMG,GMinter_medianFreq,45,False,30,
Gyroscope + EMG,PLinter_peakToPeak,46,False,30,
Gyroscope + EMG,PLinter_cwtMean,47,False,30,
Gyroscope + EMG,gyrox_sdVal,48,False,30,
Gyroscope + EMG,BFinter_psdAsymmetry,49,False,30,
Gyroscope + EMG,gyroy_sdVal,50,False,30,
Gyroscope + EMG,PLinter_domFreq,51,False,30,
Gyroscope + EMG,gyrox_medianFreq,52,False,30,
Gyroscope + EMG,MGinter_cwtMean,53,False,30,
Gyroscope + EMG,gyroy_domAmp,54,False,30,
Gyroscope + EMG,gyrox_domAmp,55,False,30,
Gyroscope + EMG,PLinter_minVal,56,False,30,
Gyroscope + EMG,BFinter_specEntropy,57,False,30,
Gyroscope + EMG,GMinter_logDetector,58,False,30,
Gyroscope + EMG,TAinter_domAmp,59,False,30,
Gyroscope + EMG,gyroy_meanFreq,60,False,30,
Gyroscope + EMG,RFinter_harmonicRatio,61,False,30,
Gyroscope + EMG,gyroy_mavVal,62,False,30,
Gyroscope + EMG,GMinter_peakToPeak,63,False,30,
Gyroscope + EMG,BFinter_harmonicRatio,64,False,30,
Gyroscope + EMG,gyroy_varVal,65,False,30,
Gyroscope + EMG,GMinter_emdEnergy,66,False,30,
Gyroscope + EMG,TAinter_waveformLength,67,False,30,
Gyroscope + EMG,RFinter_specEntropy,68,False,30,
Gyroscope + EMG,PLinter_emdEnergy,69,False,30,
Gyroscope + EMG,gyrox_minVal,70,False,30,
Gyroscope + EMG,gyrox_psdAsymmetry,71,False,30,
Gyroscope + EMG,gyrox_varVal,72,False,30,
Gyroscope + EMG,BFinter_domFreq,73,False,30,
Gyroscope + EMG,PLinter_specEntropy,74,False,30,
Gyroscope + EMG,TAinter_specEntropy,75,False,30,
Gyroscope + EMG,BFinter_peakToPeak,76,False,30,
Gyroscope + EMG,GMinter_maxVal,77,False,30,
Gyroscope + EMG,gyrox_psdMean,78,False,30,
Gyroscope + EMG,GMinter_psdMean,79,False,30,
Gyroscope + EMG,BFinter_varVal,80,False,30,
Gyroscope + EMG,PLinter_sdVal,81,False,30,
Gyroscope + EMG,TAinter_medianFreq,82,False,30,
Gyroscope + EMG,GMinter_meanPowerFreq,83,False,30,
Gyroscope + EMG,GMinter_varVal,84,False,30,
Gyroscope + EMG,gyroy_psdAsymmetry,85,False,30,
Gyroscope + EMG,BFinter_meanVal,86,False,30,
Gyroscope + EMG,BFinter_cwtMean,87,False,30,
Gyroscope + EMG,GMinter_sdVal,88,False,30,
Gyroscope + EMG,RFinter_peakToPeak,89,False,30,
Gyroscope + EMG,PLinter_meanFreq,90,False,30,
Gyroscope + EMG,gyrox_meanFreq,91,False,30,
Gyroscope + EMG,PLinter_dwtEnergy,92,False,30,
Gyroscope + EMG,MGinter_specEntropy,93,False,30,
Gyroscope + EMG,GMinter_rmsVal,94,False,30,
Gyroscope + EMG,RFinter_maxVal,95,False,30,
Gyroscope + EMG,MGinter_waveformLength,96,False,30,
Gyroscope + EMG,RFinter_domAmp,97,False,30,
Gyroscope + EMG,PLinter_rmsVal,98,False,30,
Gyroscope + EMG,RFinter_waveformLength,99,False,30,
Gyroscope + EMG,GMinter_specEntropy,100,False,30,
Gyroscope + EMG,GMinter_dwtEnergy,101,False,30,
Gyroscope + EMG,BFinter_domAmp,102,False,30,
Gyroscope + EMG,PLinter_medianFreq,103,False,30,
Gyroscope + EMG,BFinter_maxVal,104,False,30,
Gyroscope + EMG,TAinter_dwtEnergy,105,False,30,
Gyroscope + EMG,GMinter_mavVal,106,False,30,
Gyroscope + EMG,MGinter_varVal,107,False,30,
Gyroscope + EMG,TAinter_psdMean,108,False,30,
Gyroscope + EMG,TAinter_meanPowerFreq,109,False,30,
Gyroscope + EMG,gyroy_maxVal,110,False,30,
Gyroscope + EMG,MGinter_dwtEnergy,111,False,30,
Gyroscope + EMG,RFinter_cwtMean,112,False,30,
Gyroscope + EMG,BFinter_dwtEnergy,113,False,30,
Gyroscope + EMG,TAinter_sdVal,114,False,30,
Gyroscope + EMG,TAinter_domFreq,115,False,30,
Gyroscope + EMG,TAinter_meanFreq,116,False,30,
Gyroscope + EMG,PLinter_mavVal,117,False,30,
Gyroscope + EMG,MGinter_sdVal,118,False,30,
Gyroscope + EMG,TAinter_rmsVal,119,False,30,
Gyroscope + EMG,MGinter_rmsVal,120,False,30,
Gyroscope + EMG,MGinter_meanPowerFreq,121,False,30,
Gyroscope + EMG,PLinter_meanVal,122,False,30,
Gyroscope + EMG,MGinter_psdMean,123,False,30,
Gyroscope + EMG,TAinter_emdEnergy,124,False,30,
Gyroscope + EMG,MGinter_mavVal,125,False,30,
Gyroscope + EMG,TAinter_mavVal,126,False,30,
Gyroscope + EMG,MGinter_meanVal,127,False,30,
Gyroscope + EMG,BFinter_sdVal,128,False,30,
Gyroscope + EMG,GMinter_domAmp,129,False,30,
Gyroscope + EMG,RFinter_logDetector,130,False,30,
Gyroscope + EMG,RFinter_varVal,131,False,30,
Gyroscope + EMG,MGinter_domAmp,132,False,30,
Gyroscope + EMG,TAinter_peakToPeak,133,False,30,
Gyroscope + EMG,BFinter_medianFreq,134,False,30,
Gyroscope + EMG,MGinter_peakToPeak,135,False,30,
Gyroscope + EMG,TAinter_cwtMean,136,False,30,
Gyroscope + EMG,MGinter_emdEnergy,137,False,30,
Gyroscope + EMG,RFinter_emdEnergy,138,False,30,
Gyroscope + EMG,PLinter_waveformLength,139,False,30,
Gyroscope + EMG,RFinter_mavVal,140,False,30,
Gyroscope + EMG,PLinter_logDetector,141,False,30,
Gyroscope + EMG,RFinter_sdVal,142,False,30,
Gyroscope + EMG,BFinter_psdMean,143,False,30,
Gyroscope + EMG,TAinter_varVal,144,False,30,
Gyroscope + EMG,TAinter_logDetector,145,False,30,
Gyroscope + EMG,BFinter_meanPowerFreq,146,False,30,
Gyroscope + EMG,GMinter_waveformLength,147,False,30,
Gyroscope + EMG,TAinter_meanVal,148,False,30,
Gyroscope + EMG,RFinter_rmsVal,149,False,30,
Gyroscope + EMG,GMinter_meanVal,150,False,30,
Gyroscope + EMG,RFinter_meanVal,151,False,30,
Gyroscope + EMG,MGinter_logDetector,152,False,30,
Gyroscope + EMG,MGinter_maxVal,153,False,30,
Gyroscope + EMG,BFinter_rmsVal,154,False,30,
Gyroscope + EMG,BFinter_emdEnergy,155,False,30,
Gyroscope + EMG,RFinter_psdMean,156,False,30,
Gyroscope + EMG,RFinter_meanPowerFreq,157,False,30,
Gyroscope + EMG,TAinter_maxVal,158,False,30,
Gyroscope + EMG,PLinter_domAmp,159,False,30,
Gyroscope + EMG,RFinter_dwtEnergy,160,False,30,
Gyroscope + EMG,MGinter_cvVal,1,True,40,0.6231477574675414
Gyroscope + EMG,GMinter_psdAsymmetry,1,True,40,0.5689347728906039
Gyroscope + EMG,gyrox_domFreq,1,True,40,0.46808681242684935
Gyroscope + EMG,TAinter_harmonicRatio,1,True,40,0.45626541498429046
Gyroscope + EMG,gyroz_maxVal,1,True,40,0.4496379414241698
Gyroscope + EMG,BFinter_logDetector,1,True,40,0.42784742768799494
Gyroscope + EMG,PLinter_cvVal,1,True,40,0.39955587395760633
Gyroscope + EMG,BFinter_cvVal,1,True,40,0.37905198884693747
Gyroscope + EMG,gyrox_harmonicRatio,1,True,40,0.37652500996141586
Gyroscope + EMG,GMinter_meanFreq,1,True,40,0.37195871519852847
Gyroscope + EMG,gyroz_meanFreq,1,True,40,0.365206164110615
Gyroscope + EMG,gyroz_meanVal,1,True,40,0.346907322194308
Gyroscope + EMG,MGinter_psdAsymmetry,1,True,40,0.34459519912908476
Gyroscope + EMG,gyrox_cvVal,1,True,40,0.3414884902049476
Gyroscope + EMG,gyroz_peakToPeak,1,True,40,0.32182310981027684
Gyroscope + EMG,gyroz_cvVal,1,True,40,0.3162589700554947
Gyroscope + EMG,gyroy_minVal,1,True,40,0.3020169026772946
Gyroscope + EMG,RFinter_minVal,1,True,40,0.2875986226412054
Gyroscope + EMG,BFinter_waveformLength,1,True,40,0.2843477622286214
Gyroscope + EMG,gyrox_maxVal,1,True,40,0.26157962734350404
Gyroscope + EMG,MGinter_minVal,1,True,40,0.2532212410940852
Gyroscope + EMG,gyroz_varVal,1,True,40,0.24856845190584456
Gyroscope + EMG,gyroz_psdMean,1,True,40,0.24626084467810014
Gyroscope + EMG,MGinter_meanFreq,1,True,40,0.23840145139539135
Gyroscope + EMG,RFinter_psdAsymmetry,1,True,40,0.23797042791131265
Gyroscope + EMG,BFinter_mavVal,1,True,40,0.22824227516703802
Gyroscope + EMG,RFinter_meanFreq,1,True,40,0.2247146385353301
Gyroscope + EMG,gyroz_domAmp,1,True,40,0.22368862615497875
Gyroscope + EMG,gyroy_peakToPeak,1,True,40,0.2178025640762724
Gyroscope + EMG,gyrox_meanVal,1,True,40,0.21775777499693136
Gyroscope + EMG,gyroz_sdVal,1,True,40,0.21649594218847149
Gyroscope + EMG,gyroz_rmsVal,1,True,40,0.2148123201627351
Gyroscope + EMG,GMinter_domFreq,1,True,40,0.2145696735034481
Gyroscope + EMG,gyroz_harmonicRatio,1,True,40,0.20896101310641738
Gyroscope + EMG,gyroz_mavVal,1,True,40,0.20016334798394828
Gyroscope + EMG,gyroy_rmsVal,1,True,40,0.19844504325918597
Gyroscope + EMG,gyroy_cvVal,1,True,40,0.19618644711242214
Gyroscope + EMG,gyrox_mavVal,1,True,40,0.1871597647083425
Gyroscope + EMG,gyroy_meanVal,1,True,40,0.18499018512387844
Gyroscope + EMG,gyroz_specEntropy,1,True,40,0.18422920233794082
Gyroscope + EMG,TAinter_psdAsymmetry,2,False,40,
Gyroscope + EMG,GMinter_minVal,3,False,40,
Gyroscope + EMG,MGinter_harmonicRatio,4,False,40,
Gyroscope + EMG,TAinter_cvVal,5,False,40,
Gyroscope + EMG,TAinter_minVal,6,False,40,
Gyroscope + EMG,PLinter_psdMean,7,False,40,
Gyroscope + EMG,BFinter_minVal,8,False,40,
Gyroscope + EMG,PLinter_meanPowerFreq,9,False,40,
Gyroscope + EMG,MGinter_medianFreq,10,False,40,
Gyroscope + EMG,gyroz_domFreq,11,False,40,
Gyroscope + EMG,gyroz_minVal,12,False,40,
Gyroscope + EMG,RFinter_cvVal,13,False,40,
Gyroscope + EMG,gyrox_specEntropy,14,False,40,
Gyroscope + EMG,BFinter_meanFreq,15,False,40,
Gyroscope + EMG,RFinter_domFreq,16,False,40,
Gyroscope + EMG,GMinter_harmonicRatio,17,False,40,
Gyroscope + EMG,PLinter_varVal,18,False,40,
Gyroscope + EMG,GMinter_cvVal,19,False,40,
Gyroscope + EMG,gyroz_medianFreq,20,False,40,
Gyroscope + EMG,gyroy_domFreq,21,False,40,
Gyroscope + EMG,gyrox_peakToPeak,22,False,40,
Gyroscope + EMG,gyroz_psdAsymmetry,23,False,40,
Gyroscope + EMG,MGinter_domFreq,24,False,40,
Gyroscope + EMG,PLinter_maxVal,25,False,40,
Gyroscope + EMG,gyroy_psdMean,26,False,40,
Gyroscope + EMG,gyroy_medianFreq,27,False,40,
Gyroscope + EMG,gyroy_harmonicRatio,28,False,40,
Gyroscope + EMG,RFinter_medianFreq,29,False,40,
Gyroscope + EMG,gyrox_rmsVal,30,False,40,
Gyroscope + EMG,GMinter_cwtMean,31,False,40,
Gyroscope + EMG,gyroy_specEntropy,32,False,40,
Gyroscope + EMG,PLinter_harmonicRatio,33,False,40,
Gyroscope + EMG,PLinter_psdAsymmetry,34,False,40,
Gyroscope + EMG,GMinter_medianFreq,35,False,40,
Gyroscope + EMG,PLinter_peakToPeak,36,False,40,
Gyroscope + EMG,PLinter_cwtMean,37,False,40,
Gyroscope + EMG,gyrox_sdVal,38,False,40,
Gyroscope + EMG,BFinter_psdAsymmetry,39,False,40,
Gyroscope + EMG,gyroy_sdVal,40,False,40,
Gyroscope + EMG,PLinter_domFreq,41,False,40,
Gyroscope + EMG,gyrox_medianFreq,42,False,40,
Gyroscope + EMG,MGinter_cwtMean,43,False,40,
Gyroscope + EMG,gyroy_domAmp,44,False,40,
Gyroscope + EMG,gyrox_domAmp,45,False,40,
Gyroscope + EMG,PLinter_minVal,46,False,40,
Gyroscope + EMG,BFinter_specEntropy,47,False,40,
Gyroscope + EMG,GMinter_logDetector,48,False,40,
Gyroscope + EMG,TAinter_domAmp,49,False,40,
Gyroscope + EMG,gyroy_meanFreq,50,False,40,
Gyroscope + EMG,RFinter_harmonicRatio,51,False,40,
Gyroscope + EMG,gyroy_mavVal,52,False,40,
Gyroscope + EMG,GMinter_peakToPeak,53,False,40,
Gyroscope + EMG,BFinter_harmonicRatio,54,False,40,
Gyroscope + EMG,gyroy_varVal,55,False,40,
Gyroscope + EMG,GMinter_emdEnergy,56,False,40,
Gyroscope + EMG,TAinter_waveformLength,57,False,40,
Gyroscope + EMG,RFinter_specEntropy,58,False,40,
Gyroscope + EMG,PLinter_emdEnergy,59,False,40,
Gyroscope + EMG,gyrox_minVal,60,False,40,
Gyroscope + EMG,gyrox_psdAsymmetry,61,False,40,
Gyroscope + EMG,gyrox_varVal,62,False,40,
Gyroscope + EMG,BFinter_domFreq,63,False,40,
Gyroscope + EMG,PLinter_specEntropy,64,False,40,
Gyroscope + EMG,TAinter_specEntropy,65,False,40,
Gyroscope + EMG,BFinter_peakToPeak,66,False,40,
Gyroscope + EMG,GMinter_maxVal,67,False,40,
Gyroscope + EMG,gyrox_psdMean,68,False,40,
Gyroscope + EMG,GMinter_psdMean,69,False,40,
Gyroscope + EMG,BFinter_varVal,70,False,40,
Gyroscope + EMG,PLinter_sdVal,71,False,40,
Gyroscope + EMG,TAinter_medianFreq,72,False,40,
Gyroscope + EMG,GMinter_meanPowerFreq,73,False,40,
Gyroscope + EMG,GMinter_varVal,74,False,40,
Gyroscope + EMG,gyroy_psdAsymmetry,75,False,40,
Gyroscope + EMG,BFinter_meanVal,76,False,40,
Gyroscope + EMG,BFinter_cwtMean,77,False,40,
Gyroscope + EMG,GMinter_sdVal,78,False,40,
Gyroscope + EMG,RFinter_peakToPeak,79,False,40,
Gyroscope + EMG,PLinter_meanFreq,80,False,40,
Gyroscope + EMG,gyrox_meanFreq,81,False,40,
Gyroscope + EMG,PLinter_dwtEnergy,82,False,40,
Gyroscope + EMG,MGinter_specEntropy,83,False,40,
Gyroscope + EMG,GMinter_rmsVal,84,False,40,
Gyroscope + EMG,RFinter_maxVal,85,False,40,
Gyroscope + EMG,MGinter_waveformLength,86,False,40,
Gyroscope + EMG,RFinter_domAmp,87,False,40,
Gyroscope + EMG,PLinter_rmsVal,88,False,40,
Gyroscope + EMG,RFinter_waveformLength,89,False,40,
Gyroscope + EMG,GMinter_specEntropy,90,False,40,
Gyroscope + EMG,GMinter_dwtEnergy,91,False,40,
Gyroscope + EMG,BFinter_domAmp,92,False,40,
Gyroscope + EMG,PLinter_medianFreq,93,False,40,
Gyroscope + EMG,BFinter_maxVal,94,False,40,
Gyroscope + EMG,TAinter_dwtEnergy,95,False,40,
Gyroscope + EMG,GMinter_mavVal,96,False,40,
Gyroscope + EMG,MGinter_varVal,97,False,40,
Gyroscope + EMG,TAinter_psdMean,98,False,40,
Gyroscope + EMG,TAinter_meanPowerFreq,99,False,40,
Gyroscope + EMG,gyroy_maxVal,100,False,40,
Gyroscope + EMG,MGinter_dwtEnergy,101,False,40,
Gyroscope + EMG,RFinter_cwtMean,102,False,40,
Gyroscope + EMG,BFinter_dwtEnergy,103,False,40,
Gyroscope + EMG,TAinter_sdVal,104,False,40,
Gyroscope + EMG,TAinter_domFreq,105,False,40,
Gyroscope + EMG,TAinter_meanFreq,106,False,40,
Gyroscope + EMG,PLinter_mavVal,107,False,40,
Gyroscope + EMG,MGinter_sdVal,108,False,40,
Gyroscope + EMG,TAinter_rmsVal,109,False,40,
Gyroscope + EMG,MGinter_rmsVal,110,False,40,
Gyroscope + EMG,MGinter_meanPowerFreq,111,False,40,
Gyroscope + EMG,PLinter_meanVal,112,False,40,
Gyroscope + EMG,MGinter_psdMean,113,False,40,
Gyroscope + EMG,TAinter_emdEnergy,114,False,40,
Gyroscope + EMG,MGinter_mavVal,115,False,40,
Gyroscope + EMG,TAinter_mavVal,116,False,40,
Gyroscope + EMG,MGinter_meanVal,117,False,40,
Gyroscope + EMG,BFinter_sdVal,118,False,40,
Gyroscope + EMG,GMinter_domAmp,119,False,40,
Gyroscope + EMG,RFinter_logDetector,120,False,40,
Gyroscope + EMG,RFinter_varVal,121,False,40,
Gyroscope + EMG,MGinter_domAmp,122,False,40,
Gyroscope + EMG,TAinter_peakToPeak,123,False,40,
Gyroscope + EMG,BFinter_medianFreq,124,False,40,
Gyroscope + EMG,MGinter_peakToPeak,125,False,40,
Gyroscope + EMG,TAinter_cwtMean,126,False,40,
Gyroscope + EMG,MGinter_emdEnergy,127,False,40,
Gyroscope + EMG,RFinter_emdEnergy,128,False,40,
Gyroscope + EMG,PLinter_waveformLength,129,False,40,
Gyroscope + EMG,RFinter_mavVal,130,False,40,
Gyroscope + EMG,PLinter_logDetector,131,False,40,
Gyroscope + EMG,RFinter_sdVal,132,False,40,
Gyroscope + EMG,BFinter_psdMean,133,False,40,
Gyroscope + EMG,TAinter_varVal,134,False,40,
Gyroscope + EMG,TAinter_logDetector,135,False,40,
Gyroscope + EMG,BFinter_meanPowerFreq,136,False,40,
Gyroscope + EMG,GMinter_waveformLength,137,False,40,
Gyroscope + EMG,TAinter_meanVal,138,False,40,
Gyroscope + EMG,RFinter_rmsVal,139,False,40,
Gyroscope + EMG,GMinter_meanVal,140,False,40,
Gyroscope + EMG,RFinter_meanVal,141,False,40,
Gyroscope + EMG,MGinter_logDetector,142,False,40,
Gyroscope + EMG,MGinter_maxVal,143,False,40,
Gyroscope + EMG,BFinter_rmsVal,144,False,40,
Gyroscope + EMG,BFinter_emdEnergy,145,False,40,
Gyroscope + EMG,RFinter_psdMean,146,False,40,
Gyroscope + EMG,RFinter_meanPowerFreq,147,False,40,
Gyroscope + EMG,TAinter_maxVal,148,False,40,
Gyroscope + EMG,PLinter_domAmp,149,False,40,
Gyroscope + EMG,RFinter_dwtEnergy,150,False,40,
Gyroscope + EMG,MGinter_cvVal,1,True,50,0.5959033341836689
Gyroscope + EMG,GMinter_psdAsymmetry,1,True,50,0.5009442078913534
Gyroscope + EMG,gyrox_domFreq,1,True,50,0.4609313495800838
Gyroscope + EMG,gyroz_maxVal,1,True,50,0.43868678235839753
Gyroscope + EMG,TAinter_harmonicRatio,1,True,50,0.409750456651276
Gyroscope + EMG,PLinter_cvVal,1,True,50,0.3901272925009544
Gyroscope + EMG,gyrox_harmonicRatio,1,True,50,0.38523063957741027
Gyroscope + EMG,gyroz_meanFreq,1,True,50,0.383986643533476
Gyroscope + EMG,BFinter_cvVal,1,True,50,0.38329457222159125
Gyroscope + EMG,gyroz_meanVal,1,True,50,0.3453268454393543
Gyroscope + EMG,BFinter_logDetector,1,True,50,0.3418895690707308
Gyroscope + EMG,gyroz_cvVal,1,True,50,0.3415924117474886
Gyroscope + EMG,MGinter_psdAsymmetry,1,True,50,0.3320524878003338
Gyroscope + EMG,gyrox_cvVal,1,True,50,0.3260179476101376
Gyroscope + EMG,gyroy_minVal,1,True,50,0.3207199688777456
Gyroscope + EMG,gyroz_peakToPeak,1,True,50,0.31633327022840807
Gyroscope + EMG,GMinter_meanFreq,1,True,50,0.2971816766297701
Gyroscope + EMG,RFinter_minVal,1,True,50,0.29210495669117803
Gyroscope + EMG,MGinter_minVal,1,True,50,0.26331957121496935
Gyroscope + EMG,GMinter_domFreq,1,True,50,0.2520795195760939
Gyroscope + EMG,RFinter_psdAsymmetry,1,True,50,0.24273245085732786
Gyroscope + EMG,BFinter_waveformLength,1,True,50,0.2340460648634337
Gyroscope + EMG,gyroz_varVal,1,True,50,0.23264568135730732
Gyroscope + EMG,gyroz_psdMean,1,True,50,0.23082670056761623
Gyroscope + EMG,TAinter_psdAsymmetry,1,True,50,0.21854794023167612
Gyroscope + EMG,gyroz_sdVal,1,True,50,0.21733560512727004
Gyroscope + EMG,gyroz_rmsVal,1,True,50,0.21551106614108462
Gyroscope + EMG,gyroy_peakToPeak,1,True,50,0.21447540086699735
Gyroscope + EMG,gyroz_domAmp,1,True,50,0.21148381308438458
Gyroscope + EMG,gyroz_mavVal,1,True,50,0.2021506741951897
Gyroscope + EMG,gyroz_harmonicRatio,1,True,50,0.20072764075380503
Gyroscope + EMG,MGinter_meanFreq,1,True,50,0.1998366458964269
Gyroscope + EMG,RFinter_meanFreq,1,True,50,0.1986764145142801
Gyroscope + EMG,gyrox_meanVal,1,True,50,0.19595923081800234
Gyroscope + EMG,GMinter_minVal,1,True,50,0.19249666426803436
Gyroscope + EMG,gyrox_mavVal,1,True,50,0.19155285449692683
Gyroscope + EMG,TAinter_minVal,1,True,50,0.18779456714946097
Gyroscope + EMG,gyrox_maxVal,1,True,50,0.1862327245292628
Gyroscope + EMG,TAinter_cvVal,1,True,50,0.18265151507869182
Gyroscope + EMG,gyroy_cvVal,1,True,50,0.18124590275371155
Gyroscope + EMG,BFinter_mavVal,1,True,50,0.1793841904507634
Gyroscope + EMG,gyroz_specEntropy,1,True,50,0.1781939718013179
Gyroscope + EMG,gyroy_meanVal,1,True,50,0.17720329172254368
Gyroscope + EMG,gyroy_rmsVal,1,True,50,0.1762788625264419
Gyroscope + EMG,PLinter_psdMean,1,True,50,0.17038094920888405
Gyroscope + EMG,PLinter_meanPowerFreq,1,True,50,0.17038094920888405
Gyroscope + EMG,MGinter_harmonicRatio,1,True,50,0.16985302070147545
Gyroscope + EMG,gyroz_domFreq,1,True,50,0.16833846732520455
Gyroscope + EMG,BFinter_minVal,1,True,50,0.15393668270848096
Gyroscope + EMG,MGinter_medianFreq,1,True,50,0.15148360443391665
Gyroscope + EMG,gyroz_minVal,2,False,50,
Gyroscope + EMG,RFinter_cvVal,3,False,50,
Gyroscope + EMG,gyrox_specEntropy,4,False,50,
Gyroscope + EMG,BFinter_meanFreq,5,False,50,
Gyroscope + EMG,RFinter_domFreq,6,False,50,
Gyroscope + EMG,GMinter_harmonicRatio,7,False,50,
Gyroscope + EMG,PLinter_varVal,8,False,50,
Gyroscope + EMG,GMinter_cvVal,9,False,50,
Gyroscope + EMG,gyroz_medianFreq,10,False,50,
Gyroscope + EMG,gyroy_domFreq,11,False,50,
Gyroscope + EMG,gyrox_peakToPeak,12,False,50,
Gyroscope + EMG,gyroz_psdAsymmetry,13,False,50,
Gyroscope + EMG,MGinter_domFreq,14,False,50,
Gyroscope + EMG,PLinter_maxVal,15,False,50,
Gyroscope + EMG,gyroy_psdMean,16,False,50,
Gyroscope + EMG,gyroy_medianFreq,17,False,50,
Gyroscope + EMG,gyroy_harmonicRatio,18,False,50,
Gyroscope + EMG,RFinter_medianFreq,19,False,50,
Gyroscope + EMG,gyrox_rmsVal,20,False,50,
Gyroscope + EMG,GMinter_cwtMean,21,False,50,
Gyroscope + EMG,gyroy_specEntropy,22,False,50,
Gyroscope + EMG,PLinter_harmonicRatio,23,False,50,
Gyroscope + EMG,PLinter_psdAsymmetry,24,False,50,
Gyroscope + EMG,GMinter_medianFreq,25,False,50,
Gyroscope + EMG,PLinter_peakToPeak,26,False,50,
Gyroscope + EMG,PLinter_cwtMean,27,False,50,
Gyroscope + EMG,gyrox_sdVal,28,False,50,
Gyroscope + EMG,BFinter_psdAsymmetry,29,False,50,
Gyroscope + EMG,gyroy_sdVal,30,False,50,
Gyroscope + EMG,PLinter_domFreq,31,False,50,
Gyroscope + EMG,gyrox_medianFreq,32,False,50,
Gyroscope + EMG,MGinter_cwtMean,33,False,50,
Gyroscope + EMG,gyroy_domAmp,34,False,50,
Gyroscope + EMG,gyrox_domAmp,35,False,50,
Gyroscope + EMG,PLinter_minVal,36,False,50,
Gyroscope + EMG,BFinter_specEntropy,37,False,50,
Gyroscope + EMG,GMinter_logDetector,38,False,50,
Gyroscope + EMG,TAinter_domAmp,39,False,50,
Gyroscope + EMG,gyroy_meanFreq,40,False,50,
Gyroscope + EMG,RFinter_harmonicRatio,41,False,50,
Gyroscope + EMG,gyroy_mavVal,42,False,50,
Gyroscope + EMG,GMinter_peakToPeak,43,False,50,
Gyroscope + EMG,BFinter_harmonicRatio,44,False,50,
Gyroscope + EMG,gyroy_varVal,45,False,50,
Gyroscope + EMG,GMinter_emdEnergy,46,False,50,
Gyroscope + EMG,TAinter_waveformLength,47,False,50,
Gyroscope + EMG,RFinter_specEntropy,48,False,50,
Gyroscope + EMG,PLinter_emdEnergy,49,False,50,
Gyroscope + EMG,gyrox_minVal,50,False,50,
Gyroscope + EMG,gyrox_psdAsymmetry,51,False,50,
Gyroscope + EMG,gyrox_varVal,52,False,50,
Gyroscope + EMG,BFinter_domFreq,53,False,50,
Gyroscope + EMG,PLinter_specEntropy,54,False,50,
Gyroscope + EMG,TAinter_specEntropy,55,False,50,
Gyroscope + EMG,BFinter_peakToPeak,56,False,50,
Gyroscope + EMG,GMinter_maxVal,57,False,50,
Gyroscope + EMG,gyrox_psdMean,58,False,50,
Gyroscope + EMG,GMinter_psdMean,59,False,50,
Gyroscope + EMG,BFinter_varVal,60,False,50,
Gyroscope + EMG,PLinter_sdVal,61,False,50,
Gyroscope + EMG,TAinter_medianFreq,62,False,50,
Gyroscope + EMG,GMinter_meanPowerFreq,63,False,50,
Gyroscope + EMG,GMinter_varVal,64,False,50,
Gyroscope + EMG,gyroy_psdAsymmetry,65,False,50,
Gyroscope + EMG,BFinter_meanVal,66,False,50,
Gyroscope + EMG,BFinter_cwtMean,67,False,50,
Gyroscope + EMG,GMinter_sdVal,68,False,50,
Gyroscope + EMG,RFinter_peakToPeak,69,False,50,
Gyroscope + EMG,PLinter_meanFreq,70,False,50,
Gyroscope + EMG,gyrox_meanFreq,71,False,50,
Gyroscope + EMG,PLinter_dwtEnergy,72,False,50,
Gyroscope + EMG,MGinter_specEntropy,73,False,50,
Gyroscope + EMG,GMinter_rmsVal,74,False,50,
Gyroscope + EMG,RFinter_maxVal,75,False,50,
Gyroscope + EMG,MGinter_waveformLength,76,False,50,
Gyroscope + EMG,RFinter_domAmp,77,False,50,
Gyroscope + EMG,PLinter_rmsVal,78,False,50,
Gyroscope + EMG,RFinter_waveformLength,79,False,50,
Gyroscope + EMG,GMinter_specEntropy,80,False,50,
Gyroscope + EMG,GMinter_dwtEnergy,81,False,50,
Gyroscope + EMG,BFinter_domAmp,82,False,50,
Gyroscope + EMG,PLinter_medianFreq,83,False,50,
Gyroscope + EMG,BFinter_maxVal,84,False,50,
Gyroscope + EMG,TAinter_dwtEnergy,85,False,50,
Gyroscope + EMG,GMinter_mavVal,86,False,50,
Gyroscope + EMG,MGinter_varVal,87,False,50,
Gyroscope + EMG,TAinter_psdMean,88,False,50,
Gyroscope + EMG,TAinter_meanPowerFreq,89,False,50,
Gyroscope + EMG,gyroy_maxVal,90,False,50,
Gyroscope + EMG,MGinter_dwtEnergy,91,False,50,
Gyroscope + EMG,RFinter_cwtMean,92,False,50,
Gyroscope + EMG,BFinter_dwtEnergy,93,False,50,
Gyroscope + EMG,TAinter_sdVal,94,False,50,
Gyroscope + EMG,TAinter_domFreq,95,False,50,
Gyroscope + EMG,TAinter_meanFreq,96,False,50,
Gyroscope + EMG,PLinter_mavVal,97,False,50,
Gyroscope + EMG,MGinter_sdVal,98,False,50,
Gyroscope + EMG,TAinter_rmsVal,99,False,50,
Gyroscope + EMG,MGinter_rmsVal,100,False,50,
Gyroscope + EMG,MGinter_meanPowerFreq,101,False,50,
Gyroscope + EMG,PLinter_meanVal,102,False,50,
Gyroscope + EMG,MGinter_psdMean,103,False,50,
Gyroscope + EMG,TAinter_emdEnergy,104,False,50,
Gyroscope + EMG,MGinter_mavVal,105,False,50,
Gyroscope + EMG,TAinter_mavVal,106,False,50,
Gyroscope + EMG,MGinter_meanVal,107,False,50,
Gyroscope + EMG,BFinter_sdVal,108,False,50,
Gyroscope + EMG,GMinter_domAmp,109,False,50,
Gyroscope + EMG,RFinter_logDetector,110,False,50,
Gyroscope + EMG,RFinter_varVal,111,False,50,
Gyroscope + EMG,MGinter_domAmp,112,False,50,
Gyroscope + EMG,TAinter_peakToPeak,113,False,50,
Gyroscope + EMG,BFinter_medianFreq,114,False,50,
Gyroscope + EMG,MGinter_peakToPeak,115,False,50,
Gyroscope + EMG,TAinter_cwtMean,116,False,50,
Gyroscope + EMG,MGinter_emdEnergy,117,False,50,
Gyroscope + EMG,RFinter_emdEnergy,118,False,50,
Gyroscope + EMG,PLinter_waveformLength,119,False,50,
Gyroscope + EMG,RFinter_mavVal,120,False,50,
Gyroscope + EMG,PLinter_logDetector,121,False,50,
Gyroscope + EMG,RFinter_sdVal,122,False,50,
Gyroscope + EMG,BFinter_psdMean,123,False,50,
Gyroscope + EMG,TAinter_varVal,124,False,50,
Gyroscope + EMG,TAinter_logDetector,125,False,50,
Gyroscope + EMG,BFinter_meanPowerFreq,126,False,50,
Gyroscope + EMG,GMinter_waveformLength,127,False,50,
Gyroscope + EMG,TAinter_meanVal,128,False,50,
Gyroscope + EMG,RFinter_rmsVal,129,False,50,
Gyroscope + EMG,GMinter_meanVal,130,False,50,
Gyroscope + EMG,RFinter_meanVal,131,False,50,
Gyroscope + EMG,MGinter_logDetector,132,False,50,
Gyroscope + EMG,MGinter_maxVal,133,False,50,
Gyroscope + EMG,BFinter_rmsVal,134,False,50,
Gyroscope + EMG,BFinter_emdEnergy,135,False,50,
Gyroscope + EMG,RFinter_psdMean,136,False,50,
Gyroscope + EMG,RFinter_meanPowerFreq,137,False,50,
Gyroscope + EMG,TAinter_maxVal,138,False,50,
Gyroscope + EMG,PLinter_domAmp,139,False,50,
Gyroscope + EMG,RFinter_dwtEnergy,140,False,50,
Gyroscope + EMG,MGinter_cvVal,1,True,189,0.562839448171355
Gyroscope + EMG,GMinter_psdAsymmetry,1,True,189,0.44694829979856543
Gyroscope + EMG,PLinter_cvVal,1,True,189,0.41425255056647803
Gyroscope + EMG,gyrox_domFreq,1,True,189,0.40821659980231645
Gyroscope + EMG,TAinter_harmonicRatio,1,True,189,0.3871583235867751
Gyroscope + EMG,gyroz_maxVal,1,True,189,0.38653953088891174
Gyroscope + EMG,gyrox_harmonicRatio,1,True,189,0.3774724426024318
Gyroscope + EMG,MGinter_psdAsymmetry,1,True,189,0.34650798640113106
Gyroscope + EMG,gyroz_meanVal,1,True,189,0.3181002351329347
Gyroscope + EMG,gyroz_cvVal,1,True,189,0.30344518031346707
Gyroscope + EMG,RFinter_minVal,1,True,189,0.30179937332924817
Gyroscope + EMG,gyroz_meanFreq,1,True,189,0.2955026357208885
Gyroscope + EMG,gyroy_minVal,1,True,189,0.29147662416388975
Gyroscope + EMG,BFinter_cvVal,1,True,189,0.28620750880825624
Gyroscope + EMG,gyroz_peakToPeak,1,True,189,0.2813680164858337
Gyroscope + EMG,gyrox_cvVal,1,True,189,0.2685860674457398
Gyroscope + EMG,MGinter_minVal,1,True,189,0.2621476405346868
Gyroscope + EMG,GMinter_meanFreq,1,True,189,0.25389802804329353
Gyroscope + EMG,RFinter_psdAsymmetry,1,True,189,0.2346975227818091
Gyroscope + EMG,gyroz_psdMean,1,True,189,0.207360814084924
Gyroscope + EMG,gyroz_varVal,1,True,189,0.20662136937287814
Gyroscope + EMG,GMinter_domFreq,1,True,189,0.19980620778718297
Gyroscope + EMG,gyroz_domAmp,1,True,189,0.1945203269918674
Gyroscope + EMG,gyroy_peakToPeak,1,True,189,0.19286504811404936
Gyroscope + EMG,MGinter_meanFreq,1,True,189,0.19156884703832722
Gyroscope + EMG,TAinter_minVal,1,True,189,0.18926584796460008
Gyroscope + EMG,gyroz_sdVal,1,True,189,0.18917641019253836
Gyroscope + EMG,gyroz_rmsVal,1,True,189,0.1873196986432536
Gyroscope + EMG,gyroz_mavVal,1,True,189,0.18431677660749404
Gyroscope + EMG,TAinter_psdAsymmetry,1,True,189,0.17521175900623398
Gyroscope + EMG,BFinter_logDetector,1,True,189,0.17482443069533068
Gyroscope + EMG,gyroz_domFreq,1,True,189,0.17373203630054926
Gyroscope + EMG,gyrox_meanVal,1,True,189,0.17312622696970625
Gyroscope + EMG,gyroz_harmonicRatio,1,True,189,0.16718368145628534
Gyroscope + EMG,RFinter_meanFreq,1,True,189,0.1668732934400834
Gyroscope + EMG,GMinter_minVal,1,True,189,0.1629470058158989
Gyroscope + EMG,MGinter_harmonicRatio,1,True,189,0.1587723193838264
Gyroscope + EMG,gyroy_cvVal,1,True,189,0.15761020873944018
Gyroscope + EMG,gyrox_maxVal,1,True,189,0.15308888777295562
Gyroscope + EMG,gyroy_meanVal,1,True,189,0.1519356484775111
Gyroscope + EMG,BFinter_minVal,1,True,189,0.14628770163134627
Gyroscope + EMG,gyrox_medianFreq,1,True,189,0.1422610891721607
Gyroscope + EMG,RFinter_domFreq,1,True,189,0.13900257048918077
Gyroscope + EMG,BFinter_meanFreq,1,True,189,0.1386950973375383
Gyroscope + EMG,gyroz_minVal,1,True,189,0.13781754276340116
Gyroscope + EMG,TAinter_cvVal,1,True,189,0.1370569890507116
Gyroscope + EMG,gyrox_mavVal,1,True,189,0.1355929223780227
Gyroscope + EMG,gyroz_specEntropy,1,True,189,0.13549344393598373
Gyroscope + EMG,GMinter_cvVal,1,True,189,0.13405316389890654
Gyroscope + EMG,BFinter_waveformLength,1,True,189,0.12887094368468063
Gyroscope + EMG,gyroz_psdAsymmetry,1,True,189,0.1278733593494635
Gyroscope + EMG,MGinter_medianFreq,1,True,189,0.1271935410514346
Gyroscope + EMG,RFinter_cvVal,1,True,189,0.12443118847483899
Gyroscope + EMG,BFinter_specEntropy,1,True,189,0.12217333303279458
Gyroscope + EMG,PLinter_domFreq,1,True,189,0.11910143000863437
Gyroscope + EMG,gyroy_domFreq,1,True,189,0.11714494172999997
Gyroscope + EMG,BFinter_psdAsymmetry,1,True,189,0.11635530784051744
Gyroscope + EMG,GMinter_harmonicRatio,1,True,189,0.11628804115793907
Gyroscope + EMG,gyroy_harmonicRatio,1,True,189,0.11618744010406701
Gyroscope + EMG,gyroy_medianFreq,1,True,189,0.11546914459507558
Gyroscope + EMG,gyrox_specEntropy,1,True,189,0.11514135838562557
Gyroscope + EMG,gyrox_peakToPeak,1,True,189,0.1144621277543223
Gyroscope + EMG,PLinter_harmonicRatio,1,True,189,0.11237450244398244
Gyroscope + EMG,gyroz_medianFreq,1,True,189,0.11194650232477928
Gyroscope + EMG,MGinter_domFreq,1,True,189,0.10929532148507505
Gyroscope + EMG,GMinter_medianFreq,1,True,189,0.10571856375347884
Gyroscope + EMG,RFinter_medianFreq,1,True,189,0.10012620761443584
Gyroscope + EMG,gyroy_domAmp,1,True,189,0.09822119106633621
Gyroscope + EMG,gyrox_rmsVal,1,True,189,0.09797297452856436
Gyroscope + EMG,gyroy_psdMean,1,True,189,0.09654088517254693
Gyroscope + EMG,PLinter_minVal,1,True,189,0.09473032800084942
Gyroscope + EMG,gyroy_specEntropy,1,True,189,0.09272992657214742
Gyroscope + EMG,gyroy_sdVal,1,True,189,0.0911080954255802
Gyroscope + EMG,PLinter_maxVal,1,True,189,0.0905564720840517
Gyroscope + EMG,gyroy_rmsVal,1,True,189,0.08946641684266948
Gyroscope + EMG,gyrox_sdVal,1,True,189,0.0889995473118421
Gyroscope + EMG,PLinter_peakToPeak,1,True,189,0.08764335465285762
Gyroscope + EMG,gyroy_varVal,1,True,189,0.08699446147688907
Gyroscope + EMG,BFinter_harmonicRatio,1,True,189,0.08526329869046119
Gyroscope + EMG,TAinter_domAmp,1,True,189,0.0813663098377168
Gyroscope + EMG,gyrox_minVal,1,True,189,0.07889651212648797
Gyroscope + EMG,PLinter_varVal,1,True,189,0.07845257353333503
Gyroscope + EMG,PLinter_psdAsymmetry,1,True,189,0.07739197149870918
Gyroscope + EMG,gyrox_psdAsymmetry,1,True,189,0.07651835439990654
Gyroscope + EMG,TAinter_waveformLength,1,True,189,0.07615955455685859
Gyroscope + EMG,gyrox_domAmp,1,True,189,0.07607687710292181
Gyroscope + EMG,gyroy_meanFreq,1,True,189,0.07434556937494063
Gyroscope + EMG,RFinter_specEntropy,1,True,189,0.07288340149812585
Gyroscope + EMG,PLinter_psdMean,1,True,189,0.07270886162733894
Gyroscope + EMG,PLinter_meanPowerFreq,1,True,189,0.07270886162733894
Gyroscope + EMG,gyroy_mavVal,1,True,189,0.06989690044641643
Gyroscope + EMG,BFinter_mavVal,1,True,189,0.06933281479242542
Gyroscope + EMG,PLinter_specEntropy,1,True,189,0.06891677419972507
Gyroscope + EMG,TAinter_specEntropy,1,True,189,0.06730840276799975
Gyroscope + EMG,TAinter_medianFreq,1,True,189,0.06383606755105849
Gyroscope + EMG,BFinter_domFreq,1,True,189,0.061976614535523035
Gyroscope + EMG,BFinter_varVal,1,True,189,0.06038337054205647
Gyroscope + EMG,GMinter_emdEnergy,1,True,189,0.05934371671079149
Gyroscope + EMG,gyrox_varVal,1,True,189,0.05897039031784606
Gyroscope + EMG,GMinter_cwtMean,1,True,189,0.05874860463320148
Gyroscope + EMG,GMinter_peakToPeak,1,True,189,0.05855722619746471
Gyroscope + EMG,gyrox_psdMean,1,True,189,0.05678999298620202
Gyroscope + EMG,GMinter_logDetector,1,True,189,0.05513888945477752
Gyroscope + EMG,PLinter_cwtMean,1,True,189,0.0543105904486041
Gyroscope + EMG,RFinter_harmonicRatio,1,True,189,0.05409300543056334
Gyroscope + EMG,gyroy_psdAsymmetry,1,True,189,0.0536613431828022
Gyroscope + EMG,MGinter_cwtMean,1,True,189,0.05304284947265795
Gyroscope + EMG,PLinter_emdEnergy,1,True,189,0.052706659131518896
Gyroscope + EMG,BFinter_cwtMean,1,True,189,0.05203234457472386
Gyroscope + EMG,GMinter_maxVal,1,True,189,0.052011032844165084
Gyroscope + EMG,PLinter_meanFreq,1,True,189,0.051444737149134584
Gyroscope + EMG,BFinter_peakToPeak,1,True,189,0.05076161886491894
Gyroscope + EMG,GMinter_specEntropy,1,True,189,0.0495781421149166
Gyroscope + EMG,MGinter_specEntropy,1,True,189,0.048901972665269
Gyroscope + EMG,PLinter_sdVal,1,True,189,0.04867854415080497
Gyroscope + EMG,gyrox_meanFreq,1,True,189,0.04859859027403513
Gyroscope + EMG,RFinter_peakToPeak,1,True,189,0.04820205594870103
Gyroscope + EMG,GMinter_sdVal,1,True,189,0.04714146770793548
Gyroscope + EMG,RFinter_waveformLength,1,True,189,0.047091156921852145
Gyroscope + EMG,MGinter_waveformLength,1,True,189,0.04566783276534736
Gyroscope + EMG,GMinter_varVal,1,True,189,0.045608660312054995
Gyroscope + EMG,PLinter_dwtEnergy,1,True,189,0.04479566924353882
Gyroscope + EMG,GMinter_psdMean,1,True,189,0.044711065383543386
Gyroscope + EMG,GMinter_meanPowerFreq,1,True,189,0.044711065383543386
Gyroscope + EMG,PLinter_medianFreq,1,True,189,0.044331902052705645
Gyroscope + EMG,GMinter_rmsVal,1,True,189,0.04400146911651521
Gyroscope + EMG,RFinter_domAmp,1,True,189,0.04392499558229527
Gyroscope + EMG,BFinter_meanVal,1,True,189,0.043737823501428665
Gyroscope + EMG,RFinter_maxVal,1,True,189,0.04280771985802249
Gyroscope + EMG,GMinter_mavVal,1,True,189,0.04085345740928187
Gyroscope + EMG,PLinter_rmsVal,1,True,189,0.040746905334590224
Gyroscope + EMG,BFinter_domAmp,1,True,189,0.040152585427939175
Gyroscope + EMG,TAinter_dwtEnergy,1,True,189,0.0378194488236021
Gyroscope + EMG,GMinter_dwtEnergy,1,True,189,0.037290682732188364
Gyroscope + EMG,BFinter_maxVal,1,True,189,0.037117086879916994
Gyroscope + EMG,MGinter_varVal,1,True,189,0.03706498187427982
Gyroscope + EMG,RFinter_cwtMean,1,True,189,0.03388669457191739
Gyroscope + EMG,gyroy_maxVal,1,True,189,0.033597164256998935
Gyroscope + EMG,MGinter_sdVal,1,True,189,0.03291966414781536
Gyroscope + EMG,TAinter_psdMean,1,True,189,0.03261481220821037
Gyroscope + EMG,TAinter_meanPowerFreq,1,True,189,0.03261481220821037
Gyroscope + EMG,TAinter_meanFreq,1,True,189,0.03239037172064843
Gyroscope + EMG,MGinter_dwtEnergy,1,True,189,0.032137789256024195
Gyroscope + EMG,TAinter_domFreq,1,True,189,0.03178319796117685
Gyroscope + EMG,BFinter_dwtEnergy,1,True,189,0.031087837532303073
Gyroscope + EMG,MGinter_rmsVal,1,True,189,0.03048403784969234
Gyroscope + EMG,PLinter_mavVal,1,True,189,0.029182844047431017
Gyroscope + EMG,TAinter_sdVal,1,True,189,0.02803584186772569
Gyroscope + EMG,PLinter_meanVal,1,True,189,0.027628152648668247
Gyroscope + EMG,MGinter_mavVal,1,True,189,0.02750136587902055
Gyroscope + EMG,TAinter_rmsVal,1,True,189,0.026482076264166102
Gyroscope + EMG,MGinter_psdMean,1,True,189,0.026405522188863315
Gyroscope + EMG,MGinter_meanPowerFreq,1,True,189,0.026405522188863315
Gyroscope + EMG,TAinter_mavVal,1,True,189,0.025464328666449557
Gyroscope + EMG,MGinter_meanVal,1,True,189,0.025194506236190257
Gyroscope + EMG,TAinter_emdEnergy,1,True,189,0.02350348164547672
Gyroscope + EMG,TAinter_peakToPeak,1,True,189,0.02298238448335624
Gyroscope + EMG,RFinter_varVal,1,True,189,0.022744772845251646
Gyroscope + EMG,BFinter_sdVal,1,True,189,0.02264497820435712
Gyroscope + EMG,RFinter_logDetector,1,True,189,0.020719583932879246
Gyroscope + EMG,GMinter_domAmp,1,True,189,0.019930069553432937
Gyroscope + EMG,BFinter_medianFreq,1,True,189,0.019442141712537508
Gyroscope + EMG,MGinter_domAmp,1,True,189,0.019400330394987054
Gyroscope + EMG,MGinter_peakToPeak,1,True,189,0.01888827121145106
Gyroscope + EMG,TAinter_cwtMean,1,True,189,0.018590040543225304
Gyroscope + EMG,PLinter_waveformLength,1,True,189,0.01831634754606393
Gyroscope + EMG,RFinter_emdEnergy,1,True,189,0.01776252589949709
Gyroscope + EMG,PLinter_logDetector,1,True,189,0.01721885581568811
Gyroscope + EMG,MGinter_emdEnergy,1,True,189,0.01662939502436801
Gyroscope + EMG,BFinter_psdMean,1,True,189,0.016599426207967876
Gyroscope + EMG,BFinter_meanPowerFreq,1,True,189,0.016599426207967876
Gyroscope + EMG,TAinter_varVal,1,True,189,0.01566413298652562
Gyroscope + EMG,GMinter_waveformLength,1,True,189,0.015421671159353528
Gyroscope + EMG,TAinter_meanVal,1,True,189,0.015332693845886905
Gyroscope + EMG,RFinter_sdVal,1,True,189,0.015106515287166854
Gyroscope + EMG,TAinter_logDetector,1,True,189,0.014567626866753088
Gyroscope + EMG,GMinter_meanVal,1,True,189,0.013366730251999975
Gyroscope + EMG,RFinter_mavVal,1,True,189,0.013083525396773196
Gyroscope + EMG,RFinter_meanVal,1,True,189,0.012372423020049395
Gyroscope + EMG,RFinter_rmsVal,1,True,189,0.01214832904205018
Gyroscope + EMG,MGinter_logDetector,1,True,189,0.012128639604425048
Gyroscope + EMG,BFinter_emdEnergy,1,True,189,0.007442620218262422
Gyroscope + EMG,RFinter_psdMean,1,True,189,0.00723222087041783
Gyroscope + EMG,RFinter_meanPowerFreq,1,True,189,0.00723222087041783
Gyroscope + EMG,BFinter_rmsVal,1,True,189,0.00676467406063191
Gyroscope + EMG,TAinter_maxVal,1,True,189,0.006127112002592468
Gyroscope + EMG,MGinter_maxVal,1,True,189,0.005950035601265475
Gyroscope + EMG,PLinter_domAmp,1,True,189,0.004963757389508256
Gyroscope + EMG,RFinter_dwtEnergy,1,True,189,0.004756780647876365
Accelerometer + EMG,accx_sdVal,1,True,5,0.9887068843064512
Accelerometer + EMG,accx_rmsVal,1,True,5,0.9243689991961297
Accelerometer + EMG,BFinter_waveformLength,1,True,5,0.7775317570435241
Accelerometer + EMG,TAinter_harmonicRatio,1,True,5,0.7573942345348312
Accelerometer + EMG,BFinter_cvVal,1,True,5,0.7006870547391421
Accelerometer + EMG,MGinter_cvVal,2,False,5,
Accelerometer + EMG,RFinter_minVal,3,False,5,
Accelerometer + EMG,accz_meanVal,4,False,5,
Accelerometer + EMG,GMinter_psdAsymmetry,5,False,5,
Accelerometer + EMG,accx_meanVal,6,False,5,
Accelerometer + EMG,accz_rmsVal,7,False,5,
Accelerometer + EMG,accx_varVal,8,False,5,
Accelerometer + EMG,MGinter_psdAsymmetry,9,False,5,
Accelerometer + EMG,MGinter_minVal,10,False,5,
Accelerometer + EMG,PLinter_harmonicRatio,11,False,5,
Accelerometer + EMG,accy_domAmp,12,False,5,
Accelerometer + EMG,accx_minVal,13,False,5,
Accelerometer + EMG,PLinter_meanFreq,14,False,5,
Accelerometer + EMG,accx_harmonicRatio,15,False,5,
Accelerometer + EMG,accx_psdMean,16,False,5,
Accelerometer + EMG,accy_harmonicRatio,17,False,5,
Accelerometer + EMG,BFinter_logDetector,18,False,5,
Accelerometer + EMG,TAinter_cvVal,19,False,5,
Accelerometer + EMG,GMinter_domFreq,20,False,5,
Accelerometer + EMG,MGinter_domFreq,21,False,5,
Accelerometer + EMG,accx_mavVal,22,False,5,
Accelerometer + EMG,accx_cvVal,23,False,5,
Accelerometer + EMG,accz_sdVal,24,False,5,
Accelerometer + EMG,accz_domFreq,25,False,5,
Accelerometer + EMG,MGinter_meanFreq,26,False,5,
Accelerometer + EMG,accy_maxVal,27,False,5,
Accelerometer + EMG,PLinter_cvVal,28,False,5,
Accelerometer + EMG,GMinter_harmonicRatio,29,False,5,
Accelerometer + EMG,accy_medianFreq,30,False,5,
Accelerometer + EMG,accx_domAmp,31,False,5,
Accelerometer + EMG,PLinter_psdAsymmetry,32,False,5,
Accelerometer + EMG,accx_peakToPeak,33,False,5,
Accelerometer + EMG,GMinter_emdEnergy,34,False,5,
Accelerometer + EMG,GMinter_cvVal,35,False,5,
Accelerometer + EMG,MGinter_medianFreq,36,False,5,
Accelerometer + EMG,accz_minVal,37,False,5,
Accelerometer + EMG,BFinter_specEntropy,38,False,5,
Accelerometer + EMG,accx_maxVal,39,False,5,
Accelerometer + EMG,accy_specEntropy,40,False,5,
Accelerometer + EMG,accx_domFreq,41,False,5,
Accelerometer + EMG,accz_harmonicRatio,42,False,5,
Accelerometer + EMG,PLinter_specEntropy,43,False,5,
Accelerometer + EMG,accy_rmsVal,44,False,5,
Accelerometer + EMG,RFinter_domFreq,45,False,5,
Accelerometer + EMG,accz_mavVal,46,False,5,
Accelerometer + EMG,RFinter_psdAsymmetry,47,False,5,
Accelerometer + EMG,TAinter_minVal,48,False,5,
Accelerometer + EMG,TAinter_domFreq,49,False,5,
Accelerometer + EMG,accy_peakToPeak,50,False,5,
Accelerometer + EMG,TAinter_psdAsymmetry,51,False,5,
Accelerometer + EMG,GMinter_varVal,52,False,5,
Accelerometer + EMG,accx_meanFreq,53,False,5,
Accelerometer + EMG,BFinter_meanFreq,54,False,5,
Accelerometer + EMG,RFinter_meanFreq,55,False,5,
Accelerometer + EMG,GMinter_maxVal,56,False,5,
Accelerometer + EMG,accy_meanVal,57,False,5,
Accelerometer + EMG,BFinter_psdAsymmetry,58,False,5,
Accelerometer + EMG,PLinter_maxVal,59,False,5,
Accelerometer + EMG,PLinter_varVal,60,False,5,
Accelerometer + EMG,PLinter_minVal,61,False,5,
Accelerometer + EMG,accz_meanFreq,62,False,5,
Accelerometer + EMG,GMinter_peakToPeak,63,False,5,
Accelerometer + EMG,BFinter_harmonicRatio,64,False,5,
Accelerometer + EMG,accy_minVal,65,False,5,
Accelerometer + EMG,accz_varVal,66,False,5,
Accelerometer + EMG,MGinter_waveformLength,67,False,5,
Accelerometer + EMG,GMinter_meanFreq,68,False,5,
Accelerometer + EMG,GMinter_medianFreq,69,False,5,
Accelerometer + EMG,PLinter_medianFreq,70,False,5,
Accelerometer + EMG,accz_psdMean,71,False,5,
Accelerometer + EMG,PLinter_peakToPeak,72,False,5,
Accelerometer + EMG,GMinter_meanPowerFreq,73,False,5,
Accelerometer + EMG,PLinter_domFreq,74,False,5,
Accelerometer + EMG,PLinter_psdMean,75,False,5,
Accelerometer + EMG,accz_peakToPeak,76,False,5,
Accelerometer + EMG,accz_specEntropy,77,False,5,
Accelerometer + EMG,accz_cvVal,78,False,5,
Accelerometer + EMG,accz_maxVal,79,False,5,
Accelerometer + EMG,accy_psdAsymmetry,80,False,5,
Accelerometer + EMG,BFinter_domFreq,81,False,5,
Accelerometer + EMG,accy_sdVal,82,False,5,
Accelerometer + EMG,PLinter_meanPowerFreq,83,False,5,
Accelerometer + EMG,BFinter_medianFreq,84,False,5,
Accelerometer + EMG,GMinter_psdMean,85,False,5,
Accelerometer + EMG,TAinter_domAmp,86,False,5,
Accelerometer + EMG,accx_specEntropy,87,False,5,
Accelerometer + EMG,RFinter_specEntropy,88,False,5,
Accelerometer + EMG,accz_medianFreq,89,False,5,
Accelerometer + EMG,accy_domFreq,90,False,5,
Accelerometer + EMG,accy_cvVal,91,False,5,
Accelerometer + EMG,GMinter_sdVal,92,False,5,
Accelerometer + EMG,TAinter_specEntropy,93,False,5,
Accelerometer + EMG,BFinter_mavVal,94,False,5,
Accelerometer + EMG,accy_mavVal,95,False,5,
Accelerometer + EMG,BFinter_varVal,96,False,5,
Accelerometer + EMG,GMinter_cwtMean,97,False,5,
Accelerometer + EMG,accy_varVal,98,False,5,
Accelerometer + EMG,GMinter_dwtEnergy,99,False,5,
Accelerometer + EMG,TAinter_medianFreq,100,False,5,
Accelerometer + EMG,RFinter_cvVal,101,False,5,
Accelerometer + EMG,accz_domAmp,102,False,5,
Accelerometer + EMG,TAinter_waveformLength,103,False,5,
Accelerometer + EMG,PLinter_emdEnergy,104,False,5,
Accelerometer + EMG,BFinter_cwtMean,105,False,5,
Accelerometer + EMG,GMinter_rmsVal,106,False,5,
Accelerometer + EMG,BFinter_minVal,107,False,5,
Accelerometer + EMG,MGinter_cwtMean,108,False,5,
Accelerometer + EMG,RFinter_medianFreq,109,False,5,
Accelerometer + EMG,MGinter_sdVal,110,False,5,
Accelerometer + EMG,BFinter_domAmp,111,False,5,
Accelerometer + EMG,MGinter_specEntropy,112,False,5,
Accelerometer + EMG,MGinter_harmonicRatio,113,False,5,
Accelerometer + EMG,RFinter_harmonicRatio,114,False,5,
Accelerometer + EMG,PLinter_cwtMean,115,False,5,
Accelerometer + EMG,RFinter_waveformLength,116,False,5,
Accelerometer + EMG,GMinter_minVal,117,False,5,
Accelerometer + EMG,PLinter_dwtEnergy,118,False,5,
Accelerometer + EMG,GMinter_specEntropy,119,False,5,
Accelerometer + EMG,PLinter_waveformLength,120,False,5,
Accelerometer + EMG,MGinter_rmsVal,121,False,5,
Accelerometer + EMG,RFinter_peakToPeak,122,False,5,
Accelerometer + EMG,TAinter_mavVal,123,False,5,
Accelerometer + EMG,PLinter_sdVal,124,False,5,
Accelerometer + EMG,RFinter_domAmp,125,False,5,
Accelerometer + EMG,accy_psdMean,126,False,5,
Accelerometer + EMG,MGinter_mavVal,127,False,5,
Accelerometer + EMG,TAinter_logDetector,128,False,5,
Accelerometer + EMG,RFinter_sdVal,129,False,5,
Accelerometer + EMG,GMinter_mavVal,130,False,5,
Accelerometer + EMG,accy_meanFreq,131,False,5,
Accelerometer + EMG,accx_medianFreq,132,False,5,
Accelerometer + EMG,BFinter_sdVal,133,False,5,
Accelerometer + EMG,GMinter_logDetector,134,False,5,
Accelerometer + EMG,TAinter_meanPowerFreq,135,False,5,
Accelerometer + EMG,BFinter_meanVal,136,False,5,
Accelerometer + EMG,TAinter_psdMean,137,False,5,
Accelerometer + EMG,PLinter_rmsVal,138,False,5,
Accelerometer + EMG,BFinter_dwtEnergy,139,False,5,
Accelerometer + EMG,accz_psdAsymmetry,140,False,5,
Accelerometer + EMG,RFinter_cwtMean,141,False,5,
Accelerometer + EMG,MGinter_meanPowerFreq,142,False,5,
Accelerometer + EMG,MGinter_dwtEnergy,143,False,5,
Accelerometer + EMG,TAinter_meanFreq,144,False,5,
Accelerometer + EMG,RFinter_maxVal,145,False,5,
Accelerometer + EMG,MGinter_psdMean,146,False,5,
Accelerometer + EMG,RFinter_mavVal,147,False,5,
Accelerometer + EMG,MGinter_peakToPeak,148,False,5,
Accelerometer + EMG,GMinter_waveformLength,149,False,5,
Accelerometer + EMG,TAinter_rmsVal,150,False,5,
Accelerometer + EMG,MGinter_varVal,151,False,5,
Accelerometer + EMG,TAinter_dwtEnergy,152,False,5,
Accelerometer + EMG,RFinter_rmsVal,153,False,5,
Accelerometer + EMG,accx_psdAsymmetry,154,False,5,
Accelerometer + EMG,TAinter_sdVal,155,False,5,
Accelerometer + EMG,RFinter_logDetector,156,False,5,
Accelerometer + EMG,RFinter_varVal,157,False,5,
Accelerometer + EMG,BFinter_meanPowerFreq,158,False,5,
Accelerometer + EMG,BFinter_psdMean,159,False,5,
Accelerometer + EMG,PLinter_mavVal,160,False,5,
Accelerometer + EMG,PLinter_logDetector,161,False,5,
Accelerometer + EMG,TAinter_meanVal,162,False,5,
Accelerometer + EMG,PLinter_meanVal,163,False,5,
Accelerometer + EMG,MGinter_emdEnergy,164,False,5,
Accelerometer + EMG,BFinter_maxVal,165,False,5,
Accelerometer + EMG,BFinter_peakToPeak,166,False,5,
Accelerometer + EMG,MGinter_meanVal,167,False,5,
Accelerometer + EMG,MGinter_logDetector,168,False,5,
Accelerometer + EMG,PLinter_domAmp,169,False,5,
Accelerometer + EMG,RFinter_emdEnergy,170,False,5,
Accelerometer + EMG,MGinter_maxVal,171,False,5,
Accelerometer + EMG,TAinter_emdEnergy,172,False,5,
Accelerometer + EMG,BFinter_rmsVal,173,False,5,
Accelerometer + EMG,TAinter_maxVal,174,False,5,
Accelerometer + EMG,MGinter_domAmp,175,False,5,
Accelerometer + EMG,TAinter_varVal,176,False,5,
Accelerometer + EMG,GMinter_domAmp,177,False,5,
Accelerometer + EMG,RFinter_psdMean,178,False,5,
Accelerometer + EMG,RFinter_meanPowerFreq,179,False,5,
Accelerometer + EMG,TAinter_cwtMean,180,False,5,
Accelerometer + EMG,RFinter_dwtEnergy,181,False,5,
Accelerometer + EMG,TAinter_peakToPeak,182,False,5,
Accelerometer + EMG,GMinter_meanVal,183,False,5,
Accelerometer + EMG,BFinter_emdEnergy,184,False,5,
Accelerometer + EMG,RFinter_meanVal,185,False,5,
Accelerometer + EMG,accx_sdVal,1,True,10,0.850736800099459
Accelerometer + EMG,MGinter_cvVal,1,True,10,0.8120424770693667
Accelerometer + EMG,BFinter_cvVal,1,True,10,0.7198225199797799
Accelerometer + EMG,BFinter_waveformLength,1,True,10,0.6579730021982193
Accelerometer + EMG,accx_rmsVal,1,True,10,0.6377451057994149
Accelerometer + EMG,TAinter_harmonicRatio,1,True,10,0.6322523511851161
Accelerometer + EMG,accz_meanVal,1,True,10,0.576384930161224
Accelerometer + EMG,RFinter_minVal,1,True,10,0.5450596759795096
Accelerometer + EMG,accx_meanVal,1,True,10,0.502847290496078
Accelerometer + EMG,GMinter_psdAsymmetry,1,True,10,0.5024624880399355
Accelerometer + EMG,accz_rmsVal,2,False,10,
Accelerometer + EMG,accx_varVal,3,False,10,
Accelerometer + EMG,MGinter_psdAsymmetry,4,False,10,
Accelerometer + EMG,MGinter_minVal,5,False,10,
Accelerometer + EMG,PLinter_harmonicRatio,6,False,10,
Accelerometer + EMG,accy_domAmp,7,False,10,
Accelerometer + EMG,accx_minVal,8,False,10,
Accelerometer + EMG,PLinter_meanFreq,9,False,10,
Accelerometer + EMG,accx_harmonicRatio,10,False,10,
Accelerometer + EMG,accx_psdMean,11,False,10,
Accelerometer + EMG,accy_harmonicRatio,12,False,10,
Accelerometer + EMG,BFinter_logDetector,13,False,10,
Accelerometer + EMG,TAinter_cvVal,14,False,10,
Accelerometer + EMG,GMinter_domFreq,15,False,10,
Accelerometer + EMG,MGinter_domFreq,16,False,10,
Accelerometer + EMG,accx_mavVal,17,False,10,
Accelerometer + EMG,accx_cvVal,18,False,10,
Accelerometer + EMG,accz_sdVal,19,False,10,
Accelerometer + EMG,accz_domFreq,20,False,10,
Accelerometer + EMG,MGinter_meanFreq,21,False,10,
Accelerometer + EMG,accy_maxVal,22,False,10,
Accelerometer + EMG,PLinter_cvVal,23,False,10,
Accelerometer + EMG,GMinter_harmonicRatio,24,False,10,
Accelerometer + EMG,accy_medianFreq,25,False,10,
Accelerometer + EMG,accx_domAmp,26,False,10,
Accelerometer + EMG,PLinter_psdAsymmetry,27,False,10,
Accelerometer + EMG,accx_peakToPeak,28,False,10,
Accelerometer + EMG,GMinter_emdEnergy,29,False,10,
Accelerometer + EMG,GMinter_cvVal,30,False,10,
Accelerometer + EMG,MGinter_medianFreq,31,False,10,
Accelerometer + EMG,accz_minVal,32,False,10,
Accelerometer + EMG,BFinter_specEntropy,33,False,10,
Accelerometer + EMG,accx_maxVal,34,False,10,
Accelerometer + EMG,accy_specEntropy,35,False,10,
Accelerometer + EMG,accx_domFreq,36,False,10,
Accelerometer + EMG,accz_harmonicRatio,37,False,10,
Accelerometer + EMG,PLinter_specEntropy,38,False,10,
Accelerometer + EMG,accy_rmsVal,39,False,10,
Accelerometer + EMG,RFinter_domFreq,40,False,10,
Accelerometer + EMG,accz_mavVal,41,False,10,
Accelerometer + EMG,RFinter_psdAsymmetry,42,False,10,
Accelerometer + EMG,TAinter_minVal,43,False,10,
Accelerometer + EMG,TAinter_domFreq,44,False,10,
Accelerometer + EMG,accy_peakToPeak,45,False,10,
Accelerometer + EMG,TAinter_psdAsymmetry,46,False,10,
Accelerometer + EMG,GMinter_varVal,47,False,10,
Accelerometer + EMG,accx_meanFreq,48,False,10,
Accelerometer + EMG,BFinter_meanFreq,49,False,10,
Accelerometer + EMG,RFinter_meanFreq,50,False,10,
Accelerometer + EMG,GMinter_maxVal,51,False,10,
Accelerometer + EMG,accy_meanVal,52,False,10,
Accelerometer + EMG,BFinter_psdAsymmetry,53,False,10,
Accelerometer + EMG,PLinter_maxVal,54,False,10,
Accelerometer + EMG,PLinter_varVal,55,False,10,
Accelerometer + EMG,PLinter_minVal,56,False,10,
Accelerometer + EMG,accz_meanFreq,57,False,10,
Accelerometer + EMG,GMinter_peakToPeak,58,False,10,
Accelerometer + EMG,BFinter_harmonicRatio,59,False,10,
Accelerometer + EMG,accy_minVal,60,False,10,
Accelerometer + EMG,accz_varVal,61,False,10,
Accelerometer + EMG,MGinter_waveformLength,62,False,10,
Accelerometer + EMG,GMinter_meanFreq,63,False,10,
Accelerometer + EMG,GMinter_medianFreq,64,False,10,
Accelerometer + EMG,PLinter_medianFreq,65,False,10,
Accelerometer + EMG,accz_psdMean,66,False,10,
Accelerometer + EMG,PLinter_peakToPeak,67,False,10,
Accelerometer + EMG,GMinter_meanPowerFreq,68,False,10,
Accelerometer + EMG,PLinter_domFreq,69,False,10,
Accelerometer + EMG,PLinter_psdMean,70,False,10,
Accelerometer + EMG,accz_peakToPeak,71,False,10,
Accelerometer + EMG,accz_specEntropy,72,False,10,
Accelerometer + EMG,accz_cvVal,73,False,10,
Accelerometer + EMG,accz_maxVal,74,False,10,
Accelerometer + EMG,accy_psdAsymmetry,75,False,10,
Accelerometer + EMG,BFinter_domFreq,76,False,10,
Accelerometer + EMG,accy_sdVal,77,False,10,
Accelerometer + EMG,PLinter_meanPowerFreq,78,False,10,
Accelerometer + EMG,BFinter_medianFreq,79,False,10,
Accelerometer + EMG,GMinter_psdMean,80,False,10,
Accelerometer + EMG,TAinter_domAmp,81,False,10,
Accelerometer + EMG,accx_specEntropy,82,False,10,
Accelerometer + EMG,RFinter_specEntropy,83,False,10,
Accelerometer + EMG,accz_medianFreq,84,False,10,
Accelerometer + EMG,accy_domFreq,85,False,10,
Accelerometer + EMG,accy_cvVal,86,False,10,
Accelerometer + EMG,GMinter_sdVal,87,False,10,
Accelerometer + EMG,TAinter_specEntropy,88,False,10,
Accelerometer + EMG,BFinter_mavVal,89,False,10,
Accelerometer + EMG,accy_mavVal,90,False,10,
Accelerometer + EMG,BFinter_varVal,91,False,10,
Accelerometer + EMG,GMinter_cwtMean,92,False,10,
Accelerometer + EMG,accy_varVal,93,False,10,
Accelerometer + EMG,GMinter_dwtEnergy,94,False,10,
Accelerometer + EMG,TAinter_medianFreq,95,False,10,
Accelerometer + EMG,RFinter_cvVal,96,False,10,
Accelerometer + EMG,accz_domAmp,97,False,10,
Accelerometer + EMG,TAinter_waveformLength,98,False,10,
Accelerometer + EMG,PLinter_emdEnergy,99,False,10,
Accelerometer + EMG,BFinter_cwtMean,100,False,10,
Accelerometer + EMG,GMinter_rmsVal,101,False,10,
Accelerometer + EMG,BFinter_minVal,102,False,10,
Accelerometer + EMG,MGinter_cwtMean,103,False,10,
Accelerometer + EMG,RFinter_medianFreq,104,False,10,
Accelerometer + EMG,MGinter_sdVal,105,False,10,
Accelerometer + EMG,BFinter_domAmp,106,False,10,
Accelerometer + EMG,MGinter_specEntropy,107,False,10,
Accelerometer + EMG,MGinter_harmonicRatio,108,False,10,
Accelerometer + EMG,RFinter_harmonicRatio,109,False,10,
Accelerometer + EMG,PLinter_cwtMean,110,False,10,
Accelerometer + EMG,RFinter_waveformLength,111,False,10,
Accelerometer + EMG,GMinter_minVal,112,False,10,
Accelerometer + EMG,PLinter_dwtEnergy,113,False,10,
Accelerometer + EMG,GMinter_specEntropy,114,False,10,
Accelerometer + EMG,PLinter_waveformLength,115,False,10,
Accelerometer + EMG,MGinter_rmsVal,116,False,10,
Accelerometer + EMG,RFinter_peakToPeak,117,False,10,
Accelerometer + EMG,TAinter_mavVal,118,False,10,
Accelerometer + EMG,PLinter_sdVal,119,False,10,
Accelerometer + EMG,RFinter_domAmp,120,False,10,
Accelerometer + EMG,accy_psdMean,121,False,10,
Accelerometer + EMG,MGinter_mavVal,122,False,10,
Accelerometer + EMG,TAinter_logDetector,123,False,10,
Accelerometer + EMG,RFinter_sdVal,124,False,10,
Accelerometer + EMG,GMinter_mavVal,125,False,10,
Accelerometer + EMG,accy_meanFreq,126,False,10,
Accelerometer + EMG,accx_medianFreq,127,False,10,
Accelerometer + EMG,BFinter_sdVal,128,False,10,
Accelerometer + EMG,GMinter_logDetector,129,False,10,
Accelerometer + EMG,TAinter_meanPowerFreq,130,False,10,
Accelerometer + EMG,BFinter_meanVal,131,False,10,
Accelerometer + EMG,TAinter_psdMean,132,False,10,
Accelerometer + EMG,PLinter_rmsVal,133,False,10,
Accelerometer + EMG,BFinter_dwtEnergy,134,False,10,
Accelerometer + EMG,accz_psdAsymmetry,135,False,10,
Accelerometer + EMG,RFinter_cwtMean,136,False,10,
Accelerometer + EMG,MGinter_meanPowerFreq,137,False,10,
Accelerometer + EMG,MGinter_dwtEnergy,138,False,10,
Accelerometer + EMG,TAinter_meanFreq,139,False,10,
Accelerometer + EMG,RFinter_maxVal,140,False,10,
Accelerometer + EMG,MGinter_psdMean,141,False,10,
Accelerometer + EMG,RFinter_mavVal,142,False,10,
Accelerometer + EMG,MGinter_peakToPeak,143,False,10,
Accelerometer + EMG,GMinter_waveformLength,144,False,10,
Accelerometer + EMG,TAinter_rmsVal,145,False,10,
Accelerometer + EMG,MGinter_varVal,146,False,10,
Accelerometer + EMG,TAinter_dwtEnergy,147,False,10,
Accelerometer + EMG,RFinter_rmsVal,148,False,10,
Accelerometer + EMG,accx_psdAsymmetry,149,False,10,
Accelerometer + EMG,TAinter_sdVal,150,False,10,
Accelerometer + EMG,RFinter_logDetector,151,False,10,
Accelerometer + EMG,RFinter_varVal,152,False,10,
Accelerometer + EMG,BFinter_meanPowerFreq,153,False,10,
Accelerometer + EMG,BFinter_psdMean,154,False,10,
Accelerometer + EMG,PLinter_mavVal,155,False,10,
Accelerometer + EMG,PLinter_logDetector,156,False,10,
Accelerometer + EMG,TAinter_meanVal,157,False,10,
Accelerometer + EMG,PLinter_meanVal,158,False,10,
Accelerometer + EMG,MGinter_emdEnergy,159,False,10,
Accelerometer + EMG,BFinter_maxVal,160,False,10,
Accelerometer + EMG,BFinter_peakToPeak,161,False,10,
Accelerometer + EMG,MGinter_meanVal,162,False,10,
Accelerometer + EMG,MGinter_logDetector,163,False,10,
Accelerometer + EMG,PLinter_domAmp,164,False,10,
Accelerometer + EMG,RFinter_emdEnergy,165,False,10,
Accelerometer + EMG,MGinter_maxVal,166,False,10,
Accelerometer + EMG,TAinter_emdEnergy,167,False,10,
Accelerometer + EMG,BFinter_rmsVal,168,False,10,
Accelerometer + EMG,TAinter_maxVal,169,False,10,
Accelerometer + EMG,MGinter_domAmp,170,False,10,
Accelerometer + EMG,TAinter_varVal,171,False,10,
Accelerometer + EMG,GMinter_domAmp,172,False,10,
Accelerometer + EMG,RFinter_psdMean,173,False,10,
Accelerometer + EMG,RFinter_meanPowerFreq,174,False,10,
Accelerometer + EMG,TAinter_cwtMean,175,False,10,
Accelerometer + EMG,RFinter_dwtEnergy,176,False,10,
Accelerometer + EMG,TAinter_peakToPeak,177,False,10,
Accelerometer + EMG,GMinter_meanVal,178,False,10,
Accelerometer + EMG,BFinter_emdEnergy,179,False,10,
Accelerometer + EMG,RFinter_meanVal,180,False,10,
Accelerometer + EMG,BFinter_cvVal,1,True,15,0.7931608700572568
Accelerometer + EMG,BFinter_waveformLength,1,True,15,0.7311175173725794
Accelerometer + EMG,accz_meanVal,1,True,15,0.7135879432360671
Accelerometer + EMG,MGinter_cvVal,1,True,15,0.682462049169383
Accelerometer + EMG,RFinter_minVal,1,True,15,0.5879116410158827
Accelerometer + EMG,accx_rmsVal,1,True,15,0.5349682073634957
Accelerometer + EMG,accx_meanVal,1,True,15,0.5172972030337323
Accelerometer + EMG,MGinter_psdAsymmetry,1,True,15,0.5104844774112848
Accelerometer + EMG,TAinter_harmonicRatio,1,True,15,0.5072731577501352
Accelerometer + EMG,accx_sdVal,1,True,15,0.49733069920636486
Accelerometer + EMG,accz_rmsVal,1,True,15,0.4898226527127462
Accelerometer + EMG,GMinter_psdAsymmetry,1,True,15,0.48735533068736786
Accelerometer + EMG,accx_varVal,1,True,15,0.4762962927649476
Accelerometer + EMG,MGinter_minVal,1,True,15,0.4689259350714075
Accelerometer + EMG,PLinter_harmonicRatio,1,True,15,0.393120856455075
Accelerometer + EMG,accy_domAmp,2,False,15,
Accelerometer + EMG,accx_minVal,3,False,15,
Accelerometer + EMG,PLinter_meanFreq,4,False,15,
Accelerometer + EMG,accx_harmonicRatio,5,False,15,
Accelerometer + EMG,accx_psdMean,6,False,15,
Accelerometer + EMG,accy_harmonicRatio,7,False,15,
Accelerometer + EMG,BFinter_logDetector,8,False,15,
Accelerometer + EMG,TAinter_cvVal,9,False,15,
Accelerometer + EMG,GMinter_domFreq,10,False,15,
Accelerometer + EMG,MGinter_domFreq,11,False,15,
Accelerometer + EMG,accx_mavVal,12,False,15,
Accelerometer + EMG,accx_cvVal,13,False,15,
Accelerometer + EMG,accz_sdVal,14,False,15,
Accelerometer + EMG,accz_domFreq,15,False,15,
Accelerometer + EMG,MGinter_meanFreq,16,False,15,
Accelerometer + EMG,accy_maxVal,17,False,15,
Accelerometer + EMG,PLinter_cvVal,18,False,15,
Accelerometer + EMG,GMinter_harmonicRatio,19,False,15,
Accelerometer + EMG,accy_medianFreq,20,False,15,
Accelerometer + EMG,accx_domAmp,21,False,15,
Accelerometer + EMG,PLinter_psdAsymmetry,22,False,15,
Accelerometer + EMG,accx_peakToPeak,23,False,15,
Accelerometer + EMG,GMinter_emdEnergy,24,False,15,
Accelerometer + EMG,GMinter_cvVal,25,False,15,
Accelerometer + EMG,MGinter_medianFreq,26,False,15,
Accelerometer + EMG,accz_minVal,27,False,15,
Accelerometer + EMG,BFinter_specEntropy,28,False,15,
Accelerometer + EMG,accx_maxVal,29,False,15,
Accelerometer + EMG,accy_specEntropy,30,False,15,
Accelerometer + EMG,accx_domFreq,31,False,15,
Accelerometer + EMG,accz_harmonicRatio,32,False,15,
Accelerometer + EMG,PLinter_specEntropy,33,False,15,
Accelerometer + EMG,accy_rmsVal,34,False,15,
Accelerometer + EMG,RFinter_domFreq,35,False,15,
Accelerometer + EMG,accz_mavVal,36,False,15,
Accelerometer + EMG,RFinter_psdAsymmetry,37,False,15,
Accelerometer + EMG,TAinter_minVal,38,False,15,
Accelerometer + EMG,TAinter_domFreq,39,False,15,
Accelerometer + EMG,accy_peakToPeak,40,False,15,
Accelerometer + EMG,TAinter_psdAsymmetry,41,False,15,
Accelerometer + EMG,GMinter_varVal,42,False,15,
Accelerometer + EMG,accx_meanFreq,43,False,15,
Accelerometer + EMG,BFinter_meanFreq,44,False,15,
Accelerometer + EMG,RFinter_meanFreq,45,False,15,
Accelerometer + EMG,GMinter_maxVal,46,False,15,
Accelerometer + EMG,accy_meanVal,47,False,15,
Accelerometer + EMG,BFinter_psdAsymmetry,48,False,15,
Accelerometer + EMG,PLinter_maxVal,49,False,15,
Accelerometer + EMG,PLinter_varVal,50,False,15,
Accelerometer + EMG,PLinter_minVal,51,False,15,
Accelerometer + EMG,accz_meanFreq,52,False,15,
Accelerometer + EMG,GMinter_peakToPeak,53,False,15,
Accelerometer + EMG,BFinter_harmonicRatio,54,False,15,
Accelerometer + EMG,accy_minVal,55,False,15,
Accelerometer + EMG,accz_varVal,56,False,15,
Accelerometer + EMG,MGinter_waveformLength,57,False,15,
Accelerometer + EMG,GMinter_meanFreq,58,False,15,
Accelerometer + EMG,GMinter_medianFreq,59,False,15,
Accelerometer + EMG,PLinter_medianFreq,60,False,15,
Accelerometer + EMG,accz_psdMean,61,False,15,
Accelerometer + EMG,PLinter_peakToPeak,62,False,15,
Accelerometer + EMG,GMinter_meanPowerFreq,63,False,15,
Accelerometer + EMG,PLinter_domFreq,64,False,15,
Accelerometer + EMG,PLinter_psdMean,65,False,15,
Accelerometer + EMG,accz_peakToPeak,66,False,15,
Accelerometer + EMG,accz_specEntropy,67,False,15,
Accelerometer + EMG,accz_cvVal,68,False,15,
Accelerometer + EMG,accz_maxVal,69,False,15,
Accelerometer + EMG,accy_psdAsymmetry,70,False,15,
Accelerometer + EMG,BFinter_domFreq,71,False,15,
Accelerometer + EMG,accy_sdVal,72,False,15,
Accelerometer + EMG,PLinter_meanPowerFreq,73,False,15,
Accelerometer + EMG,BFinter_medianFreq,74,False,15,
Accelerometer + EMG,GMinter_psdMean,75,False,15,
Accelerometer + EMG,TAinter_domAmp,76,False,15,
Accelerometer + EMG,accx_specEntropy,77,False,15,
Accelerometer + EMG,RFinter_specEntropy,78,False,15,
Accelerometer + EMG,accz_medianFreq,79,False,15,
Accelerometer + EMG,accy_domFreq,80,False,15,
Accelerometer + EMG,accy_cvVal,81,False,15,
Accelerometer + EMG,GMinter_sdVal,82,False,15,
Accelerometer + EMG,TAinter_specEntropy,83,False,15,
Accelerometer + EMG,BFinter_mavVal,84,False,15,
Accelerometer + EMG,accy_mavVal,85,False,15,
Accelerometer + EMG,BFinter_varVal,86,False,15,
Accelerometer + EMG,GMinter_cwtMean,87,False,15,
Accelerometer + EMG,accy_varVal,88,False,15,
Accelerometer + EMG,GMinter_dwtEnergy,89,False,15,
Accelerometer + EMG,TAinter_medianFreq,90,False,15,
Accelerometer + EMG,RFinter_cvVal,91,False,15,
Accelerometer + EMG,accz_domAmp,92,False,15,
Accelerometer + EMG,TAinter_waveformLength,93,False,15,
Accelerometer + EMG,PLinter_emdEnergy,94,False,15,
Accelerometer + EMG,BFinter_cwtMean,95,False,15,
Accelerometer + EMG,GMinter_rmsVal,96,False,15,
Accelerometer + EMG,BFinter_minVal,97,False,15,
Accelerometer + EMG,MGinter_cwtMean,98,False,15,
Accelerometer + EMG,RFinter_medianFreq,99,False,15,
Accelerometer + EMG,MGinter_sdVal,100,False,15,
Accelerometer + EMG,BFinter_domAmp,101,False,15,
Accelerometer + EMG,MGinter_specEntropy,102,False,15,
Accelerometer + EMG,MGinter_harmonicRatio,103,False,15,
Accelerometer + EMG,RFinter_harmonicRatio,104,False,15,
Accelerometer + EMG,PLinter_cwtMean,105,False,15,
Accelerometer + EMG,RFinter_waveformLength,106,False,15,
Accelerometer + EMG,GMinter_minVal,107,False,15,
Accelerometer + EMG,PLinter_dwtEnergy,108,False,15,
Accelerometer + EMG,GMinter_specEntropy,109,False,15,
Accelerometer + EMG,PLinter_waveformLength,110,False,15,
Accelerometer + EMG,MGinter_rmsVal,111,False,15,
Accelerometer + EMG,RFinter_peakToPeak,112,False,15,
Accelerometer + EMG,TAinter_mavVal,113,False,15,
Accelerometer + EMG,PLinter_sdVal,114,False,15,
Accelerometer + EMG,RFinter_domAmp,115,False,15,
Accelerometer + EMG,accy_psdMean,116,False,15,
Accelerometer + EMG,MGinter_mavVal,117,False,15,
Accelerometer + EMG,TAinter_logDetector,118,False,15,
Accelerometer + EMG,RFinter_sdVal,119,False,15,
Accelerometer + EMG,GMinter_mavVal,120,False,15,
Accelerometer + EMG,accy_meanFreq,121,False,15,
Accelerometer + EMG,accx_medianFreq,122,False,15,
Accelerometer + EMG,BFinter_sdVal,123,False,15,
Accelerometer + EMG,GMinter_logDetector,124,False,15,
Accelerometer + EMG,TAinter_meanPowerFreq,125,False,15,
Accelerometer + EMG,BFinter_meanVal,126,False,15,
Accelerometer + EMG,TAinter_psdMean,127,False,15,
Accelerometer + EMG,PLinter_rmsVal,128,False,15,
Accelerometer + EMG,BFinter_dwtEnergy,129,False,15,
Accelerometer + EMG,accz_psdAsymmetry,130,False,15,
Accelerometer + EMG,RFinter_cwtMean,131,False,15,
Accelerometer + EMG,MGinter_meanPowerFreq,132,False,15,
Accelerometer + EMG,MGinter_dwtEnergy,133,False,15,
Accelerometer + EMG,TAinter_meanFreq,134,False,15,
Accelerometer + EMG,RFinter_maxVal,135,False,15,
Accelerometer + EMG,MGinter_psdMean,136,False,15,
Accelerometer + EMG,RFinter_mavVal,137,False,15,
Accelerometer + EMG,MGinter_peakToPeak,138,False,15,
Accelerometer + EMG,GMinter_waveformLength,139,False,15,
Accelerometer + EMG,TAinter_rmsVal,140,False,15,
Accelerometer + EMG,MGinter_varVal,141,False,15,
Accelerometer + EMG,TAinter_dwtEnergy,142,False,15,
Accelerometer + EMG,RFinter_rmsVal,143,False,15,
Accelerometer + EMG,accx_psdAsymmetry,144,False,15,
Accelerometer + EMG,TAinter_sdVal,145,False,15,
Accelerometer + EMG,RFinter_logDetector,146,False,15,
Accelerometer + EMG,RFinter_varVal,147,False,15,
Accelerometer + EMG,BFinter_meanPowerFreq,148,False,15,
Accelerometer + EMG,BFinter_psdMean,149,False,15,
Accelerometer + EMG,PLinter_mavVal,150,False,15,
Accelerometer + EMG,PLinter_logDetector,151,False,15,
Accelerometer + EMG,TAinter_meanVal,152,False,15,
Accelerometer + EMG,PLinter_meanVal,153,False,15,
Accelerometer + EMG,MGinter_emdEnergy,154,False,15,
Accelerometer + EMG,BFinter_maxVal,155,False,15,
Accelerometer + EMG,BFinter_peakToPeak,156,False,15,
Accelerometer + EMG,MGinter_meanVal,157,False,15,
Accelerometer + EMG,MGinter_logDetector,158,False,15,
Accelerometer + EMG,PLinter_domAmp,159,False,15,
Accelerometer + EMG,RFinter_emdEnergy,160,False,15,
Accelerometer + EMG,MGinter_maxVal,161,False,15,
Accelerometer + EMG,TAinter_emdEnergy,162,False,15,
Accelerometer + EMG,BFinter_rmsVal,163,False,15,
Accelerometer + EMG,TAinter_maxVal,164,False,15,
Accelerometer + EMG,MGinter_domAmp,165,False,15,
Accelerometer + EMG,TAinter_varVal,166,False,15,
Accelerometer + EMG,GMinter_domAmp,167,False,15,
Accelerometer + EMG,RFinter_psdMean,168,False,15,
Accelerometer + EMG,RFinter_meanPowerFreq,169,False,15,
Accelerometer + EMG,TAinter_cwtMean,170,False,15,
Accelerometer + EMG,RFinter_dwtEnergy,171,False,15,
Accelerometer + EMG,TAinter_peakToPeak,172,False,15,
Accelerometer + EMG,GMinter_meanVal,173,False,15,
Accelerometer + EMG,BFinter_emdEnergy,174,False,15,
Accelerometer + EMG,RFinter_meanVal,175,False,15,
Accelerometer + EMG,BFinter_cvVal,1,True,20,0.8065891276780075
Accelerometer + EMG,accz_meanVal,1,True,20,0.7121585326021949
Accelerometer + EMG,MGinter_cvVal,1,True,20,0.6224490824838049
Accelerometer + EMG,MGinter_psdAsymmetry,1,True,20,0.6055340633727005
Accelerometer + EMG,BFinter_waveformLength,1,True,20,0.5912024079902207
Accelerometer + EMG,RFinter_minVal,1,True,20,0.5760816507911038
Accelerometer + EMG,TAinter_harmonicRatio,1,True,20,0.5488688809933696
Accelerometer + EMG,MGinter_minVal,1,True,20,0.5185775161410641
Accelerometer + EMG,accz_rmsVal,1,True,20,0.5002963655391134
Accelerometer + EMG,accx_minVal,1,True,20,0.46202149167831214
Accelerometer + EMG,PLinter_meanFreq,1,True,20,0.45548874962584723
Accelerometer + EMG,accy_domAmp,1,True,20,0.45480260937122124
Accelerometer + EMG,PLinter_harmonicRatio,1,True,20,0.45210750838876873
Accelerometer + EMG,GMinter_psdAsymmetry,1,True,20,0.3969223034115304
Accelerometer + EMG,accx_sdVal,1,True,20,0.38297720424375453
Accelerometer + EMG,accx_rmsVal,1,True,20,0.38173873141212433
Accelerometer + EMG,accx_varVal,1,True,20,0.3766281087096521
Accelerometer + EMG,accx_psdMean,1,True,20,0.37432007970866127
Accelerometer + EMG,accx_harmonicRatio,1,True,20,0.35593419524912434
Accelerometer + EMG,accx_meanVal,1,True,20,0.3544846466098581
Accelerometer + EMG,accy_harmonicRatio,2,False,20,
Accelerometer + EMG,BFinter_logDetector,3,False,20,
Accelerometer + EMG,TAinter_cvVal,4,False,20,
Accelerometer + EMG,GMinter_domFreq,5,False,20,
Accelerometer + EMG,MGinter_domFreq,6,False,20,
Accelerometer + EMG,accx_mavVal,7,False,20,
Accelerometer + EMG,accx_cvVal,8,False,20,
Accelerometer + EMG,accz_sdVal,9,False,20,
Accelerometer + EMG,accz_domFreq,10,False,20,
Accelerometer + EMG,MGinter_meanFreq,11,False,20,
Accelerometer + EMG,accy_maxVal,12,False,20,
Accelerometer + EMG,PLinter_cvVal,13,False,20,
Accelerometer + EMG,GMinter_harmonicRatio,14,False,20,
Accelerometer + EMG,accy_medianFreq,15,False,20,
Accelerometer + EMG,accx_domAmp,16,False,20,
Accelerometer + EMG,PLinter_psdAsymmetry,17,False,20,
Accelerometer + EMG,accx_peakToPeak,18,False,20,
Accelerometer + EMG,GMinter_emdEnergy,19,False,20,
Accelerometer + EMG,GMinter_cvVal,20,False,20,
Accelerometer + EMG,MGinter_medianFreq,21,False,20,
Accelerometer + EMG,accz_minVal,22,False,20,
Accelerometer + EMG,BFinter_specEntropy,23,False,20,
Accelerometer + EMG,accx_maxVal,24,False,20,
Accelerometer + EMG,accy_specEntropy,25,False,20,
Accelerometer + EMG,accx_domFreq,26,False,20,
Accelerometer + EMG,accz_harmonicRatio,27,False,20,
Accelerometer + EMG,PLinter_specEntropy,28,False,20,
Accelerometer + EMG,accy_rmsVal,29,False,20,
Accelerometer + EMG,RFinter_domFreq,30,False,20,
Accelerometer + EMG,accz_mavVal,31,False,20,
Accelerometer + EMG,RFinter_psdAsymmetry,32,False,20,
Accelerometer + EMG,TAinter_minVal,33,False,20,
Accelerometer + EMG,TAinter_domFreq,34,False,20,
Accelerometer + EMG,accy_peakToPeak,35,False,20,
Accelerometer + EMG,TAinter_psdAsymmetry,36,False,20,
Accelerometer + EMG,GMinter_varVal,37,False,20,
Accelerometer + EMG,accx_meanFreq,38,False,20,
Accelerometer + EMG,BFinter_meanFreq,39,False,20,
Accelerometer + EMG,RFinter_meanFreq,40,False,20,
Accelerometer + EMG,GMinter_maxVal,41,False,20,
Accelerometer + EMG,accy_meanVal,42,False,20,
Accelerometer + EMG,BFinter_psdAsymmetry,43,False,20,
Accelerometer + EMG,PLinter_maxVal,44,False,20,
Accelerometer + EMG,PLinter_varVal,45,False,20,
Accelerometer + EMG,PLinter_minVal,46,False,20,
Accelerometer + EMG,accz_meanFreq,47,False,20,
Accelerometer + EMG,GMinter_peakToPeak,48,False,20,
Accelerometer + EMG,BFinter_harmonicRatio,49,False,20,
Accelerometer + EMG,accy_minVal,50,False,20,
Accelerometer + EMG,accz_varVal,51,False,20,
Accelerometer + EMG,MGinter_waveformLength,52,False,20,
Accelerometer + EMG,GMinter_meanFreq,53,False,20,
Accelerometer + EMG,GMinter_medianFreq,54,False,20,
Accelerometer + EMG,PLinter_medianFreq,55,False,20,
Accelerometer + EMG,accz_psdMean,56,False,20,
Accelerometer + EMG,PLinter_peakToPeak,57,False,20,
Accelerometer + EMG,GMinter_meanPowerFreq,58,False,20,
Accelerometer + EMG,PLinter_domFreq,59,False,20,
Accelerometer + EMG,PLinter_psdMean,60,False,20,
Accelerometer + EMG,accz_peakToPeak,61,False,20,
Accelerometer + EMG,accz_specEntropy,62,False,20,
Accelerometer + EMG,accz_cvVal,63,False,20,
Accelerometer + EMG,accz_maxVal,64,False,20,
Accelerometer + EMG,accy_psdAsymmetry,65,False,20,
Accelerometer + EMG,BFinter_domFreq,66,False,20,
Accelerometer + EMG,accy_sdVal,67,False,20,
Accelerometer + EMG,PLinter_meanPowerFreq,68,False,20,
Accelerometer + EMG,BFinter_medianFreq,69,False,20,
Accelerometer + EMG,GMinter_psdMean,70,False,20,
Accelerometer + EMG,TAinter_domAmp,71,False,20,
Accelerometer + EMG,accx_specEntropy,72,False,20,
Accelerometer + EMG,RFinter_specEntropy,73,False,20,
Accelerometer + EMG,accz_medianFreq,74,False,20,
Accelerometer + EMG,accy_domFreq,75,False,20,
Accelerometer + EMG,accy_cvVal,76,False,20,
Accelerometer + EMG,GMinter_sdVal,77,False,20,
Accelerometer + EMG,TAinter_specEntropy,78,False,20,
Accelerometer + EMG,BFinter_mavVal,79,False,20,
Accelerometer + EMG,accy_mavVal,80,False,20,
Accelerometer + EMG,BFinter_varVal,81,False,20,
Accelerometer + EMG,GMinter_cwtMean,82,False,20,
Accelerometer + EMG,accy_varVal,83,False,20,
Accelerometer + EMG,GMinter_dwtEnergy,84,False,20,
Accelerometer + EMG,TAinter_medianFreq,85,False,20,
Accelerometer + EMG,RFinter_cvVal,86,False,20,
Accelerometer + EMG,accz_domAmp,87,False,20,
Accelerometer + EMG,TAinter_waveformLength,88,False,20,
Accelerometer + EMG,PLinter_emdEnergy,89,False,20,
Accelerometer + EMG,BFinter_cwtMean,90,False,20,
Accelerometer + EMG,GMinter_rmsVal,91,False,20,
Accelerometer + EMG,BFinter_minVal,92,False,20,
Accelerometer + EMG,MGinter_cwtMean,93,False,20,
Accelerometer + EMG,RFinter_medianFreq,94,False,20,
Accelerometer + EMG,MGinter_sdVal,95,False,20,
Accelerometer + EMG,BFinter_domAmp,96,False,20,
Accelerometer + EMG,MGinter_specEntropy,97,False,20,
Accelerometer + EMG,MGinter_harmonicRatio,98,False,20,
Accelerometer + EMG,RFinter_harmonicRatio,99,False,20,
Accelerometer + EMG,PLinter_cwtMean,100,False,20,
Accelerometer + EMG,RFinter_waveformLength,101,False,20,
Accelerometer + EMG,GMinter_minVal,102,False,20,
Accelerometer + EMG,PLinter_dwtEnergy,103,False,20,
Accelerometer + EMG,GMinter_specEntropy,104,False,20,
Accelerometer + EMG,PLinter_waveformLength,105,False,20,
Accelerometer + EMG,MGinter_rmsVal,106,False,20,
Accelerometer + EMG,RFinter_peakToPeak,107,False,20,
Accelerometer + EMG,TAinter_mavVal,108,False,20,
Accelerometer + EMG,PLinter_sdVal,109,False,20,
Accelerometer + EMG,RFinter_domAmp,110,False,20,
Accelerometer + EMG,accy_psdMean,111,False,20,
Accelerometer + EMG,MGinter_mavVal,112,False,20,
Accelerometer + EMG,TAinter_logDetector,113,False,20,
Accelerometer + EMG,RFinter_sdVal,114,False,20,
Accelerometer + EMG,GMinter_mavVal,115,False,20,
Accelerometer + EMG,accy_meanFreq,116,False,20,
Accelerometer + EMG,accx_medianFreq,117,False,20,
Accelerometer + EMG,BFinter_sdVal,118,False,20,
Accelerometer + EMG,GMinter_logDetector,119,False,20,
Accelerometer + EMG,TAinter_meanPowerFreq,120,False,20,
Accelerometer + EMG,BFinter_meanVal,121,False,20,
Accelerometer + EMG,TAinter_psdMean,122,False,20,
Accelerometer + EMG,PLinter_rmsVal,123,False,20,
Accelerometer + EMG,BFinter_dwtEnergy,124,False,20,
Accelerometer + EMG,accz_psdAsymmetry,125,False,20,
Accelerometer + EMG,RFinter_cwtMean,126,False,20,
Accelerometer + EMG,MGinter_meanPowerFreq,127,False,20,
Accelerometer + EMG,MGinter_dwtEnergy,128,False,20,
Accelerometer + EMG,TAinter_meanFreq,129,False,20,
Accelerometer + EMG,RFinter_maxVal,130,False,20,
Accelerometer + EMG,MGinter_psdMean,131,False,20,
Accelerometer + EMG,RFinter_mavVal,132,False,20,
Accelerometer + EMG,MGinter_peakToPeak,133,False,20,
Accelerometer + EMG,GMinter_waveformLength,134,False,20,
Accelerometer + EMG,TAinter_rmsVal,135,False,20,
Accelerometer + EMG,MGinter_varVal,136,False,20,
Accelerometer + EMG,TAinter_dwtEnergy,137,False,20,
Accelerometer + EMG,RFinter_rmsVal,138,False,20,
Accelerometer + EMG,accx_psdAsymmetry,139,False,20,
Accelerometer + EMG,TAinter_sdVal,140,False,20,
Accelerometer + EMG,RFinter_logDetector,141,False,20,
Accelerometer + EMG,RFinter_varVal,142,False,20,
Accelerometer + EMG,BFinter_meanPowerFreq,143,False,20,
Accelerometer + EMG,BFinter_psdMean,144,False,20,
Accelerometer + EMG,PLinter_mavVal,145,False,20,
Accelerometer + EMG,PLinter_logDetector,146,False,20,
Accelerometer + EMG,TAinter_meanVal,147,False,20,
Accelerometer + EMG,PLinter_meanVal,148,False,20,
Accelerometer + EMG,MGinter_emdEnergy,149,False,20,
Accelerometer + EMG,BFinter_maxVal,150,False,20,
Accelerometer + EMG,BFinter_peakToPeak,151,False,20,
Accelerometer + EMG,MGinter_meanVal,152,False,20,
Accelerometer + EMG,MGinter_logDetector,153,False,20,
Accelerometer + EMG,PLinter_domAmp,154,False,20,
Accelerometer + EMG,RFinter_emdEnergy,155,False,20,
Accelerometer + EMG,MGinter_maxVal,156,False,20,
Accelerometer + EMG,TAinter_emdEnergy,157,False,20,
Accelerometer + EMG,BFinter_rmsVal,158,False,20,
Accelerometer + EMG,TAinter_maxVal,159,False,20,
Accelerometer + EMG,MGinter_domAmp,160,False,20,
Accelerometer + EMG,TAinter_varVal,161,False,20,
Accelerometer + EMG,GMinter_domAmp,162,False,20,
Accelerometer + EMG,RFinter_psdMean,163,False,20,
Accelerometer + EMG,RFinter_meanPowerFreq,164,False,20,
Accelerometer + EMG,TAinter_cwtMean,165,False,20,
Accelerometer + EMG,RFinter_dwtEnergy,166,False,20,
Accelerometer + EMG,TAinter_peakToPeak,167,False,20,
Accelerometer + EMG,GMinter_meanVal,168,False,20,
Accelerometer + EMG,BFinter_emdEnergy,169,False,20,
Accelerometer + EMG,RFinter_meanVal,170,False,20,
Accelerometer + EMG,BFinter_cvVal,1,True,30,0.7185450873740495
Accelerometer + EMG,accz_meanVal,1,True,30,0.6600379036829818
Accelerometer + EMG,MGinter_psdAsymmetry,1,True,30,0.6285744001645155
Accelerometer + EMG,MGinter_cvVal,1,True,30,0.6276499156866601
Accelerometer + EMG,TAinter_harmonicRatio,1,True,30,0.5316580450298817
Accelerometer + EMG,GMinter_psdAsymmetry,1,True,30,0.5229092169032504
Accelerometer + EMG,RFinter_minVal,1,True,30,0.5197517521396199
Accelerometer + EMG,PLinter_harmonicRatio,1,True,30,0.46050932216064294
Accelerometer + EMG,accx_minVal,1,True,30,0.4329922867087193
Accelerometer + EMG,MGinter_domFreq,1,True,30,0.42019335122172946
Accelerometer + EMG,BFinter_waveformLength,1,True,30,0.4176422183815154
Accelerometer + EMG,PLinter_meanFreq,1,True,30,0.36485377118569
Accelerometer + EMG,accy_harmonicRatio,1,True,30,0.3639747842261826
Accelerometer + EMG,MGinter_minVal,1,True,30,0.35640676038221236
Accelerometer + EMG,BFinter_logDetector,1,True,30,0.3556627153123788
Accelerometer + EMG,accz_rmsVal,1,True,30,0.34489379039248474
Accelerometer + EMG,accz_sdVal,1,True,30,0.34201347473983706
Accelerometer + EMG,TAinter_cvVal,1,True,30,0.3357679812197833
Accelerometer + EMG,accx_varVal,1,True,30,0.3325719945545749
Accelerometer + EMG,accx_sdVal,1,True,30,0.3248735637991706
Accelerometer + EMG,GMinter_domFreq,1,True,30,0.32204115353220564
Accelerometer + EMG,accx_harmonicRatio,1,True,30,0.30718242905585397
Accelerometer + EMG,accy_domAmp,1,True,30,0.3064145153235099
Accelerometer + EMG,accz_domFreq,1,True,30,0.30190580460161137
Accelerometer + EMG,accx_psdMean,1,True,30,0.3007771006014819
Accelerometer + EMG,accx_rmsVal,1,True,30,0.29973470889815823
Accelerometer + EMG,accx_cvVal,1,True,30,0.29003807068891707
Accelerometer + EMG,accx_meanVal,1,True,30,0.2679448873024723
Accelerometer + EMG,accx_mavVal,1,True,30,0.26786655403528564
Accelerometer + EMG,MGinter_meanFreq,1,True,30,0.24674556381886517
Accelerometer + EMG,accy_maxVal,2,False,30,
Accelerometer + EMG,PLinter_cvVal,3,False,30,
Accelerometer + EMG,GMinter_harmonicRatio,4,False,30,
Accelerometer + EMG,accy_medianFreq,5,False,30,
Accelerometer + EMG,accx_domAmp,6,False,30,
Accelerometer + EMG,PLinter_psdAsymmetry,7,False,30,
Accelerometer + EMG,accx_peakToPeak,8,False,30,
Accelerometer + EMG,GMinter_emdEnergy,9,False,30,
Accelerometer + EMG,GMinter_cvVal,10,False,30,
Accelerometer + EMG,MGinter_medianFreq,11,False,30,
Accelerometer + EMG,accz_minVal,12,False,30,
Accelerometer + EMG,BFinter_specEntropy,13,False,30,
Accelerometer + EMG,accx_maxVal,14,False,30,
Accelerometer + EMG,accy_specEntropy,15,False,30,
Accelerometer + EMG,accx_domFreq,16,False,30,
Accelerometer + EMG,accz_harmonicRatio,17,False,30,
Accelerometer + EMG,PLinter_specEntropy,18,False,30,
Accelerometer + EMG,accy_rmsVal,19,False,30,
Accelerometer + EMG,RFinter_domFreq,20,False,30,
Accelerometer + EMG,accz_mavVal,21,False,30,
Accelerometer + EMG,RFinter_psdAsymmetry,22,False,30,
Accelerometer + EMG,TAinter_minVal,23,False,30,
Accelerometer + EMG,TAinter_domFreq,24,False,30,
Accelerometer + EMG,accy_peakToPeak,25,False,30,
Accelerometer + EMG,TAinter_psdAsymmetry,26,False,30,
Accelerometer + EMG,GMinter_varVal,27,False,30,
Accelerometer + EMG,accx_meanFreq,28,False,30,
Accelerometer + EMG,BFinter_meanFreq,29,False,30,
Accelerometer + EMG,RFinter_meanFreq,30,False,30,
Accelerometer + EMG,GMinter_maxVal,31,False,30,
Accelerometer + EMG,accy_meanVal,32,False,30,
Accelerometer + EMG,BFinter_psdAsymmetry,33,False,30,
Accelerometer + EMG,PLinter_maxVal,34,False,30,
Accelerometer + EMG,PLinter_varVal,35,False,30,
Accelerometer + EMG,PLinter_minVal,36,False,30,
Accelerometer + EMG,accz_meanFreq,37,False,30,
Accelerometer + EMG,GMinter_peakToPeak,38,False,30,
Accelerometer + EMG,BFinter_harmonicRatio,39,False,30,
Accelerometer + EMG,accy_minVal,40,False,30,
Accelerometer + EMG,accz_varVal,41,False,30,
Accelerometer + EMG,MGinter_waveformLength,42,False,30,
Accelerometer + EMG,GMinter_meanFreq,43,False,30,
Accelerometer + EMG,GMinter_medianFreq,44,False,30,
Accelerometer + EMG,PLinter_medianFreq,45,False,30,
Accelerometer + EMG,accz_psdMean,46,False,30,
Accelerometer + EMG,PLinter_peakToPeak,47,False,30,
Accelerometer + EMG,GMinter_meanPowerFreq,48,False,30,
Accelerometer + EMG,PLinter_domFreq,49,False,30,
Accelerometer + EMG,PLinter_psdMean,50,False,30,
Accelerometer + EMG,accz_peakToPeak,51,False,30,
Accelerometer + EMG,accz_specEntropy,52,False,30,
Accelerometer + EMG,accz_cvVal,53,False,30,
Accelerometer + EMG,accz_maxVal,54,False,30,
Accelerometer + EMG,accy_psdAsymmetry,55,False,30,
Accelerometer + EMG,BFinter_domFreq,56,False,30,
Accelerometer + EMG,accy_sdVal,57,False,30,
Accelerometer + EMG,PLinter_meanPowerFreq,58,False,30,
Accelerometer + EMG,BFinter_medianFreq,59,False,30,
Accelerometer + EMG,GMinter_psdMean,60,False,30,
Accelerometer + EMG,TAinter_domAmp,61,False,30,
Accelerometer + EMG,accx_specEntropy,62,False,30,
Accelerometer + EMG,RFinter_specEntropy,63,False,30,
Accelerometer + EMG,accz_medianFreq,64,False,30,
Accelerometer + EMG,accy_domFreq,65,False,30,
Accelerometer + EMG,accy_cvVal,66,False,30,
Accelerometer + EMG,GMinter_sdVal,67,False,30,
Accelerometer + EMG,TAinter_specEntropy,68,False,30,
Accelerometer + EMG,BFinter_mavVal,69,False,30,
Accelerometer + EMG,accy_mavVal,70,False,30,
Accelerometer + EMG,BFinter_varVal,71,False,30,
Accelerometer + EMG,GMinter_cwtMean,72,False,30,
Accelerometer + EMG,accy_varVal,73,False,30,
Accelerometer + EMG,GMinter_dwtEnergy,74,False,30,
Accelerometer + EMG,TAinter_medianFreq,75,False,30,
Accelerometer + EMG,RFinter_cvVal,76,False,30,
Accelerometer + EMG,accz_domAmp,77,False,30,
Accelerometer + EMG,TAinter_waveformLength,78,False,30,
Accelerometer + EMG,PLinter_emdEnergy,79,False,30,
Accelerometer + EMG,BFinter_cwtMean,80,False,30,
Accelerometer + EMG,GMinter_rmsVal,81,False,30,
Accelerometer + EMG,BFinter_minVal,82,False,30,
Accelerometer + EMG,MGinter_cwtMean,83,False,30,
Accelerometer + EMG,RFinter_medianFreq,84,False,30,
Accelerometer + EMG,MGinter_sdVal,85,False,30,
Accelerometer + EMG,BFinter_domAmp,86,False,30,
Accelerometer + EMG,MGinter_specEntropy,87,False,30,
Accelerometer + EMG,MGinter_harmonicRatio,88,False,30,
Accelerometer + EMG,RFinter_harmonicRatio,89,False,30,
Accelerometer + EMG,PLinter_cwtMean,90,False,30,
Accelerometer + EMG,RFinter_waveformLength,91,False,30,
Accelerometer + EMG,GMinter_minVal,92,False,30,
Accelerometer + EMG,PLinter_dwtEnergy,93,False,30,
Accelerometer + EMG,GMinter_specEntropy,94,False,30,
Accelerometer + EMG,PLinter_waveformLength,95,False,30,
Accelerometer + EMG,MGinter_rmsVal,96,False,30,
Accelerometer + EMG,RFinter_peakToPeak,97,False,30,
Accelerometer + EMG,TAinter_mavVal,98,False,30,
Accelerometer + EMG,PLinter_sdVal,99,False,30,
Accelerometer + EMG,RFinter_domAmp,100,False,30,
Accelerometer + EMG,accy_psdMean,101,False,30,
Accelerometer + EMG,MGinter_mavVal,102,False,30,
Accelerometer + EMG,TAinter_logDetector,103,False,30,
Accelerometer + EMG,RFinter_sdVal,104,False,30,
Accelerometer + EMG,GMinter_mavVal,105,False,30,
Accelerometer + EMG,accy_meanFreq,106,False,30,
Accelerometer + EMG,accx_medianFreq,107,False,30,
Accelerometer + EMG,BFinter_sdVal,108,False,30,
Accelerometer + EMG,GMinter_logDetector,109,False,30,
Accelerometer + EMG,TAinter_meanPowerFreq,110,False,30,
Accelerometer + EMG,BFinter_meanVal,111,False,30,
Accelerometer + EMG,TAinter_psdMean,112,False,30,
Accelerometer + EMG,PLinter_rmsVal,113,False,30,
Accelerometer + EMG,BFinter_dwtEnergy,114,False,30,
Accelerometer + EMG,accz_psdAsymmetry,115,False,30,
Accelerometer + EMG,RFinter_cwtMean,116,False,30,
Accelerometer + EMG,MGinter_meanPowerFreq,117,False,30,
Accelerometer + EMG,MGinter_dwtEnergy,118,False,30,
Accelerometer + EMG,TAinter_meanFreq,119,False,30,
Accelerometer + EMG,RFinter_maxVal,120,False,30,
Accelerometer + EMG,MGinter_psdMean,121,False,30,
Accelerometer + EMG,RFinter_mavVal,122,False,30,
Accelerometer + EMG,MGinter_peakToPeak,123,False,30,
Accelerometer + EMG,GMinter_waveformLength,124,False,30,
Accelerometer + EMG,TAinter_rmsVal,125,False,30,
Accelerometer + EMG,MGinter_varVal,126,False,30,
Accelerometer + EMG,TAinter_dwtEnergy,127,False,30,
Accelerometer + EMG,RFinter_rmsVal,128,False,30,
Accelerometer + EMG,accx_psdAsymmetry,129,False,30,
Accelerometer + EMG,TAinter_sdVal,130,False,30,
Accelerometer + EMG,RFinter_logDetector,131,False,30,
Accelerometer + EMG,RFinter_varVal,132,False,30,
Accelerometer + EMG,BFinter_meanPowerFreq,133,False,30,
Accelerometer + EMG,BFinter_psdMean,134,False,30,
Accelerometer + EMG,PLinter_mavVal,135,False,30,
Accelerometer + EMG,PLinter_logDetector,136,False,30,
Accelerometer + EMG,TAinter_meanVal,137,False,30,
Accelerometer + EMG,PLinter_meanVal,138,False,30,
Accelerometer + EMG,MGinter_emdEnergy,139,False,30,
Accelerometer + EMG,BFinter_maxVal,140,False,30,
Accelerometer + EMG,BFinter_peakToPeak,141,False,30,
Accelerometer + EMG,MGinter_meanVal,142,False,30,
Accelerometer + EMG,MGinter_logDetector,143,False,30,
Accelerometer + EMG,PLinter_domAmp,144,False,30,
Accelerometer + EMG,RFinter_emdEnergy,145,False,30,
Accelerometer + EMG,MGinter_maxVal,146,False,30,
Accelerometer + EMG,TAinter_emdEnergy,147,False,30,
Accelerometer + EMG,BFinter_rmsVal,148,False,30,
Accelerometer + EMG,TAinter_maxVal,149,False,30,
Accelerometer + EMG,MGinter_domAmp,150,False,30,
Accelerometer + EMG,TAinter_varVal,151,False,30,
Accelerometer + EMG,GMinter_domAmp,152,False,30,
Accelerometer + EMG,RFinter_psdMean,153,False,30,
Accelerometer + EMG,RFinter_meanPowerFreq,154,False,30,
Accelerometer + EMG,TAinter_cwtMean,155,False,30,
Accelerometer + EMG,RFinter_dwtEnergy,156,False,30,
Accelerometer + EMG,TAinter_peakToPeak,157,False,30,
Accelerometer + EMG,GMinter_meanVal,158,False,30,
Accelerometer + EMG,BFinter_emdEnergy,159,False,30,
Accelerometer + EMG,RFinter_meanVal,160,False,30,
Accelerometer + EMG,BFinter_cvVal,1,True,40,0.7497778984359614
Accelerometer + EMG,accz_meanVal,1,True,40,0.600946336784288
Accelerometer + EMG,TAinter_harmonicRatio,1,True,40,0.5567169852477901
Accelerometer + EMG,MGinter_psdAsymmetry,1,True,40,0.5447969304532045
Accelerometer + EMG,MGinter_cvVal,1,True,40,0.5334728545517858
Accelerometer + EMG,RFinter_minVal,1,True,40,0.48721205993577926
Accelerometer + EMG,GMinter_psdAsymmetry,1,True,40,0.46024721804703655
Accelerometer + EMG,MGinter_domFreq,1,True,40,0.35729084786033666
Accelerometer + EMG,MGinter_minVal,1,True,40,0.3553526130338606
Accelerometer + EMG,accy_harmonicRatio,1,True,40,0.34912280952659613
Accelerometer + EMG,BFinter_logDetector,1,True,40,0.34237492719474316
Accelerometer + EMG,accx_minVal,1,True,40,0.33878672489779565
Accelerometer + EMG,BFinter_waveformLength,1,True,40,0.33248575750905457
Accelerometer + EMG,accz_domFreq,1,True,40,0.32609289527511504
Accelerometer + EMG,PLinter_harmonicRatio,1,True,40,0.31429332254551356
Accelerometer + EMG,accy_domAmp,1,True,40,0.31349963953125815
Accelerometer + EMG,GMinter_domFreq,1,True,40,0.310799469633569
Accelerometer + EMG,accy_maxVal,1,True,40,0.3073001622953903
Accelerometer + EMG,accx_psdMean,1,True,40,0.30611467202687637
Accelerometer + EMG,accx_rmsVal,1,True,40,0.3050280117589011
Accelerometer + EMG,accx_sdVal,1,True,40,0.3008192511020786
Accelerometer + EMG,PLinter_meanFreq,1,True,40,0.29959659875896966
Accelerometer + EMG,accx_varVal,1,True,40,0.29759753399636074
Accelerometer + EMG,TAinter_cvVal,1,True,40,0.2932632510008914
Accelerometer + EMG,accz_rmsVal,1,True,40,0.2908957734833862
Accelerometer + EMG,accx_meanVal,1,True,40,0.28634191674259674
Accelerometer + EMG,accx_mavVal,1,True,40,0.28622354327444527
Accelerometer + EMG,accz_sdVal,1,True,40,0.283825838489491
Accelerometer + EMG,PLinter_cvVal,1,True,40,0.28270578472751795
Accelerometer + EMG,accx_harmonicRatio,1,True,40,0.2721796260370928
Accelerometer + EMG,GMinter_emdEnergy,1,True,40,0.26658820912966974
Accelerometer + EMG,accx_cvVal,1,True,40,0.2653048158023203
Accelerometer + EMG,accx_domAmp,1,True,40,0.264258808064826
Accelerometer + EMG,GMinter_harmonicRatio,1,True,40,0.2634222152958528
Accelerometer + EMG,accy_medianFreq,1,True,40,0.24183979954083243
Accelerometer + EMG,PLinter_psdAsymmetry,1,True,40,0.22245348829501319
Accelerometer + EMG,accx_peakToPeak,1,True,40,0.21735195479441397
Accelerometer + EMG,MGinter_meanFreq,1,True,40,0.20414739425244488
Accelerometer + EMG,GMinter_cvVal,1,True,40,0.1936075368053193
Accelerometer + EMG,MGinter_medianFreq,1,True,40,0.18199283300801705
Accelerometer + EMG,accz_minVal,2,False,40,
Accelerometer + EMG,BFinter_specEntropy,3,False,40,
Accelerometer + EMG,accx_maxVal,4,False,40,
Accelerometer + EMG,accy_specEntropy,5,False,40,
Accelerometer + EMG,accx_domFreq,6,False,40,
Accelerometer + EMG,accz_harmonicRatio,7,False,40,
Accelerometer + EMG,PLinter_specEntropy,8,False,40,
Accelerometer + EMG,accy_rmsVal,9,False,40,
Accelerometer + EMG,RFinter_domFreq,10,False,40,
Accelerometer + EMG,accz_mavVal,11,False,40,
Accelerometer + EMG,RFinter_psdAsymmetry,12,False,40,
Accelerometer + EMG,TAinter_minVal,13,False,40,
Accelerometer + EMG,TAinter_domFreq,14,False,40,
Accelerometer + EMG,accy_peakToPeak,15,False,40,
Accelerometer + EMG,TAinter_psdAsymmetry,16,False,40,
Accelerometer + EMG,GMinter_varVal,17,False,40,
Accelerometer + EMG,accx_meanFreq,18,False,40,
Accelerometer + EMG,BFinter_meanFreq,19,False,40,
Accelerometer + EMG,RFinter_meanFreq,20,False,40,
Accelerometer + EMG,GMinter_maxVal,21,False,40,
Accelerometer + EMG,accy_meanVal,22,False,40,
Accelerometer + EMG,BFinter_psdAsymmetry,23,False,40,
Accelerometer + EMG,PLinter_maxVal,24,False,40,
Accelerometer + EMG,PLinter_varVal,25,False,40,
Accelerometer + EMG,PLinter_minVal,26,False,40,
Accelerometer + EMG,accz_meanFreq,27,False,40,
Accelerometer + EMG,GMinter_peakToPeak,28,False,40,
Accelerometer + EMG,BFinter_harmonicRatio,29,False,40,
Accelerometer + EMG,accy_minVal,30,False,40,
Accelerometer + EMG,accz_varVal,31,False,40,
Accelerometer + EMG,MGinter_waveformLength,32,False,40,
Accelerometer + EMG,GMinter_meanFreq,33,False,40,
Accelerometer + EMG,GMinter_medianFreq,34,False,40,
Accelerometer + EMG,PLinter_medianFreq,35,False,40,
Accelerometer + EMG,accz_psdMean,36,False,40,
Accelerometer + EMG,PLinter_peakToPeak,37,False,40,
Accelerometer + EMG,GMinter_meanPowerFreq,38,False,40,
Accelerometer + EMG,PLinter_domFreq,39,False,40,
Accelerometer + EMG,PLinter_psdMean,40,False,40,
Accelerometer + EMG,accz_peakToPeak,41,False,40,
Accelerometer + EMG,accz_specEntropy,42,False,40,
Accelerometer + EMG,accz_cvVal,43,False,40,
Accelerometer + EMG,accz_maxVal,44,False,40,
Accelerometer + EMG,accy_psdAsymmetry,45,False,40,
Accelerometer + EMG,BFinter_domFreq,46,False,40,
Accelerometer + EMG,accy_sdVal,47,False,40,
Accelerometer + EMG,PLinter_meanPowerFreq,48,False,40,
Accelerometer + EMG,BFinter_medianFreq,49,False,40,
Accelerometer + EMG,GMinter_psdMean,50,False,40,
Accelerometer + EMG,TAinter_domAmp,51,False,40,
Accelerometer + EMG,accx_specEntropy,52,False,40,
Accelerometer + EMG,RFinter_specEntropy,53,False,40,
Accelerometer + EMG,accz_medianFreq,54,False,40,
Accelerometer + EMG,accy_domFreq,55,False,40,
Accelerometer + EMG,accy_cvVal,56,False,40,
Accelerometer + EMG,GMinter_sdVal,57,False,40,
Accelerometer + EMG,TAinter_specEntropy,58,False,40,
Accelerometer + EMG,BFinter_mavVal,59,False,40,
Accelerometer + EMG,accy_mavVal,60,False,40,
Accelerometer + EMG,BFinter_varVal,61,False,40,
Accelerometer + EMG,GMinter_cwtMean,62,False,40,
Accelerometer + EMG,accy_varVal,63,False,40,
Accelerometer + EMG,GMinter_dwtEnergy,64,False,40,
Accelerometer + EMG,TAinter_medianFreq,65,False,40,
Accelerometer + EMG,RFinter_cvVal,66,False,40,
Accelerometer + EMG,accz_domAmp,67,False,40,
Accelerometer + EMG,TAinter_waveformLength,68,False,40,
Accelerometer + EMG,PLinter_emdEnergy,69,False,40,
Accelerometer + EMG,BFinter_cwtMean,70,False,40,
Accelerometer + EMG,GMinter_rmsVal,71,False,40,
Accelerometer + EMG,BFinter_minVal,72,False,40,
Accelerometer + EMG,MGinter_cwtMean,73,False,40,
Accelerometer + EMG,RFinter_medianFreq,74,False,40,
Accelerometer + EMG,MGinter_sdVal,75,False,40,
Accelerometer + EMG,BFinter_domAmp,76,False,40,
Accelerometer + EMG,MGinter_specEntropy,77,False,40,
Accelerometer + EMG,MGinter_harmonicRatio,78,False,40,
Accelerometer + EMG,RFinter_harmonicRatio,79,False,40,
Accelerometer + EMG,PLinter_cwtMean,80,False,40,
Accelerometer + EMG,RFinter_waveformLength,81,False,40,
Accelerometer + EMG,GMinter_minVal,82,False,40,
Accelerometer + EMG,PLinter_dwtEnergy,83,False,40,
Accelerometer + EMG,GMinter_specEntropy,84,False,40,
Accelerometer + EMG,PLinter_waveformLength,85,False,40,
Accelerometer + EMG,MGinter_rmsVal,86,False,40,
Accelerometer + EMG,RFinter_peakToPeak,87,False,40,
Accelerometer + EMG,TAinter_mavVal,88,False,40,
Accelerometer + EMG,PLinter_sdVal,89,False,40,
Accelerometer + EMG,RFinter_domAmp,90,False,40,
Accelerometer + EMG,accy_psdMean,91,False,40,
Accelerometer + EMG,MGinter_mavVal,92,False,40,
Accelerometer + EMG,TAinter_logDetector,93,False,40,
Accelerometer + EMG,RFinter_sdVal,94,False,40,
Accelerometer + EMG,GMinter_mavVal,95,False,40,
Accelerometer + EMG,accy_meanFreq,96,False,40,
Accelerometer + EMG,accx_medianFreq,97,False,40,
Accelerometer + EMG,BFinter_sdVal,98,False,40,
Accelerometer + EMG,GMinter_logDetector,99,False,40,
Accelerometer + EMG,TAinter_meanPowerFreq,100,False,40,
Accelerometer + EMG,BFinter_meanVal,101,False,40,
Accelerometer + EMG,TAinter_psdMean,102,False,40,
Accelerometer + EMG,PLinter_rmsVal,103,False,40,
Accelerometer + EMG,BFinter_dwtEnergy,104,False,40,
Accelerometer + EMG,accz_psdAsymmetry,105,False,40,
Accelerometer + EMG,RFinter_cwtMean,106,False,40,
Accelerometer + EMG,MGinter_meanPowerFreq,107,False,40,
Accelerometer + EMG,MGinter_dwtEnergy,108,False,40,
Accelerometer + EMG,TAinter_meanFreq,109,False,40,
Accelerometer + EMG,RFinter_maxVal,110,False,40,
Accelerometer + EMG,MGinter_psdMean,111,False,40,
Accelerometer + EMG,RFinter_mavVal,112,False,40,
Accelerometer + EMG,MGinter_peakToPeak,113,False,40,
Accelerometer + EMG,GMinter_waveformLength,114,False,40,
Accelerometer + EMG,TAinter_rmsVal,115,False,40,
Accelerometer + EMG,MGinter_varVal,116,False,40,
Accelerometer + EMG,TAinter_dwtEnergy,117,False,40,
Accelerometer + EMG,RFinter_rmsVal,118,False,40,
Accelerometer + EMG,accx_psdAsymmetry,119,False,40,
Accelerometer + EMG,TAinter_sdVal,120,False,40,
Accelerometer + EMG,RFinter_logDetector,121,False,40,
Accelerometer + EMG,RFinter_varVal,122,False,40,
Accelerometer + EMG,BFinter_meanPowerFreq,123,False,40,
Accelerometer + EMG,BFinter_psdMean,124,False,40,
Accelerometer + EMG,PLinter_mavVal,125,False,40,
Accelerometer + EMG,PLinter_logDetector,126,False,40,
Accelerometer + EMG,TAinter_meanVal,127,False,40,
Accelerometer + EMG,PLinter_meanVal,128,False,40,
Accelerometer + EMG,MGinter_emdEnergy,129,False,40,
Accelerometer + EMG,BFinter_maxVal,130,False,40,
Accelerometer + EMG,BFinter_peakToPeak,131,False,40,
Accelerometer + EMG,MGinter_meanVal,132,False,40,
Accelerometer + EMG,MGinter_logDetector,133,False,40,
Accelerometer + EMG,PLinter_domAmp,134,False,40,
Accelerometer + EMG,RFinter_emdEnergy,135,False,40,
Accelerometer + EMG,MGinter_maxVal,136,False,40,
Accelerometer + EMG,TAinter_emdEnergy,137,False,40,
Accelerometer + EMG,BFinter_rmsVal,138,False,40,
Accelerometer + EMG,TAinter_maxVal,139,False,40,
Accelerometer + EMG,MGinter_domAmp,140,False,40,
Accelerometer + EMG,TAinter_varVal,141,False,40,
Accelerometer + EMG,GMinter_domAmp,142,False,40,
Accelerometer + EMG,RFinter_psdMean,143,False,40,
Accelerometer + EMG,RFinter_meanPowerFreq,144,False,40,
Accelerometer + EMG,TAinter_cwtMean,145,False,40,
Accelerometer + EMG,RFinter_dwtEnergy,146,False,40,
Accelerometer + EMG,TAinter_peakToPeak,147,False,40,
Accelerometer + EMG,GMinter_meanVal,148,False,40,
Accelerometer + EMG,BFinter_emdEnergy,149,False,40,
Accelerometer + EMG,RFinter_meanVal,150,False,40,
Accelerometer + EMG,BFinter_cvVal,1,True,50,0.718144417753345
Accelerometer + EMG,accz_meanVal,1,True,50,0.5663300979440767
Accelerometer + EMG,TAinter_harmonicRatio,1,True,50,0.5528928309025685
Accelerometer + EMG,MGinter_cvVal,1,True,50,0.5268268908168062
Accelerometer + EMG,MGinter_psdAsymmetry,1,True,50,0.5001680529723891
Accelerometer + EMG,RFinter_minVal,1,True,50,0.4821664637341909
Accelerometer + EMG,GMinter_psdAsymmetry,1,True,50,0.4189421200485503
Accelerometer + EMG,PLinter_harmonicRatio,1,True,50,0.35818717510229375
Accelerometer + EMG,accx_minVal,1,True,50,0.3501289181393417
Accelerometer + EMG,accx_domAmp,1,True,50,0.34690690757207204
Accelerometer + EMG,accz_domFreq,1,True,50,0.34379375800972795
Accelerometer + EMG,MGinter_domFreq,1,True,50,0.32037971683230704
Accelerometer + EMG,MGinter_minVal,1,True,50,0.31700993298312435
Accelerometer + EMG,accy_maxVal,1,True,50,0.3026420340282457
Accelerometer + EMG,accy_harmonicRatio,1,True,50,0.2947657332995031
Accelerometer + EMG,GMinter_harmonicRatio,1,True,50,0.28640601779733227
Accelerometer + EMG,accx_psdMean,1,True,50,0.28338710484709745
Accelerometer + EMG,accx_rmsVal,1,True,50,0.28170304135518554
Accelerometer + EMG,PLinter_cvVal,1,True,50,0.2810077344246671
Accelerometer + EMG,GMinter_domFreq,1,True,50,0.27830120256237323
Accelerometer + EMG,BFinter_logDetector,1,True,50,0.27796004792703144
Accelerometer + EMG,accx_sdVal,1,True,50,0.2743555391009211
Accelerometer + EMG,accy_domAmp,1,True,50,0.27368369954760263
Accelerometer + EMG,accx_varVal,1,True,50,0.27124100734769446
Accelerometer + EMG,accx_meanVal,1,True,50,0.26641306668502457
Accelerometer + EMG,accx_mavVal,1,True,50,0.26618790542751053
Accelerometer + EMG,accz_rmsVal,1,True,50,0.2567256039969739
Accelerometer + EMG,TAinter_cvVal,1,True,50,0.24898255524066912
Accelerometer + EMG,BFinter_waveformLength,1,True,50,0.24181904519650232
Accelerometer + EMG,accx_harmonicRatio,1,True,50,0.24178279682645454
Accelerometer + EMG,accx_cvVal,1,True,50,0.23789309830523875
Accelerometer + EMG,accz_sdVal,1,True,50,0.23054567662575529
Accelerometer + EMG,GMinter_emdEnergy,1,True,50,0.22969058095388642
Accelerometer + EMG,MGinter_meanFreq,1,True,50,0.22836544148918558
Accelerometer + EMG,accz_minVal,1,True,50,0.22802731096457227
Accelerometer + EMG,accz_harmonicRatio,1,True,50,0.22243944936689242
Accelerometer + EMG,accx_peakToPeak,1,True,50,0.22079344113847052
Accelerometer + EMG,accy_specEntropy,1,True,50,0.22052317878500774
Accelerometer + EMG,PLinter_meanFreq,1,True,50,0.21447870625076115
Accelerometer + EMG,MGinter_medianFreq,1,True,50,0.20485951273170297
Accelerometer + EMG,accy_medianFreq,1,True,50,0.20398676140458405
Accelerometer + EMG,GMinter_cvVal,1,True,50,0.20380044520477325
Accelerometer + EMG,accx_maxVal,1,True,50,0.20032508111314662
Accelerometer + EMG,PLinter_psdAsymmetry,1,True,50,0.1958113055316847
Accelerometer + EMG,accx_domFreq,1,True,50,0.19334220268922206
Accelerometer + EMG,accz_mavVal,1,True,50,0.18999750663821083
Accelerometer + EMG,BFinter_specEntropy,1,True,50,0.18961598127244703
Accelerometer + EMG,PLinter_specEntropy,1,True,50,0.17754964468467574
Accelerometer + EMG,accy_rmsVal,1,True,50,0.1750637146286652
Accelerometer + EMG,RFinter_domFreq,1,True,50,0.172624955739453
Accelerometer + EMG,RFinter_psdAsymmetry,2,False,50,
Accelerometer + EMG,TAinter_minVal,3,False,50,
Accelerometer + EMG,TAinter_domFreq,4,False,50,
Accelerometer + EMG,accy_peakToPeak,5,False,50,
Accelerometer + EMG,TAinter_psdAsymmetry,6,False,50,
Accelerometer + EMG,GMinter_varVal,7,False,50,
Accelerometer + EMG,accx_meanFreq,8,False,50,
Accelerometer + EMG,BFinter_meanFreq,9,False,50,
Accelerometer + EMG,RFinter_meanFreq,10,False,50,
Accelerometer + EMG,GMinter_maxVal,11,False,50,
Accelerometer + EMG,accy_meanVal,12,False,50,
Accelerometer + EMG,BFinter_psdAsymmetry,13,False,50,
Accelerometer + EMG,PLinter_maxVal,14,False,50,
Accelerometer + EMG,PLinter_varVal,15,False,50,
Accelerometer + EMG,PLinter_minVal,16,False,50,
Accelerometer + EMG,accz_meanFreq,17,False,50,
Accelerometer + EMG,GMinter_peakToPeak,18,False,50,
Accelerometer + EMG,BFinter_harmonicRatio,19,False,50,
Accelerometer + EMG,accy_minVal,20,False,50,
Accelerometer + EMG,accz_varVal,21,False,50,
Accelerometer + EMG,MGinter_waveformLength,22,False,50,
Accelerometer + EMG,GMinter_meanFreq,23,False,50,
Accelerometer + EMG,GMinter_medianFreq,24,False,50,
Accelerometer + EMG,PLinter_medianFreq,25,False,50,
Accelerometer + EMG,accz_psdMean,26,False,50,
Accelerometer + EMG,PLinter_peakToPeak,27,False,50,
Accelerometer + EMG,GMinter_meanPowerFreq,28,False,50,
Accelerometer + EMG,PLinter_domFreq,29,False,50,
Accelerometer + EMG,PLinter_psdMean,30,False,50,
Accelerometer + EMG,accz_peakToPeak,31,False,50,
Accelerometer + EMG,accz_specEntropy,32,False,50,
Accelerometer + EMG,accz_cvVal,33,False,50,
Accelerometer + EMG,accz_maxVal,34,False,50,
Accelerometer + EMG,accy_psdAsymmetry,35,False,50,
Accelerometer + EMG,BFinter_domFreq,36,False,50,
Accelerometer + EMG,accy_sdVal,37,False,50,
Accelerometer + EMG,PLinter_meanPowerFreq,38,False,50,
Accelerometer + EMG,BFinter_medianFreq,39,False,50,
Accelerometer + EMG,GMinter_psdMean,40,False,50,
Accelerometer + EMG,TAinter_domAmp,41,False,50,
Accelerometer + EMG,accx_specEntropy,42,False,50,
Accelerometer + EMG,RFinter_specEntropy,43,False,50,
Accelerometer + EMG,accz_medianFreq,44,False,50,
Accelerometer + EMG,accy_domFreq,45,False,50,
Accelerometer + EMG,accy_cvVal,46,False,50,
Accelerometer + EMG,GMinter_sdVal,47,False,50,
Accelerometer + EMG,TAinter_specEntropy,48,False,50,
Accelerometer + EMG,BFinter_mavVal,49,False,50,
Accelerometer + EMG,accy_mavVal,50,False,50,
Accelerometer + EMG,BFinter_varVal,51,False,50,
Accelerometer + EMG,GMinter_cwtMean,52,False,50,
Accelerometer + EMG,accy_varVal,53,False,50,
Accelerometer + EMG,GMinter_dwtEnergy,54,False,50,
Accelerometer + EMG,TAinter_medianFreq,55,False,50,
Accelerometer + EMG,RFinter_cvVal,56,False,50,
Accelerometer + EMG,accz_domAmp,57,False,50,
Accelerometer + EMG,TAinter_waveformLength,58,False,50,
Accelerometer + EMG,PLinter_emdEnergy,59,False,50,
Accelerometer + EMG,BFinter_cwtMean,60,False,50,
Accelerometer + EMG,GMinter_rmsVal,61,False,50,
Accelerometer + EMG,BFinter_minVal,62,False,50,
Accelerometer + EMG,MGinter_cwtMean,63,False,50,
Accelerometer + EMG,RFinter_medianFreq,64,False,50,
Accelerometer + EMG,MGinter_sdVal,65,False,50,
Accelerometer + EMG,BFinter_domAmp,66,False,50,
Accelerometer + EMG,MGinter_specEntropy,67,False,50,
Accelerometer + EMG,MGinter_harmonicRatio,68,False,50,
Accelerometer + EMG,RFinter_harmonicRatio,69,False,50,
Accelerometer + EMG,PLinter_cwtMean,70,False,50,
Accelerometer + EMG,RFinter_waveformLength,71,False,50,
Accelerometer + EMG,GMinter_minVal,72,False,50,
Accelerometer + EMG,PLinter_dwtEnergy,73,False,50,
Accelerometer + EMG,GMinter_specEntropy,74,False,50,
Accelerometer + EMG,PLinter_waveformLength,75,False,50,
Accelerometer + EMG,MGinter_rmsVal,76,False,50,
Accelerometer + EMG,RFinter_peakToPeak,77,False,50,
Accelerometer + EMG,TAinter_mavVal,78,False,50,
Accelerometer + EMG,PLinter_sdVal,79,False,50,
Accelerometer + EMG,RFinter_domAmp,80,False,50,
Accelerometer + EMG,accy_psdMean,81,False,50,
Accelerometer + EMG,MGinter_mavVal,82,False,50,
Accelerometer + EMG,TAinter_logDetector,83,False,50,
Accelerometer + EMG,RFinter_sdVal,84,False,50,
Accelerometer + EMG,GMinter_mavVal,85,False,50,
Accelerometer + EMG,accy_meanFreq,86,False,50,
Accelerometer + EMG,accx_medianFreq,87,False,50,
Accelerometer + EMG,BFinter_sdVal,88,False,50,
Accelerometer + EMG,GMinter_logDetector,89,False,50,
Accelerometer + EMG,TAinter_meanPowerFreq,90,False,50,
Accelerometer + EMG,BFinter_meanVal,91,False,50,
Accelerometer + EMG,TAinter_psdMean,92,False,50,
Accelerometer + EMG,PLinter_rmsVal,93,False,50,
Accelerometer + EMG,BFinter_dwtEnergy,94,False,50,
Accelerometer + EMG,accz_psdAsymmetry,95,False,50,
Accelerometer + EMG,RFinter_cwtMean,96,False,50,
Accelerometer + EMG,MGinter_meanPowerFreq,97,False,50,
Accelerometer + EMG,MGinter_dwtEnergy,98,False,50,
Accelerometer + EMG,TAinter_meanFreq,99,False,50,
Accelerometer + EMG,RFinter_maxVal,100,False,50,
Accelerometer + EMG,MGinter_psdMean,101,False,50,
Accelerometer + EMG,RFinter_mavVal,102,False,50,
Accelerometer + EMG,MGinter_peakToPeak,103,False,50,
Accelerometer + EMG,GMinter_waveformLength,104,False,50,
Accelerometer + EMG,TAinter_rmsVal,105,False,50,
Accelerometer + EMG,MGinter_varVal,106,False,50,
Accelerometer + EMG,TAinter_dwtEnergy,107,False,50,
Accelerometer + EMG,RFinter_rmsVal,108,False,50,
Accelerometer + EMG,accx_psdAsymmetry,109,False,50,
Accelerometer + EMG,TAinter_sdVal,110,False,50,
Accelerometer + EMG,RFinter_logDetector,111,False,50,
Accelerometer + EMG,RFinter_varVal,112,False,50,
Accelerometer + EMG,BFinter_meanPowerFreq,113,False,50,
Accelerometer + EMG,BFinter_psdMean,114,False,50,
Accelerometer + EMG,PLinter_mavVal,115,False,50,
Accelerometer + EMG,PLinter_logDetector,116,False,50,
Accelerometer + EMG,TAinter_meanVal,117,False,50,
Accelerometer + EMG,PLinter_meanVal,118,False,50,
Accelerometer + EMG,MGinter_emdEnergy,119,False,50,
Accelerometer + EMG,BFinter_maxVal,120,False,50,
Accelerometer + EMG,BFinter_peakToPeak,121,False,50,
Accelerometer + EMG,MGinter_meanVal,122,False,50,
Accelerometer + EMG,MGinter_logDetector,123,False,50,
Accelerometer + EMG,PLinter_domAmp,124,False,50,
Accelerometer + EMG,RFinter_emdEnergy,125,False,50,
Accelerometer + EMG,MGinter_maxVal,126,False,50,
Accelerometer + EMG,TAinter_emdEnergy,127,False,50,
Accelerometer + EMG,BFinter_rmsVal,128,False,50,
Accelerometer + EMG,TAinter_maxVal,129,False,50,
Accelerometer + EMG,MGinter_domAmp,130,False,50,
Accelerometer + EMG,TAinter_varVal,131,False,50,
Accelerometer + EMG,GMinter_domAmp,132,False,50,
Accelerometer + EMG,RFinter_psdMean,133,False,50,
Accelerometer + EMG,RFinter_meanPowerFreq,134,False,50,
Accelerometer + EMG,TAinter_cwtMean,135,False,50,
Accelerometer + EMG,RFinter_dwtEnergy,136,False,50,
Accelerometer + EMG,TAinter_peakToPeak,137,False,50,
Accelerometer + EMG,GMinter_meanVal,138,False,50,
Accelerometer + EMG,BFinter_emdEnergy,139,False,50,
Accelerometer + EMG,RFinter_meanVal,140,False,50,
Accelerometer + EMG,BFinter_cvVal,1,True,189,0.6574160356704298
Accelerometer + EMG,TAinter_harmonicRatio,1,True,189,0.5500387930283938
Accelerometer + EMG,MGinter_cvVal,1,True,189,0.4897047421497978
Accelerometer + EMG,accz_meanVal,1,True,189,0.4868202390045527
Accelerometer + EMG,MGinter_psdAsymmetry,1,True,189,0.48536676818244134
Accelerometer + EMG,RFinter_minVal,1,True,189,0.45579455150858766
Accelerometer + EMG,GMinter_psdAsymmetry,1,True,189,0.3475591508989659
Accelerometer + EMG,PLinter_harmonicRatio,1,True,189,0.3411208169830007
Accelerometer + EMG,MGinter_minVal,1,True,189,0.3179131841893834
Accelerometer + EMG,accz_domFreq,1,True,189,0.31744598332919943
Accelerometer + EMG,PLinter_cvVal,1,True,189,0.31221454252686204
Accelerometer + EMG,GMinter_domFreq,1,True,189,0.2811764579566078
Accelerometer + EMG,accx_domAmp,1,True,189,0.276514859729101
Accelerometer + EMG,MGinter_domFreq,1,True,189,0.2762752979897841
Accelerometer + EMG,accx_minVal,1,True,189,0.2740604527735558
Accelerometer + EMG,accx_rmsVal,1,True,189,0.2698274892489807
Accelerometer + EMG,accx_psdMean,1,True,189,0.2697688010688957
Accelerometer + EMG,TAinter_cvVal,1,True,189,0.26452206991767924
Accelerometer + EMG,accx_meanVal,1,True,189,0.257950300443678
Accelerometer + EMG,accx_mavVal,1,True,189,0.2578092995077385
Accelerometer + EMG,accy_harmonicRatio,1,True,189,0.2566594379932908
Accelerometer + EMG,accy_domAmp,1,True,189,0.2538211428081684
Accelerometer + EMG,GMinter_harmonicRatio,1,True,189,0.25350224348865097
Accelerometer + EMG,accx_varVal,1,True,189,0.25314796716790544
Accelerometer + EMG,accx_sdVal,1,True,189,0.2506338425421957
Accelerometer + EMG,GMinter_cvVal,1,True,189,0.23781234233772763
Accelerometer + EMG,accy_maxVal,1,True,189,0.23201718145995218
Accelerometer + EMG,MGinter_meanFreq,1,True,189,0.22554374997387514
Accelerometer + EMG,accx_harmonicRatio,1,True,189,0.22285936743213777
Accelerometer + EMG,accz_harmonicRatio,1,True,189,0.2211161039879507
Accelerometer + EMG,accx_cvVal,1,True,189,0.21378030200131093
Accelerometer + EMG,accy_medianFreq,1,True,189,0.21374635749297258
Accelerometer + EMG,BFinter_specEntropy,1,True,189,0.21155256606855907
Accelerometer + EMG,MGinter_medianFreq,1,True,189,0.20070804887581692
Accelerometer + EMG,accz_minVal,1,True,189,0.1986520224201649
Accelerometer + EMG,accy_specEntropy,1,True,189,0.19557066500271447
Accelerometer + EMG,accx_maxVal,1,True,189,0.19532609956937944
Accelerometer + EMG,accz_rmsVal,1,True,189,0.18652825037003598
Accelerometer + EMG,accz_sdVal,1,True,189,0.18613492888006436
Accelerometer + EMG,TAinter_domFreq,1,True,189,0.17865470626365101
Accelerometer + EMG,TAinter_psdAsymmetry,1,True,189,0.17781190987582574
Accelerometer + EMG,RFinter_psdAsymmetry,1,True,189,0.17492108275205512
Accelerometer + EMG,accx_peakToPeak,1,True,189,0.1745994339492314
Accelerometer + EMG,PLinter_psdAsymmetry,1,True,189,0.17223433011635403
Accelerometer + EMG,accx_domFreq,1,True,189,0.16884409733265848
Accelerometer + EMG,TAinter_minVal,1,True,189,0.16582841889522296
Accelerometer + EMG,BFinter_logDetector,1,True,189,0.1597637170242409
Accelerometer + EMG,RFinter_domFreq,1,True,189,0.15650981652004906
Accelerometer + EMG,accy_rmsVal,1,True,189,0.1535735725911839
Accelerometer + EMG,PLinter_meanFreq,1,True,189,0.1493528977173563
Accelerometer + EMG,BFinter_psdAsymmetry,1,True,189,0.1452288063372302
Accelerometer + EMG,accx_meanFreq,1,True,189,0.1402741147355784
Accelerometer + EMG,BFinter_waveformLength,1,True,189,0.13810507964454008
Accelerometer + EMG,accy_peakToPeak,1,True,189,0.12967355233795874
Accelerometer + EMG,PLinter_specEntropy,1,True,189,0.12490189958257618
Accelerometer + EMG,RFinter_meanFreq,1,True,189,0.12288970364663672
Accelerometer + EMG,accz_mavVal,1,True,189,0.12067659938891355
Accelerometer + EMG,GMinter_meanFreq,1,True,189,0.11701149235741133
Accelerometer + EMG,PLinter_minVal,1,True,189,0.11472297533766986
Accelerometer + EMG,accy_meanVal,1,True,189,0.11420358817333448
Accelerometer + EMG,BFinter_harmonicRatio,1,True,189,0.1117818034722522
Accelerometer + EMG,BFinter_meanFreq,1,True,189,0.1090403013316168
Accelerometer + EMG,accz_specEntropy,1,True,189,0.10387224723702004
Accelerometer + EMG,accz_varVal,1,True,189,0.10036412580545462
Accelerometer + EMG,accz_psdMean,1,True,189,0.09673882471608168
Accelerometer + EMG,accz_maxVal,1,True,189,0.09549540437395687
Accelerometer + EMG,GMinter_medianFreq,1,True,189,0.09462002518971264
Accelerometer + EMG,accy_minVal,1,True,189,0.09238026570101837
Accelerometer + EMG,PLinter_medianFreq,1,True,189,0.09045364258108268
Accelerometer + EMG,RFinter_specEntropy,1,True,189,0.08907555835057916
Accelerometer + EMG,GMinter_emdEnergy,1,True,189,0.08843526430659705
Accelerometer + EMG,accy_domFreq,1,True,189,0.08695213358109037
Accelerometer + EMG,accz_cvVal,1,True,189,0.08423387967977813
Accelerometer + EMG,MGinter_waveformLength,1,True,189,0.08322973324206032
Accelerometer + EMG,PLinter_maxVal,1,True,189,0.08308375400893425
Accelerometer + EMG,accx_specEntropy,1,True,189,0.0803922930440809
Accelerometer + EMG,PLinter_peakToPeak,1,True,189,0.07713908660206324
Accelerometer + EMG,BFinter_medianFreq,1,True,189,0.07630122525960471
Accelerometer + EMG,accz_peakToPeak,1,True,189,0.07390607376368853
Accelerometer + EMG,accy_sdVal,1,True,189,0.07304736058262627
Accelerometer + EMG,GMinter_peakToPeak,1,True,189,0.0728342580951125
Accelerometer + EMG,TAinter_specEntropy,1,True,189,0.07276842994102493
Accelerometer + EMG,GMinter_maxVal,1,True,189,0.07262883880047899
Accelerometer + EMG,GMinter_varVal,1,True,189,0.07127578195033564
Accelerometer + EMG,PLinter_domFreq,1,True,189,0.06930879601527624
Accelerometer + EMG,TAinter_domAmp,1,True,189,0.06740205694390432
Accelerometer + EMG,accy_psdAsymmetry,1,True,189,0.06693583093180332
Accelerometer + EMG,accy_varVal,1,True,189,0.06683144862527046
Accelerometer + EMG,BFinter_domFreq,1,True,189,0.06617710230284143
Accelerometer + EMG,accz_domAmp,1,True,189,0.06603268838746654
Accelerometer + EMG,accz_medianFreq,1,True,189,0.06563650384690012
Accelerometer + EMG,TAinter_medianFreq,1,True,189,0.0641237345888609
Accelerometer + EMG,PLinter_varVal,1,True,189,0.06401497987636263
Accelerometer + EMG,GMinter_psdMean,1,True,189,0.06353240127344356
Accelerometer + EMG,GMinter_meanPowerFreq,1,True,189,0.06353240127344356
Accelerometer + EMG,BFinter_mavVal,1,True,189,0.06336537122761321
Accelerometer + EMG,accy_cvVal,1,True,189,0.06319485339456186
Accelerometer + EMG,GMinter_cwtMean,1,True,189,0.06310314787415829
Accelerometer + EMG,accy_mavVal,1,True,189,0.06301270809305835
Accelerometer + EMG,GMinter_sdVal,1,True,189,0.06293445364862889
Accelerometer + EMG,accz_meanFreq,1,True,189,0.06259862320925176
Accelerometer + EMG,BFinter_minVal,1,True,189,0.06234487851678849
Accelerometer + EMG,GMinter_dwtEnergy,1,True,189,0.060737023331356076
Accelerometer + EMG,MGinter_specEntropy,1,True,189,0.05736261098219728
Accelerometer + EMG,RFinter_cvVal,1,True,189,0.05685481590144093
Accelerometer + EMG,PLinter_psdMean,1,True,189,0.05659439527425277
Accelerometer + EMG,PLinter_meanPowerFreq,1,True,189,0.05659439527425277
Accelerometer + EMG,BFinter_varVal,1,True,189,0.056592485061505195
Accelerometer + EMG,MGinter_sdVal,1,True,189,0.054751814940336686
Accelerometer + EMG,TAinter_waveformLength,1,True,189,0.0545978310146297
Accelerometer + EMG,BFinter_cwtMean,1,True,189,0.053041843528085296
Accelerometer + EMG,GMinter_rmsVal,1,True,189,0.05256649617929923
Accelerometer + EMG,MGinter_cwtMean,1,True,189,0.0505386076862027
Accelerometer + EMG,RFinter_medianFreq,1,True,189,0.05040617168895359
Accelerometer + EMG,PLinter_emdEnergy,1,True,189,0.048535497598223364
Accelerometer + EMG,BFinter_domAmp,1,True,189,0.047646517793080455
Accelerometer + EMG,MGinter_rmsVal,1,True,189,0.046482456592024525
Accelerometer + EMG,GMinter_specEntropy,1,True,189,0.046145204560258744
Accelerometer + EMG,RFinter_harmonicRatio,1,True,189,0.044222419140447826
Accelerometer + EMG,MGinter_harmonicRatio,1,True,189,0.04389845058164024
Accelerometer + EMG,accy_psdMean,1,True,189,0.0419363295075193
Accelerometer + EMG,MGinter_mavVal,1,True,189,0.041521417298575204
Accelerometer + EMG,PLinter_dwtEnergy,1,True,189,0.04107203525102843
Accelerometer + EMG,PLinter_sdVal,1,True,189,0.04048642480586387
Accelerometer + EMG,RFinter_waveformLength,1,True,189,0.04046201842823575
Accelerometer + EMG,PLinter_cwtMean,1,True,189,0.03975824614090423
Accelerometer + EMG,PLinter_waveformLength,1,True,189,0.037807319994623716
Accelerometer + EMG,TAinter_logDetector,1,True,189,0.036779957325926434
Accelerometer + EMG,accx_medianFreq,1,True,189,0.036236927244868315
Accelerometer + EMG,RFinter_peakToPeak,1,True,189,0.03577885203097949
Accelerometer + EMG,accy_meanFreq,1,True,189,0.035639647577721166
Accelerometer + EMG,RFinter_domAmp,1,True,189,0.03545215653504418
Accelerometer + EMG,GMinter_mavVal,1,True,189,0.0354277630541055
Accelerometer + EMG,GMinter_logDetector,1,True,189,0.035306918778525744
Accelerometer + EMG,GMinter_minVal,1,True,189,0.03430049027866041
Accelerometer + EMG,TAinter_mavVal,1,True,189,0.03427455535324045
Accelerometer + EMG,RFinter_sdVal,1,True,189,0.03339232605879873
Accelerometer + EMG,BFinter_meanVal,1,True,189,0.03238761934877433
Accelerometer + EMG,PLinter_rmsVal,1,True,189,0.03215791201711836
Accelerometer + EMG,RFinter_cwtMean,1,True,189,0.030436874396162567
Accelerometer + EMG,BFinter_sdVal,1,True,189,0.029347844566181502
Accelerometer + EMG,MGinter_dwtEnergy,1,True,189,0.028988069949121464
Accelerometer + EMG,accz_psdAsymmetry,1,True,189,0.028726116825815495
Accelerometer + EMG,RFinter_maxVal,1,True,189,0.028625360120473994
Accelerometer + EMG,BFinter_dwtEnergy,1,True,189,0.028433915065788722
Accelerometer + EMG,TAinter_psdMean,1,True,189,0.028349761257258063
Accelerometer + EMG,TAinter_meanPowerFreq,1,True,189,0.028349761257258063
Accelerometer + EMG,MGinter_peakToPeak,1,True,189,0.028338700784803408
Accelerometer + EMG,TAinter_meanFreq,1,True,189,0.02828627723729542
Accelerometer + EMG,TAinter_rmsVal,1,True,189,0.027297771071391964
Accelerometer + EMG,TAinter_sdVal,1,True,189,0.026871688525373305
Accelerometer + EMG,RFinter_rmsVal,1,True,189,0.02660880713810535
Accelerometer + EMG,GMinter_waveformLength,1,True,189,0.026305228578841544
Accelerometer + EMG,TAinter_dwtEnergy,1,True,189,0.026116776949282813
Accelerometer + EMG,MGinter_varVal,1,True,189,0.026084912884561415
Accelerometer + EMG,RFinter_mavVal,1,True,189,0.02590293165475523
Accelerometer + EMG,accx_psdAsymmetry,1,True,189,0.025322865475456553
Accelerometer + EMG,MGinter_psdMean,1,True,189,0.025226278756683398
Accelerometer + EMG,MGinter_meanPowerFreq,1,True,189,0.025226278756683398
Accelerometer + EMG,RFinter_varVal,1,True,189,0.023253650426520233
Accelerometer + EMG,PLinter_logDetector,1,True,189,0.02153890401874904
Accelerometer + EMG,RFinter_logDetector,1,True,189,0.020765025964465986
Accelerometer + EMG,BFinter_psdMean,1,True,189,0.020510667206350554
Accelerometer + EMG,BFinter_meanPowerFreq,1,True,189,0.020510667206350554
Accelerometer + EMG,TAinter_meanVal,1,True,189,0.01973297661690009
Accelerometer + EMG,PLinter_mavVal,1,True,189,0.01889891030379399
Accelerometer + EMG,PLinter_meanVal,1,True,189,0.017768906841180664
Accelerometer + EMG,BFinter_maxVal,1,True,189,0.017503660502569386
Accelerometer + EMG,BFinter_peakToPeak,1,True,189,0.01643452282885064
Accelerometer + EMG,MGinter_emdEnergy,1,True,189,0.01608978857541436
Accelerometer + EMG,MGinter_meanVal,1,True,189,0.01582430406481346
Accelerometer + EMG,MGinter_maxVal,1,True,189,0.014033484372155148
Accelerometer + EMG,MGinter_logDetector,1,True,189,0.013586450300237802
Accelerometer + EMG,PLinter_domAmp,1,True,189,0.012713941008462093
Accelerometer + EMG,RFinter_emdEnergy,1,True,189,0.012199721414913782
Accelerometer + EMG,BFinter_rmsVal,1,True,189,0.011428320857538476
Accelerometer + EMG,TAinter_emdEnergy,1,True,189,0.010037821142132291
Accelerometer + EMG,MGinter_domAmp,1,True,189,0.009451879091192458
Accelerometer + EMG,TAinter_maxVal,1,True,189,0.009106033672763313
Accelerometer + EMG,TAinter_varVal,1,True,189,0.008265681795189056
Accelerometer + EMG,GMinter_domAmp,1,True,189,0.007897879987408344
Accelerometer + EMG,RFinter_psdMean,1,True,189,0.007739216328998595
Accelerometer + EMG,RFinter_meanPowerFreq,1,True,189,0.007739216328998595
Accelerometer + EMG,TAinter_cwtMean,1,True,189,0.0064336527588095375
Accelerometer + EMG,GMinter_meanVal,1,True,189,0.006196800213913757
Accelerometer + EMG,RFinter_dwtEnergy,1,True,189,0.005924159855966456
Accelerometer + EMG,TAinter_peakToPeak,1,True,189,0.005882051861506734
Accelerometer + EMG,BFinter_emdEnergy,1,True,189,0.00551765279185449
Accelerometer + EMG,RFinter_meanVal,1,True,189,0.004187859904140035
All sensors,gyroz_maxVal,1,True,5,1.146403415589656
All sensors,gyroz_varVal,1,True,5,0.9294795731196901
All sensors,BFinter_cvVal,1,True,5,0.8628263415871903
All sensors,gyroz_domAmp,1,True,5,0.8565493253845746
All sensors,MGinter_cvVal,1,True,5,0.5056230438195782
All sensors,GMinter_psdAsymmetry,2,False,5,
All sensors,gyrox_domFreq,3,False,5,
All sensors,gyroy_minVal,4,False,5,
All sensors,accz_meanVal,5,False,5,
All sensors,gyrox_cvVal,6,False,5,
All sensors,gyroz_cvVal,7,False,5,
All sensors,MGinter_psdAsymmetry,8,False,5,
All sensors,BFinter_logDetector,9,False,5,
All sensors,TAinter_harmonicRatio,10,False,5,
All sensors,gyroz_psdMean,11,False,5,
All sensors,gyroz_meanFreq,12,False,5,
All sensors,PLinter_cvVal,13,False,5,
All sensors,RFinter_minVal,14,False,5,
All sensors,accz_rmsVal,15,False,5,
All sensors,gyroz_peakToPeak,16,False,5,
All sensors,BFinter_waveformLength,17,False,5,
All sensors,gyroz_specEntropy,18,False,5,
All sensors,accy_domAmp,19,False,5,
All sensors,gyroz_meanVal,20,False,5,
All sensors,gyroy_peakToPeak,21,False,5,
All sensors,gyrox_harmonicRatio,22,False,5,
All sensors,MGinter_minVal,23,False,5,
All sensors,TAinter_psdAsymmetry,24,False,5,
All sensors,GMinter_harmonicRatio,25,False,5,
All sensors,gyroz_mavVal,26,False,5,
All sensors,accx_minVal,27,False,5,
All sensors,accy_specEntropy,28,False,5,
All sensors,RFinter_meanFreq,29,False,5,
All sensors,gyrox_mavVal,30,False,5,
All sensors,gyroz_sdVal,31,False,5,
All sensors,accy_maxVal,32,False,5,
All sensors,accy_harmonicRatio,33,False,5,
All sensors,BFinter_specEntropy,34,False,5,
All sensors,gyroz_harmonicRatio,35,False,5,
All sensors,GMinter_meanFreq,36,False,5,
All sensors,PLinter_harmonicRatio,37,False,5,
All sensors,accx_meanVal,38,False,5,
All sensors,gyroy_meanVal,39,False,5,
All sensors,accz_minVal,40,False,5,
All sensors,TAinter_cvVal,41,False,5,
All sensors,gyroz_rmsVal,42,False,5,
All sensors,GMinter_domFreq,43,False,5,
All sensors,BFinter_mavVal,44,False,5,
All sensors,RFinter_psdAsymmetry,45,False,5,
All sensors,accx_mavVal,46,False,5,
All sensors,accy_medianFreq,47,False,5,
All sensors,gyrox_medianFreq,48,False,5,
All sensors,MGinter_meanFreq,49,False,5,
All sensors,MGinter_domFreq,50,False,5,
All sensors,accy_meanVal,51,False,5,
All sensors,accz_domFreq,52,False,5,
All sensors,accx_domAmp,53,False,5,
All sensors,RFinter_cvVal,54,False,5,
All sensors,accx_peakToPeak,55,False,5,
All sensors,gyroy_cvVal,56,False,5,
All sensors,gyroz_minVal,57,False,5,
All sensors,gyrox_specEntropy,58,False,5,
All sensors,accx_varVal,59,False,5,
All sensors,PLinter_varVal,60,False,5,
All sensors,gyroy_rmsVal,61,False,5,
All sensors,MGinter_harmonicRatio,62,False,5,
All sensors,GMinter_minVal,63,False,5,
All sensors,GMinter_cvVal,64,False,5,
All sensors,accx_rmsVal,65,False,5,
All sensors,gyroz_psdAsymmetry,66,False,5,
All sensors,gyroz_domFreq,67,False,5,
All sensors,accz_sdVal,68,False,5,
All sensors,accx_harmonicRatio,69,False,5,
All sensors,PLinter_psdMean,70,False,5,
All sensors,accz_harmonicRatio,71,False,5,
All sensors,accy_rmsVal,72,False,5,
All sensors,MGinter_medianFreq,73,False,5,
All sensors,BFinter_minVal,74,False,5,
All sensors,TAinter_minVal,75,False,5,
All sensors,PLinter_psdAsymmetry,76,False,5,
All sensors,PLinter_meanPowerFreq,77,False,5,
All sensors,gyrox_rmsVal,78,False,5,
All sensors,accx_sdVal,79,False,5,
All sensors,RFinter_domFreq,80,False,5,
All sensors,accx_domFreq,81,False,5,
All sensors,gyroy_mavVal,82,False,5,
All sensors,BFinter_meanFreq,83,False,5,
All sensors,accx_psdMean,84,False,5,
All sensors,gyroy_domFreq,85,False,5,
All sensors,GMinter_cwtMean,86,False,5,
All sensors,accy_domFreq,87,False,5,
All sensors,gyrox_sdVal,88,False,5,
All sensors,accx_cvVal,89,False,5,
All sensors,gyroz_medianFreq,90,False,5,
All sensors,gyroy_harmonicRatio,91,False,5,
All sensors,gyroy_medianFreq,92,False,5,
All sensors,gyrox_meanVal,93,False,5,
All sensors,GMinter_medianFreq,94,False,5,
All sensors,PLinter_maxVal,95,False,5,
All sensors,GMinter_emdEnergy,96,False,5,
All sensors,gyrox_domAmp,97,False,5,
All sensors,gyroy_domAmp,98,False,5,
All sensors,accz_varVal,99,False,5,
All sensors,accx_maxVal,100,False,5,
All sensors,gyrox_meanFreq,101,False,5,
All sensors,gyrox_maxVal,102,False,5,
All sensors,BFinter_domFreq,103,False,5,
All sensors,accx_meanFreq,104,False,5,
All sensors,PLinter_peakToPeak,105,False,5,
All sensors,GMinter_peakToPeak,106,False,5,
All sensors,accy_mavVal,107,False,5,
All sensors,MGinter_cwtMean,108,False,5,
All sensors,gyroy_specEntropy,109,False,5,
All sensors,accz_mavVal,110,False,5,
All sensors,accz_cvVal,111,False,5,
All sensors,gyroy_psdMean,112,False,5,
All sensors,RFinter_medianFreq,113,False,5,
All sensors,gyroy_sdVal,114,False,5,
All sensors,PLinter_minVal,115,False,5,
All sensors,PLinter_cwtMean,116,False,5,
All sensors,BFinter_psdAsymmetry,117,False,5,
All sensors,TAinter_domAmp,118,False,5,
All sensors,GMinter_maxVal,119,False,5,
All sensors,PLinter_domFreq,120,False,5,
All sensors,BFinter_harmonicRatio,121,False,5,
All sensors,BFinter_peakToPeak,122,False,5,
All sensors,accy_meanFreq,123,False,5,
All sensors,accy_peakToPeak,124,False,5,
All sensors,gyroy_varVal,125,False,5,
All sensors,PLinter_specEntropy,126,False,5,
All sensors,accx_specEntropy,127,False,5,
All sensors,GMinter_varVal,128,False,5,
All sensors,gyrox_peakToPeak,129,False,5,
All sensors,RFinter_specEntropy,130,False,5,
All sensors,GMinter_meanPowerFreq,131,False,5,
All sensors,TAinter_waveformLength,132,False,5,
All sensors,MGinter_waveformLength,133,False,5,
All sensors,accz_specEntropy,134,False,5,
All sensors,gyrox_varVal,135,False,5,
All sensors,accz_maxVal,136,False,5,
All sensors,GMinter_psdMean,137,False,5,
All sensors,PLinter_emdEnergy,138,False,5,
All sensors,BFinter_varVal,139,False,5,
All sensors,GMinter_logDetector,140,False,5,
All sensors,gyrox_minVal,141,False,5,
All sensors,GMinter_sdVal,142,False,5,
All sensors,gyrox_psdMean,143,False,5,
All sensors,accz_peakToPeak,144,False,5,
All sensors,TAinter_specEntropy,145,False,5,
All sensors,GMinter_specEntropy,146,False,5,
All sensors,PLinter_meanFreq,147,False,5,
All sensors,GMinter_rmsVal,148,False,5,
All sensors,BFinter_cwtMean,149,False,5,
All sensors,accz_psdMean,150,False,5,
All sensors,GMinter_dwtEnergy,151,False,5,
All sensors,accy_minVal,152,False,5,
All sensors,PLinter_sdVal,153,False,5,
All sensors,RFinter_domAmp,154,False,5,
All sensors,TAinter_medianFreq,155,False,5,
All sensors,BFinter_domAmp,156,False,5,
All sensors,gyroy_maxVal,157,False,5,
All sensors,PLinter_dwtEnergy,158,False,5,
All sensors,BFinter_meanVal,159,False,5,
All sensors,accy_sdVal,160,False,5,
All sensors,RFinter_maxVal,161,False,5,
All sensors,gyroy_meanFreq,162,False,5,
All sensors,BFinter_maxVal,163,False,5,
All sensors,RFinter_peakToPeak,164,False,5,
All sensors,accy_cvVal,165,False,5,
All sensors,PLinter_medianFreq,166,False,5,
All sensors,RFinter_waveformLength,167,False,5,
All sensors,PLinter_rmsVal,168,False,5,
All sensors,TAinter_dwtEnergy,169,False,5,
All sensors,accy_psdMean,170,False,5,
All sensors,GMinter_mavVal,171,False,5,
All sensors,accz_psdAsymmetry,172,False,5,
All sensors,RFinter_harmonicRatio,173,False,5,
All sensors,MGinter_varVal,174,False,5,
All sensors,accx_psdAsymmetry,175,False,5,
All sensors,TAinter_psdMean,176,False,5,
All sensors,TAinter_meanPowerFreq,177,False,5,
All sensors,accy_varVal,178,False,5,
All sensors,RFinter_cwtMean,179,False,5,
All sensors,gyroy_psdAsymmetry,180,False,5,
All sensors,BFinter_dwtEnergy,181,False,5,
All sensors,MGinter_dwtEnergy,182,False,5,
All sensors,MGinter_sdVal,183,False,5,
All sensors,MGinter_meanPowerFreq,184,False,5,
All sensors,gyrox_psdAsymmetry,185,False,5,
All sensors,MGinter_psdMean,186,False,5,
All sensors,MGinter_rmsVal,187,False,5,
All sensors,PLinter_mavVal,188,False,5,
All sensors,TAinter_mavVal,189,False,5,
All sensors,TAinter_meanFreq,190,False,5,
All sensors,MGinter_mavVal,191,False,5,
All sensors,TAinter_rmsVal,192,False,5,
All sensors,RFinter_logDetector,193,False,5,
All sensors,accz_domAmp,194,False,5,
All sensors,TAinter_logDetector,195,False,5,
All sensors,TAinter_sdVal,196,False,5,
All sensors,PLinter_meanVal,197,False,5,
All sensors,PLinter_logDetector,198,False,5,
All sensors,accy_psdAsymmetry,199,False,5,
All sensors,MGinter_meanVal,200,False,5,
All sensors,RFinter_mavVal,201,False,5,
All sensors,TAinter_emdEnergy,202,False,5,
All sensors,RFinter_varVal,203,False,5,
All sensors,MGinter_domAmp,204,False,5,
All sensors,PLinter_waveformLength,205,False,5,
All sensors,TAinter_meanVal,206,False,5,
All sensors,RFinter_sdVal,207,False,5,
All sensors,accz_meanFreq,208,False,5,
All sensors,accx_medianFreq,209,False,5,
All sensors,MGinter_emdEnergy,210,False,5,
All sensors,GMinter_domAmp,211,False,5,
All sensors,BFinter_psdMean,212,False,5,
All sensors,TAinter_cwtMean,213,False,5,
All sensors,BFinter_meanPowerFreq,214,False,5,
All sensors,RFinter_emdEnergy,215,False,5,
All sensors,MGinter_peakToPeak,216,False,5,
All sensors,RFinter_rmsVal,217,False,5,
All sensors,BFinter_sdVal,218,False,5,
All sensors,TAinter_domFreq,219,False,5,
All sensors,TAinter_varVal,220,False,5,
All sensors,GMinter_waveformLength,221,False,5,
All sensors,accz_medianFreq,222,False,5,
All sensors,BFinter_medianFreq,223,False,5,
All sensors,MGinter_specEntropy,224,False,5,
All sensors,TAinter_peakToPeak,225,False,5,
All sensors,MGinter_logDetector,226,False,5,
All sensors,GMinter_meanVal,227,False,5,
All sensors,BFinter_rmsVal,228,False,5,
All sensors,RFinter_meanVal,229,False,5,
All sensors,RFinter_psdMean,230,False,5,
All sensors,RFinter_meanPowerFreq,231,False,5,
All sensors,BFinter_emdEnergy,232,False,5,
All sensors,MGinter_maxVal,233,False,5,
All sensors,PLinter_domAmp,234,False,5,
All sensors,RFinter_dwtEnergy,235,False,5,
All sensors,TAinter_maxVal,236,False,5,
All sensors,MGinter_cvVal,1,True,10,0.8891142191706365
All sensors,gyroz_maxVal,1,True,10,0.7732783977265423
All sensors,BFinter_cvVal,1,True,10,0.7491356680759994
All sensors,GMinter_psdAsymmetry,1,True,10,0.6949797071318643
All sensors,gyroz_varVal,1,True,10,0.666870371858578
All sensors,gyroz_domAmp,1,True,10,0.6594559510099018
All sensors,gyroy_minVal,1,True,10,0.6124060578925214
All sensors,gyrox_domFreq,1,True,10,0.6111754704876255
All sensors,accz_meanVal,1,True,10,0.5423108904684871
All sensors,gyrox_cvVal,1,True,10,0.4944533528964216
All sensors,gyroz_cvVal,2,False,10,
All sensors,MGinter_psdAsymmetry,3,False,10,
All sensors,BFinter_logDetector,4,False,10,
All sensors,TAinter_harmonicRatio,5,False,10,
All sensors,gyroz_psdMean,6,False,10,
All sensors,gyroz_meanFreq,7,False,10,
All sensors,PLinter_cvVal,8,False,10,
All sensors,RFinter_minVal,9,False,10,
All sensors,accz_rmsVal,10,False,10,
All sensors,gyroz_peakToPeak,11,False,10,
All sensors,BFinter_waveformLength,12,False,10,
All sensors,gyroz_specEntropy,13,False,10,
All sensors,accy_domAmp,14,False,10,
All sensors,gyroz_meanVal,15,False,10,
All sensors,gyroy_peakToPeak,16,False,10,
All sensors,gyrox_harmonicRatio,17,False,10,
All sensors,MGinter_minVal,18,False,10,
All sensors,TAinter_psdAsymmetry,19,False,10,
All sensors,GMinter_harmonicRatio,20,False,10,
All sensors,gyroz_mavVal,21,False,10,
All sensors,accx_minVal,22,False,10,
All sensors,accy_specEntropy,23,False,10,
All sensors,RFinter_meanFreq,24,False,10,
All sensors,gyrox_mavVal,25,False,10,
All sensors,gyroz_sdVal,26,False,10,
All sensors,accy_maxVal,27,False,10,
All sensors,accy_harmonicRatio,28,False,10,
All sensors,BFinter_specEntropy,29,False,10,
All sensors,gyroz_harmonicRatio,30,False,10,
All sensors,GMinter_meanFreq,31,False,10,
All sensors,PLinter_harmonicRatio,32,False,10,
All sensors,accx_meanVal,33,False,10,
All sensors,gyroy_meanVal,34,False,10,
All sensors,accz_minVal,35,False,10,
All sensors,TAinter_cvVal,36,False,10,
All sensors,gyroz_rmsVal,37,False,10,
All sensors,GMinter_domFreq,38,False,10,
All sensors,BFinter_mavVal,39,False,10,
All sensors,RFinter_psdAsymmetry,40,False,10,
All sensors,accx_mavVal,41,False,10,
All sensors,accy_medianFreq,42,False,10,
All sensors,gyrox_medianFreq,43,False,10,
All sensors,MGinter_meanFreq,44,False,10,
All sensors,MGinter_domFreq,45,False,10,
All sensors,accy_meanVal,46,False,10,
All sensors,accz_domFreq,47,False,10,
All sensors,accx_domAmp,48,False,10,
All sensors,RFinter_cvVal,49,False,10,
All sensors,accx_peakToPeak,50,False,10,
All sensors,gyroy_cvVal,51,False,10,
All sensors,gyroz_minVal,52,False,10,
All sensors,gyrox_specEntropy,53,False,10,
All sensors,accx_varVal,54,False,10,
All sensors,PLinter_varVal,55,False,10,
All sensors,gyroy_rmsVal,56,False,10,
All sensors,MGinter_harmonicRatio,57,False,10,
All sensors,GMinter_minVal,58,False,10,
All sensors,GMinter_cvVal,59,False,10,
All sensors,accx_rmsVal,60,False,10,
All sensors,gyroz_psdAsymmetry,61,False,10,
All sensors,gyroz_domFreq,62,False,10,
All sensors,accz_sdVal,63,False,10,
All sensors,accx_harmonicRatio,64,False,10,
All sensors,PLinter_psdMean,65,False,10,
All sensors,accz_harmonicRatio,66,False,10,
All sensors,accy_rmsVal,67,False,10,
All sensors,MGinter_medianFreq,68,False,10,
All sensors,BFinter_minVal,69,False,10,
All sensors,TAinter_minVal,70,False,10,
All sensors,PLinter_psdAsymmetry,71,False,10,
All sensors,PLinter_meanPowerFreq,72,False,10,
All sensors,gyrox_rmsVal,73,False,10,
All sensors,accx_sdVal,74,False,10,
All sensors,RFinter_domFreq,75,False,10,
All sensors,accx_domFreq,76,False,10,
All sensors,gyroy_mavVal,77,False,10,
All sensors,BFinter_meanFreq,78,False,10,
All sensors,accx_psdMean,79,False,10,
All sensors,gyroy_domFreq,80,False,10,
All sensors,GMinter_cwtMean,81,False,10,
All sensors,accy_domFreq,82,False,10,
All sensors,gyrox_sdVal,83,False,10,
All sensors,accx_cvVal,84,False,10,
All sensors,gyroz_medianFreq,85,False,10,
All sensors,gyroy_harmonicRatio,86,False,10,
All sensors,gyroy_medianFreq,87,False,10,
All sensors,gyrox_meanVal,88,False,10,
All sensors,GMinter_medianFreq,89,False,10,
All sensors,PLinter_maxVal,90,False,10,
All sensors,GMinter_emdEnergy,91,False,10,
All sensors,gyrox_domAmp,92,False,10,
All sensors,gyroy_domAmp,93,False,10,
All sensors,accz_varVal,94,False,10,
All sensors,accx_maxVal,95,False,10,
All sensors,gyrox_meanFreq,96,False,10,
All sensors,gyrox_maxVal,97,False,10,
All sensors,BFinter_domFreq,98,False,10,
All sensors,accx_meanFreq,99,False,10,
All sensors,PLinter_peakToPeak,100,False,10,
All sensors,GMinter_peakToPeak,101,False,10,
All sensors,accy_mavVal,102,False,10,
All sensors,MGinter_cwtMean,103,False,10,
All sensors,gyroy_specEntropy,104,False,10,
All sensors,accz_mavVal,105,False,10,
All sensors,accz_cvVal,106,False,10,
All sensors,gyroy_psdMean,107,False,10,
All sensors,RFinter_medianFreq,108,False,10,
All sensors,gyroy_sdVal,109,False,10,
All sensors,PLinter_minVal,110,False,10,
All sensors,PLinter_cwtMean,111,False,10,
All sensors,BFinter_psdAsymmetry,112,False,10,
All sensors,TAinter_domAmp,113,False,10,
All sensors,GMinter_maxVal,114,False,10,
All sensors,PLinter_domFreq,115,False,10,
All sensors,BFinter_harmonicRatio,116,False,10,
All sensors,BFinter_peakToPeak,117,False,10,
All sensors,accy_meanFreq,118,False,10,
All sensors,accy_peakToPeak,119,False,10,
All sensors,gyroy_varVal,120,False,10,
All sensors,PLinter_specEntropy,121,False,10,
All sensors,accx_specEntropy,122,False,10,
All sensors,GMinter_varVal,123,False,10,
All sensors,gyrox_peakToPeak,124,False,10,
All sensors,RFinter_specEntropy,125,False,10,
All sensors,GMinter_meanPowerFreq,126,False,10,
All sensors,TAinter_waveformLength,127,False,10,
All sensors,MGinter_waveformLength,128,False,10,
All sensors,accz_specEntropy,129,False,10,
All sensors,gyrox_varVal,130,False,10,
All sensors,accz_maxVal,131,False,10,
All sensors,GMinter_psdMean,132,False,10,
All sensors,PLinter_emdEnergy,133,False,10,
All sensors,BFinter_varVal,134,False,10,
All sensors,GMinter_logDetector,135,False,10,
All sensors,gyrox_minVal,136,False,10,
All sensors,GMinter_sdVal,137,False,10,
All sensors,gyrox_psdMean,138,False,10,
All sensors,accz_peakToPeak,139,False,10,
All sensors,TAinter_specEntropy,140,False,10,
All sensors,GMinter_specEntropy,141,False,10,
All sensors,PLinter_meanFreq,142,False,10,
All sensors,GMinter_rmsVal,143,False,10,
All sensors,BFinter_cwtMean,144,False,10,
All sensors,accz_psdMean,145,False,10,
All sensors,GMinter_dwtEnergy,146,False,10,
All sensors,accy_minVal,147,False,10,
All sensors,PLinter_sdVal,148,False,10,
All sensors,RFinter_domAmp,149,False,10,
All sensors,TAinter_medianFreq,150,False,10,
All sensors,BFinter_domAmp,151,False,10,
All sensors,gyroy_maxVal,152,False,10,
All sensors,PLinter_dwtEnergy,153,False,10,
All sensors,BFinter_meanVal,154,False,10,
All sensors,accy_sdVal,155,False,10,
All sensors,RFinter_maxVal,156,False,10,
All sensors,gyroy_meanFreq,157,False,10,
All sensors,BFinter_maxVal,158,False,10,
All sensors,RFinter_peakToPeak,159,False,10,
All sensors,accy_cvVal,160,False,10,
All sensors,PLinter_medianFreq,161,False,10,
All sensors,RFinter_waveformLength,162,False,10,
All sensors,PLinter_rmsVal,163,False,10,
All sensors,TAinter_dwtEnergy,164,False,10,
All sensors,accy_psdMean,165,False,10,
All sensors,GMinter_mavVal,166,False,10,
All sensors,accz_psdAsymmetry,167,False,10,
All sensors,RFinter_harmonicRatio,168,False,10,
All sensors,MGinter_varVal,169,False,10,
All sensors,accx_psdAsymmetry,170,False,10,
All sensors,TAinter_psdMean,171,False,10,
All sensors,TAinter_meanPowerFreq,172,False,10,
All sensors,accy_varVal,173,False,10,
All sensors,RFinter_cwtMean,174,False,10,
All sensors,gyroy_psdAsymmetry,175,False,10,
All sensors,BFinter_dwtEnergy,176,False,10,
All sensors,MGinter_dwtEnergy,177,False,10,
All sensors,MGinter_sdVal,178,False,10,
All sensors,MGinter_meanPowerFreq,179,False,10,
All sensors,gyrox_psdAsymmetry,180,False,10,
All sensors,MGinter_psdMean,181,False,10,
All sensors,MGinter_rmsVal,182,False,10,
All sensors,PLinter_mavVal,183,False,10,
All sensors,TAinter_mavVal,184,False,10,
All sensors,TAinter_meanFreq,185,False,10,
All sensors,MGinter_mavVal,186,False,10,
All sensors,TAinter_rmsVal,187,False,10,
All sensors,RFinter_logDetector,188,False,10,
All sensors,accz_domAmp,189,False,10,
All sensors,TAinter_logDetector,190,False,10,
All sensors,TAinter_sdVal,191,False,10,
All sensors,PLinter_meanVal,192,False,10,
All sensors,PLinter_logDetector,193,False,10,
All sensors,accy_psdAsymmetry,194,False,10,
All sensors,MGinter_meanVal,195,False,10,
All sensors,RFinter_mavVal,196,False,10,
All sensors,TAinter_emdEnergy,197,False,10,
All sensors,RFinter_varVal,198,False,10,
All sensors,MGinter_domAmp,199,False,10,
All sensors,PLinter_waveformLength,200,False,10,
All sensors,TAinter_meanVal,201,False,10,
All sensors,RFinter_sdVal,202,False,10,
All sensors,accz_meanFreq,203,False,10,
All sensors,accx_medianFreq,204,False,10,
All sensors,MGinter_emdEnergy,205,False,10,
All sensors,GMinter_domAmp,206,False,10,
All sensors,BFinter_psdMean,207,False,10,
All sensors,TAinter_cwtMean,208,False,10,
All sensors,BFinter_meanPowerFreq,209,False,10,
All sensors,RFinter_emdEnergy,210,False,10,
All sensors,MGinter_peakToPeak,211,False,10,
All sensors,RFinter_rmsVal,212,False,10,
All sensors,BFinter_sdVal,213,False,10,
All sensors,TAinter_domFreq,214,False,10,
All sensors,TAinter_varVal,215,False,10,
All sensors,GMinter_waveformLength,216,False,10,
All sensors,accz_medianFreq,217,False,10,
All sensors,BFinter_medianFreq,218,False,10,
All sensors,MGinter_specEntropy,219,False,10,
All sensors,TAinter_peakToPeak,220,False,10,
All sensors,MGinter_logDetector,221,False,10,
All sensors,GMinter_meanVal,222,False,10,
All sensors,BFinter_rmsVal,223,False,10,
All sensors,RFinter_meanVal,224,False,10,
All sensors,RFinter_psdMean,225,False,10,
All sensors,RFinter_meanPowerFreq,226,False,10,
All sensors,BFinter_emdEnergy,227,False,10,
All sensors,MGinter_maxVal,228,False,10,
All sensors,PLinter_domAmp,229,False,10,
All sensors,RFinter_dwtEnergy,230,False,10,
All sensors,TAinter_maxVal,231,False,10,
All sensors,MGinter_cvVal,1,True,15,0.8317108137717835
All sensors,gyroz_maxVal,1,True,15,0.6877882292294554
All sensors,GMinter_psdAsymmetry,1,True,15,0.6271611982338593
All sensors,gyroz_cvVal,1,True,15,0.6012210917573264
All sensors,gyroy_minVal,1,True,15,0.558754190212763
All sensors,BFinter_logDetector,1,True,15,0.5532073790753791
All sensors,BFinter_cvVal,1,True,15,0.5511846905894019
All sensors,gyrox_domFreq,1,True,15,0.5373149108452299
All sensors,gyroz_domAmp,1,True,15,0.5130590849386116
All sensors,MGinter_psdAsymmetry,1,True,15,0.4916414407069846
All sensors,gyroz_varVal,1,True,15,0.4859641786987638
All sensors,gyrox_cvVal,1,True,15,0.4786885606965479
All sensors,gyroz_psdMean,1,True,15,0.4758043804218844
All sensors,accz_meanVal,1,True,15,0.4725248011110432
All sensors,TAinter_harmonicRatio,1,True,15,0.4593186320398687
All sensors,gyroz_meanFreq,2,False,15,
All sensors,PLinter_cvVal,3,False,15,
All sensors,RFinter_minVal,4,False,15,
All sensors,accz_rmsVal,5,False,15,
All sensors,gyroz_peakToPeak,6,False,15,
All sensors,BFinter_waveformLength,7,False,15,
All sensors,gyroz_specEntropy,8,False,15,
All sensors,accy_domAmp,9,False,15,
All sensors,gyroz_meanVal,10,False,15,
All sensors,gyroy_peakToPeak,11,False,15,
All sensors,gyrox_harmonicRatio,12,False,15,
All sensors,MGinter_minVal,13,False,15,
All sensors,TAinter_psdAsymmetry,14,False,15,
All sensors,GMinter_harmonicRatio,15,False,15,
All sensors,gyroz_mavVal,16,False,15,
All sensors,accx_minVal,17,False,15,
All sensors,accy_specEntropy,18,False,15,
All sensors,RFinter_meanFreq,19,False,15,
All sensors,gyrox_mavVal,20,False,15,
All sensors,gyroz_sdVal,21,False,15,
All sensors,accy_maxVal,22,False,15,
All sensors,accy_harmonicRatio,23,False,15,
All sensors,BFinter_specEntropy,24,False,15,
All sensors,gyroz_harmonicRatio,25,False,15,
All sensors,GMinter_meanFreq,26,False,15,
All sensors,PLinter_harmonicRatio,27,False,15,
All sensors,accx_meanVal,28,False,15,
All sensors,gyroy_meanVal,29,False,15,
All sensors,accz_minVal,30,False,15,
All sensors,TAinter_cvVal,31,False,15,
All sensors,gyroz_rmsVal,32,False,15,
All sensors,GMinter_domFreq,33,False,15,
All sensors,BFinter_mavVal,34,False,15,
All sensors,RFinter_psdAsymmetry,35,False,15,
All sensors,accx_mavVal,36,False,15,
All sensors,accy_medianFreq,37,False,15,
All sensors,gyrox_medianFreq,38,False,15,
All sensors,MGinter_meanFreq,39,False,15,
All sensors,MGinter_domFreq,40,False,15,
All sensors,accy_meanVal,41,False,15,
All sensors,accz_domFreq,42,False,15,
All sensors,accx_domAmp,43,False,15,
All sensors,RFinter_cvVal,44,False,15,
All sensors,accx_peakToPeak,45,False,15,
All sensors,gyroy_cvVal,46,False,15,
All sensors,gyroz_minVal,47,False,15,
All sensors,gyrox_specEntropy,48,False,15,
All sensors,accx_varVal,49,False,15,
All sensors,PLinter_varVal,50,False,15,
All sensors,gyroy_rmsVal,51,False,15,
All sensors,MGinter_harmonicRatio,52,False,15,
All sensors,GMinter_minVal,53,False,15,
All sensors,GMinter_cvVal,54,False,15,
All sensors,accx_rmsVal,55,False,15,
All sensors,gyroz_psdAsymmetry,56,False,15,
All sensors,gyroz_domFreq,57,False,15,
All sensors,accz_sdVal,58,False,15,
All sensors,accx_harmonicRatio,59,False,15,
All sensors,PLinter_psdMean,60,False,15,
All sensors,accz_harmonicRatio,61,False,15,
All sensors,accy_rmsVal,62,False,15,
All sensors,MGinter_medianFreq,63,False,15,
All sensors,BFinter_minVal,64,False,15,
All sensors,TAinter_minVal,65,False,15,
All sensors,PLinter_psdAsymmetry,66,False,15,
All sensors,PLinter_meanPowerFreq,67,False,15,
All sensors,gyrox_rmsVal,68,False,15,
All sensors,accx_sdVal,69,False,15,
All sensors,RFinter_domFreq,70,False,15,
All sensors,accx_domFreq,71,False,15,
All sensors,gyroy_mavVal,72,False,15,
All sensors,BFinter_meanFreq,73,False,15,
All sensors,accx_psdMean,74,False,15,
All sensors,gyroy_domFreq,75,False,15,
All sensors,GMinter_cwtMean,76,False,15,
All sensors,accy_domFreq,77,False,15,
All sensors,gyrox_sdVal,78,False,15,
All sensors,accx_cvVal,79,False,15,
All sensors,gyroz_medianFreq,80,False,15,
All sensors,gyroy_harmonicRatio,81,False,15,
All sensors,gyroy_medianFreq,82,False,15,
All sensors,gyrox_meanVal,83,False,15,
All sensors,GMinter_medianFreq,84,False,15,
All sensors,PLinter_maxVal,85,False,15,
All sensors,GMinter_emdEnergy,86,False,15,
All sensors,gyrox_domAmp,87,False,15,
All sensors,gyroy_domAmp,88,False,15,
All sensors,accz_varVal,89,False,15,
All sensors,accx_maxVal,90,False,15,
All sensors,gyrox_meanFreq,91,False,15,
All sensors,gyrox_maxVal,92,False,15,
All sensors,BFinter_domFreq,93,False,15,
All sensors,accx_meanFreq,94,False,15,
All sensors,PLinter_peakToPeak,95,False,15,
All sensors,GMinter_peakToPeak,96,False,15,
All sensors,accy_mavVal,97,False,15,
All sensors,MGinter_cwtMean,98,False,15,
All sensors,gyroy_specEntropy,99,False,15,
All sensors,accz_mavVal,100,False,15,
All sensors,accz_cvVal,101,False,15,
All sensors,gyroy_psdMean,102,False,15,
All sensors,RFinter_medianFreq,103,False,15,
All sensors,gyroy_sdVal,104,False,15,
All sensors,PLinter_minVal,105,False,15,
All sensors,PLinter_cwtMean,106,False,15,
All sensors,BFinter_psdAsymmetry,107,False,15,
All sensors,TAinter_domAmp,108,False,15,
All sensors,GMinter_maxVal,109,False,15,
All sensors,PLinter_domFreq,110,False,15,
All sensors,BFinter_harmonicRatio,111,False,15,
All sensors,BFinter_peakToPeak,112,False,15,
All sensors,accy_meanFreq,113,False,15,
All sensors,accy_peakToPeak,114,False,15,
All sensors,gyroy_varVal,115,False,15,
All sensors,PLinter_specEntropy,116,False,15,
All sensors,accx_specEntropy,117,False,15,
All sensors,GMinter_varVal,118,False,15,
All sensors,gyrox_peakToPeak,119,False,15,
All sensors,RFinter_specEntropy,120,False,15,
All sensors,GMinter_meanPowerFreq,121,False,15,
All sensors,TAinter_waveformLength,122,False,15,
All sensors,MGinter_waveformLength,123,False,15,
All sensors,accz_specEntropy,124,False,15,
All sensors,gyrox_varVal,125,False,15,
All sensors,accz_maxVal,126,False,15,
All sensors,GMinter_psdMean,127,False,15,
All sensors,PLinter_emdEnergy,128,False,15,
All sensors,BFinter_varVal,129,False,15,
All sensors,GMinter_logDetector,130,False,15,
All sensors,gyrox_minVal,131,False,15,
All sensors,GMinter_sdVal,132,False,15,
All sensors,gyrox_psdMean,133,False,15,
All sensors,accz_peakToPeak,134,False,15,
All sensors,TAinter_specEntropy,135,False,15,
All sensors,GMinter_specEntropy,136,False,15,
All sensors,PLinter_meanFreq,137,False,15,
All sensors,GMinter_rmsVal,138,False,15,
All sensors,BFinter_cwtMean,139,False,15,
All sensors,accz_psdMean,140,False,15,
All sensors,GMinter_dwtEnergy,141,False,15,
All sensors,accy_minVal,142,False,15,
All sensors,PLinter_sdVal,143,False,15,
All sensors,RFinter_domAmp,144,False,15,
All sensors,TAinter_medianFreq,145,False,15,
All sensors,BFinter_domAmp,146,False,15,
All sensors,gyroy_maxVal,147,False,15,
All sensors,PLinter_dwtEnergy,148,False,15,
All sensors,BFinter_meanVal,149,False,15,
All sensors,accy_sdVal,150,False,15,
All sensors,RFinter_maxVal,151,False,15,
All sensors,gyroy_meanFreq,152,False,15,
All sensors,BFinter_maxVal,153,False,15,
All sensors,RFinter_peakToPeak,154,False,15,
All sensors,accy_cvVal,155,False,15,
All sensors,PLinter_medianFreq,156,False,15,
All sensors,RFinter_waveformLength,157,False,15,
All sensors,PLinter_rmsVal,158,False,15,
All sensors,TAinter_dwtEnergy,159,False,15,
All sensors,accy_psdMean,160,False,15,
All sensors,GMinter_mavVal,161,False,15,
All sensors,accz_psdAsymmetry,162,False,15,
All sensors,RFinter_harmonicRatio,163,False,15,
All sensors,MGinter_varVal,164,False,15,
All sensors,accx_psdAsymmetry,165,False,15,
All sensors,TAinter_psdMean,166,False,15,
All sensors,TAinter_meanPowerFreq,167,False,15,
All sensors,accy_varVal,168,False,15,
All sensors,RFinter_cwtMean,169,False,15,
All sensors,gyroy_psdAsymmetry,170,False,15,
All sensors,BFinter_dwtEnergy,171,False,15,
All sensors,MGinter_dwtEnergy,172,False,15,
All sensors,MGinter_sdVal,173,False,15,
All sensors,MGinter_meanPowerFreq,174,False,15,
All sensors,gyrox_psdAsymmetry,175,False,15,
All sensors,MGinter_psdMean,176,False,15,
All sensors,MGinter_rmsVal,177,False,15,
All sensors,PLinter_mavVal,178,False,15,
All sensors,TAinter_mavVal,179,False,15,
All sensors,TAinter_meanFreq,180,False,15,
All sensors,MGinter_mavVal,181,False,15,
All sensors,TAinter_rmsVal,182,False,15,
All sensors,RFinter_logDetector,183,False,15,
All sensors,accz_domAmp,184,False,15,
All sensors,TAinter_logDetector,185,False,15,
All sensors,TAinter_sdVal,186,False,15,
All sensors,PLinter_meanVal,187,False,15,
All sensors,PLinter_logDetector,188,False,15,
All sensors,accy_psdAsymmetry,189,False,15,
All sensors,MGinter_meanVal,190,False,15,
All sensors,RFinter_mavVal,191,False,15,
All sensors,TAinter_emdEnergy,192,False,15,
All sensors,RFinter_varVal,193,False,15,
All sensors,MGinter_domAmp,194,False,15,
All sensors,PLinter_waveformLength,195,False,15,
All sensors,TAinter_meanVal,196,False,15,
All sensors,RFinter_sdVal,197,False,15,
All sensors,accz_meanFreq,198,False,15,
All sensors,accx_medianFreq,199,False,15,
All sensors,MGinter_emdEnergy,200,False,15,
All sensors,GMinter_domAmp,201,False,15,
All sensors,BFinter_psdMean,202,False,15,
All sensors,TAinter_cwtMean,203,False,15,
All sensors,BFinter_meanPowerFreq,204,False,15,
All sensors,RFinter_emdEnergy,205,False,15,
All sensors,MGinter_peakToPeak,206,False,15,
All sensors,RFinter_rmsVal,207,False,15,
All sensors,BFinter_sdVal,208,False,15,
All sensors,TAinter_domFreq,209,False,15,
All sensors,TAinter_varVal,210,False,15,
All sensors,GMinter_waveformLength,211,False,15,
All sensors,accz_medianFreq,212,False,15,
All sensors,BFinter_medianFreq,213,False,15,
All sensors,MGinter_specEntropy,214,False,15,
All sensors,TAinter_peakToPeak,215,False,15,
All sensors,MGinter_logDetector,216,False,15,
All sensors,GMinter_meanVal,217,False,15,
All sensors,BFinter_rmsVal,218,False,15,
All sensors,RFinter_meanVal,219,False,15,
All sensors,RFinter_psdMean,220,False,15,
All sensors,RFinter_meanPowerFreq,221,False,15,
All sensors,BFinter_emdEnergy,222,False,15,
All sensors,MGinter_maxVal,223,False,15,
All sensors,PLinter_domAmp,224,False,15,
All sensors,RFinter_dwtEnergy,225,False,15,
All sensors,TAinter_maxVal,226,False,15,
All sensors,MGinter_cvVal,1,True,20,0.7354822508043922
All sensors,GMinter_psdAsymmetry,1,True,20,0.6380386626820057
All sensors,BFinter_logDetector,1,True,20,0.600673374036372
All sensors,BFinter_cvVal,1,True,20,0.5499042440365832
All sensors,accz_meanVal,1,True,20,0.5254264612803508
All sensors,gyroz_maxVal,1,True,20,0.5210049125741648
All sensors,TAinter_harmonicRatio,1,True,20,0.47836375056049557
All sensors,gyrox_domFreq,1,True,20,0.47647448833183886
All sensors,gyroz_cvVal,1,True,20,0.47428080301810405
All sensors,gyrox_cvVal,1,True,20,0.4531935777365655
All sensors,gyroy_minVal,1,True,20,0.45164006816186947
All sensors,gyroz_domAmp,1,True,20,0.4278725440274773
All sensors,RFinter_minVal,1,True,20,0.41705381645352874
All sensors,gyroz_meanFreq,1,True,20,0.4166886461337132
All sensors,PLinter_cvVal,1,True,20,0.4093705175380225
All sensors,MGinter_psdAsymmetry,1,True,20,0.40348873936225815
All sensors,gyroz_peakToPeak,1,True,20,0.39061130105250186
All sensors,gyroz_varVal,1,True,20,0.38133898870620553
All sensors,accz_rmsVal,1,True,20,0.3800372932742015
All sensors,gyroz_psdMean,1,True,20,0.3735940326702807
All sensors,BFinter_waveformLength,2,False,20,
All sensors,gyroz_specEntropy,3,False,20,
All sensors,accy_domAmp,4,False,20,
All sensors,gyroz_meanVal,5,False,20,
All sensors,gyroy_peakToPeak,6,False,20,
All sensors,gyrox_harmonicRatio,7,False,20,
All sensors,MGinter_minVal,8,False,20,
All sensors,TAinter_psdAsymmetry,9,False,20,
All sensors,GMinter_harmonicRatio,10,False,20,
All sensors,gyroz_mavVal,11,False,20,
All sensors,accx_minVal,12,False,20,
All sensors,accy_specEntropy,13,False,20,
All sensors,RFinter_meanFreq,14,False,20,
All sensors,gyrox_mavVal,15,False,20,
All sensors,gyroz_sdVal,16,False,20,
All sensors,accy_maxVal,17,False,20,
All sensors,accy_harmonicRatio,18,False,20,
All sensors,BFinter_specEntropy,19,False,20,
All sensors,gyroz_harmonicRatio,20,False,20,
All sensors,GMinter_meanFreq,21,False,20,
All sensors,PLinter_harmonicRatio,22,False,20,
All sensors,accx_meanVal,23,False,20,
All sensors,gyroy_meanVal,24,False,20,
All sensors,accz_minVal,25,False,20,
All sensors,TAinter_cvVal,26,False,20,
All sensors,gyroz_rmsVal,27,False,20,
All sensors,GMinter_domFreq,28,False,20,
All sensors,BFinter_mavVal,29,False,20,
All sensors,RFinter_psdAsymmetry,30,False,20,
All sensors,accx_mavVal,31,False,20,
All sensors,accy_medianFreq,32,False,20,
All sensors,gyrox_medianFreq,33,False,20,
All sensors,MGinter_meanFreq,34,False,20,
All sensors,MGinter_domFreq,35,False,20,
All sensors,accy_meanVal,36,False,20,
All sensors,accz_domFreq,37,False,20,
All sensors,accx_domAmp,38,False,20,
All sensors,RFinter_cvVal,39,False,20,
All sensors,accx_peakToPeak,40,False,20,
All sensors,gyroy_cvVal,41,False,20,
All sensors,gyroz_minVal,42,False,20,
All sensors,gyrox_specEntropy,43,False,20,
All sensors,accx_varVal,44,False,20,
All sensors,PLinter_varVal,45,False,20,
All sensors,gyroy_rmsVal,46,False,20,
All sensors,MGinter_harmonicRatio,47,False,20,
All sensors,GMinter_minVal,48,False,20,
All sensors,GMinter_cvVal,49,False,20,
All sensors,accx_rmsVal,50,False,20,
All sensors,gyroz_psdAsymmetry,51,False,20,
All sensors,gyroz_domFreq,52,False,20,
All sensors,accz_sdVal,53,False,20,
All sensors,accx_harmonicRatio,54,False,20,
All sensors,PLinter_psdMean,55,False,20,
All sensors,accz_harmonicRatio,56,False,20,
All sensors,accy_rmsVal,57,False,20,
All sensors,MGinter_medianFreq,58,False,20,
All sensors,BFinter_minVal,59,False,20,
All sensors,TAinter_minVal,60,False,20,
All sensors,PLinter_psdAsymmetry,61,False,20,
All sensors,PLinter_meanPowerFreq,62,False,20,
All sensors,gyrox_rmsVal,63,False,20,
All sensors,accx_sdVal,64,False,20,
All sensors,RFinter_domFreq,65,False,20,
All sensors,accx_domFreq,66,False,20,
All sensors,gyroy_mavVal,67,False,20,
All sensors,BFinter_meanFreq,68,False,20,
All sensors,accx_psdMean,69,False,20,
All sensors,gyroy_domFreq,70,False,20,
All sensors,GMinter_cwtMean,71,False,20,
All sensors,accy_domFreq,72,False,20,
All sensors,gyrox_sdVal,73,False,20,
All sensors,accx_cvVal,74,False,20,
All sensors,gyroz_medianFreq,75,False,20,
All sensors,gyroy_harmonicRatio,76,False,20,
All sensors,gyroy_medianFreq,77,False,20,
All sensors,gyrox_meanVal,78,False,20,
All sensors,GMinter_medianFreq,79,False,20,
All sensors,PLinter_maxVal,80,False,20,
All sensors,GMinter_emdEnergy,81,False,20,
All sensors,gyrox_domAmp,82,False,20,
All sensors,gyroy_domAmp,83,False,20,
All sensors,accz_varVal,84,False,20,
All sensors,accx_maxVal,85,False,20,
All sensors,gyrox_meanFreq,86,False,20,
All sensors,gyrox_maxVal,87,False,20,
All sensors,BFinter_domFreq,88,False,20,
All sensors,accx_meanFreq,89,False,20,
All sensors,PLinter_peakToPeak,90,False,20,
All sensors,GMinter_peakToPeak,91,False,20,
All sensors,accy_mavVal,92,False,20,
All sensors,MGinter_cwtMean,93,False,20,
All sensors,gyroy_specEntropy,94,False,20,
All sensors,accz_mavVal,95,False,20,
All sensors,accz_cvVal,96,False,20,
All sensors,gyroy_psdMean,97,False,20,
All sensors,RFinter_medianFreq,98,False,20,
All sensors,gyroy_sdVal,99,False,20,
All sensors,PLinter_minVal,100,False,20,
All sensors,PLinter_cwtMean,101,False,20,
All sensors,BFinter_psdAsymmetry,102,False,20,
All sensors,TAinter_domAmp,103,False,20,
All sensors,GMinter_maxVal,104,False,20,
All sensors,PLinter_domFreq,105,False,20,
All sensors,BFinter_harmonicRatio,106,False,20,
All sensors,BFinter_peakToPeak,107,False,20,
All sensors,accy_meanFreq,108,False,20,
All sensors,accy_peakToPeak,109,False,20,
All sensors,gyroy_varVal,110,False,20,
All sensors,PLinter_specEntropy,111,False,20,
All sensors,accx_specEntropy,112,False,20,
All sensors,GMinter_varVal,113,False,20,
All sensors,gyrox_peakToPeak,114,False,20,
All sensors,RFinter_specEntropy,115,False,20,
All sensors,GMinter_meanPowerFreq,116,False,20,
All sensors,TAinter_waveformLength,117,False,20,
All sensors,MGinter_waveformLength,118,False,20,
All sensors,accz_specEntropy,119,False,20,
All sensors,gyrox_varVal,120,False,20,
All sensors,accz_maxVal,121,False,20,
All sensors,GMinter_psdMean,122,False,20,
All sensors,PLinter_emdEnergy,123,False,20,
All sensors,BFinter_varVal,124,False,20,
All sensors,GMinter_logDetector,125,False,20,
All sensors,gyrox_minVal,126,False,20,
All sensors,GMinter_sdVal,127,False,20,
All sensors,gyrox_psdMean,128,False,20,
All sensors,accz_peakToPeak,129,False,20,
All sensors,TAinter_specEntropy,130,False,20,
All sensors,GMinter_specEntropy,131,False,20,
All sensors,PLinter_meanFreq,132,False,20,
All sensors,GMinter_rmsVal,133,False,20,
All sensors,BFinter_cwtMean,134,False,20,
All sensors,accz_psdMean,135,False,20,
All sensors,GMinter_dwtEnergy,136,False,20,
All sensors,accy_minVal,137,False,20,
All sensors,PLinter_sdVal,138,False,20,
All sensors,RFinter_domAmp,139,False,20,
All sensors,TAinter_medianFreq,140,False,20,
All sensors,BFinter_domAmp,141,False,20,
All sensors,gyroy_maxVal,142,False,20,
All sensors,PLinter_dwtEnergy,143,False,20,
All sensors,BFinter_meanVal,144,False,20,
All sensors,accy_sdVal,145,False,20,
All sensors,RFinter_maxVal,146,False,20,
All sensors,gyroy_meanFreq,147,False,20,
All sensors,BFinter_maxVal,148,False,20,
All sensors,RFinter_peakToPeak,149,False,20,
All sensors,accy_cvVal,150,False,20,
All sensors,PLinter_medianFreq,151,False,20,
All sensors,RFinter_waveformLength,152,False,20,
All sensors,PLinter_rmsVal,153,False,20,
All sensors,TAinter_dwtEnergy,154,False,20,
All sensors,accy_psdMean,155,False,20,
All sensors,GMinter_mavVal,156,False,20,
All sensors,accz_psdAsymmetry,157,False,20,
All sensors,RFinter_harmonicRatio,158,False,20,
All sensors,MGinter_varVal,159,False,20,
All sensors,accx_psdAsymmetry,160,False,20,
All sensors,TAinter_psdMean,161,False,20,
All sensors,TAinter_meanPowerFreq,162,False,20,
All sensors,accy_varVal,163,False,20,
All sensors,RFinter_cwtMean,164,False,20,
All sensors,gyroy_psdAsymmetry,165,False,20,
All sensors,BFinter_dwtEnergy,166,False,20,
All sensors,MGinter_dwtEnergy,167,False,20,
All sensors,MGinter_sdVal,168,False,20,
All sensors,MGinter_meanPowerFreq,169,False,20,
All sensors,gyrox_psdAsymmetry,170,False,20,
All sensors,MGinter_psdMean,171,False,20,
All sensors,MGinter_rmsVal,172,False,20,
All sensors,PLinter_mavVal,173,False,20,
All sensors,TAinter_mavVal,174,False,20,
All sensors,TAinter_meanFreq,175,False,20,
All sensors,MGinter_mavVal,176,False,20,
All sensors,TAinter_rmsVal,177,False,20,
All sensors,RFinter_logDetector,178,False,20,
All sensors,accz_domAmp,179,False,20,
All sensors,TAinter_logDetector,180,False,20,
All sensors,TAinter_sdVal,181,False,20,
All sensors,PLinter_meanVal,182,False,20,
All sensors,PLinter_logDetector,183,False,20,
All sensors,accy_psdAsymmetry,184,False,20,
All sensors,MGinter_meanVal,185,False,20,
All sensors,RFinter_mavVal,186,False,20,
All sensors,TAinter_emdEnergy,187,False,20,
All sensors,RFinter_varVal,188,False,20,
All sensors,MGinter_domAmp,189,False,20,
All sensors,PLinter_waveformLength,190,False,20,
All sensors,TAinter_meanVal,191,False,20,
All sensors,RFinter_sdVal,192,False,20,
All sensors,accz_meanFreq,193,False,20,
All sensors,accx_medianFreq,194,False,20,
All sensors,MGinter_emdEnergy,195,False,20,
All sensors,GMinter_domAmp,196,False,20,
All sensors,BFinter_psdMean,197,False,20,
All sensors,TAinter_cwtMean,198,False,20,
All sensors,BFinter_meanPowerFreq,199,False,20,
All sensors,RFinter_emdEnergy,200,False,20,
All sensors,MGinter_peakToPeak,201,False,20,
All sensors,RFinter_rmsVal,202,False,20,
All sensors,BFinter_sdVal,203,False,20,
All sensors,TAinter_domFreq,204,False,20,
All sensors,TAinter_varVal,205,False,20,
All sensors,GMinter_waveformLength,206,False,20,
All sensors,accz_medianFreq,207,False,20,
All sensors,BFinter_medianFreq,208,False,20,
All sensors,MGinter_specEntropy,209,False,20,
All sensors,TAinter_peakToPeak,210,False,20,
All sensors,MGinter_logDetector,211,False,20,
All sensors,GMinter_meanVal,212,False,20,
All sensors,BFinter_rmsVal,213,False,20,
All sensors,RFinter_meanVal,214,False,20,
All sensors,RFinter_psdMean,215,False,20,
All sensors,RFinter_meanPowerFreq,216,False,20,
All sensors,BFinter_emdEnergy,217,False,20,
All sensors,MGinter_maxVal,218,False,20,
All sensors,PLinter_domAmp,219,False,20,
All sensors,RFinter_dwtEnergy,220,False,20,
All sensors,TAinter_maxVal,221,False,20,
All sensors,GMinter_psdAsymmetry,1,True,30,0.6260810256454192
All sensors,MGinter_cvVal,1,True,30,0.5829983949191148
All sensors,BFinter_cvVal,1,True,30,0.540454742689354
All sensors,gyroz_maxVal,1,True,30,0.47987273560476407
All sensors,TAinter_harmonicRatio,1,True,30,0.43605626569299183
All sensors,BFinter_logDetector,1,True,30,0.43258612913373923
All sensors,accz_meanVal,1,True,30,0.42816891160116527
All sensors,gyrox_domFreq,1,True,30,0.4183063177486148
All sensors,accy_domAmp,1,True,30,0.39679375294746183
All sensors,MGinter_psdAsymmetry,1,True,30,0.3816398357033875
All sensors,PLinter_cvVal,1,True,30,0.37929994365846764
All sensors,gyroz_cvVal,1,True,30,0.37588327749579964
All sensors,BFinter_waveformLength,1,True,30,0.36422300467672963
All sensors,gyrox_cvVal,1,True,30,0.36296970850472726
All sensors,RFinter_minVal,1,True,30,0.36069403541146916
All sensors,gyroy_minVal,1,True,30,0.35989486753678585
All sensors,gyroz_peakToPeak,1,True,30,0.3527819679020392
All sensors,gyrox_harmonicRatio,1,True,30,0.32912078835744424
All sensors,gyroz_meanFreq,1,True,30,0.31931622569283347
All sensors,gyroz_domAmp,1,True,30,0.31233275962835433
All sensors,gyroz_varVal,1,True,30,0.30349541564722443
All sensors,gyroz_psdMean,1,True,30,0.3013867280862264
All sensors,MGinter_minVal,1,True,30,0.29549480764005376
All sensors,gyroy_peakToPeak,1,True,30,0.29049978719797537
All sensors,accz_rmsVal,1,True,30,0.2829252429078879
All sensors,gyroz_meanVal,1,True,30,0.28191566131887374
All sensors,gyroz_specEntropy,1,True,30,0.2728129226554334
All sensors,gyroz_mavVal,1,True,30,0.2527261171253278
All sensors,TAinter_psdAsymmetry,1,True,30,0.245854113364769
All sensors,GMinter_harmonicRatio,1,True,30,0.2208157569587833
All sensors,accx_minVal,2,False,30,
All sensors,accy_specEntropy,3,False,30,
All sensors,RFinter_meanFreq,4,False,30,
All sensors,gyrox_mavVal,5,False,30,
All sensors,gyroz_sdVal,6,False,30,
All sensors,accy_maxVal,7,False,30,
All sensors,accy_harmonicRatio,8,False,30,
All sensors,BFinter_specEntropy,9,False,30,
All sensors,gyroz_harmonicRatio,10,False,30,
All sensors,GMinter_meanFreq,11,False,30,
All sensors,PLinter_harmonicRatio,12,False,30,
All sensors,accx_meanVal,13,False,30,
All sensors,gyroy_meanVal,14,False,30,
All sensors,accz_minVal,15,False,30,
All sensors,TAinter_cvVal,16,False,30,
All sensors,gyroz_rmsVal,17,False,30,
All sensors,GMinter_domFreq,18,False,30,
All sensors,BFinter_mavVal,19,False,30,
All sensors,RFinter_psdAsymmetry,20,False,30,
All sensors,accx_mavVal,21,False,30,
All sensors,accy_medianFreq,22,False,30,
All sensors,gyrox_medianFreq,23,False,30,
All sensors,MGinter_meanFreq,24,False,30,
All sensors,MGinter_domFreq,25,False,30,
All sensors,accy_meanVal,26,False,30,
All sensors,accz_domFreq,27,False,30,
All sensors,accx_domAmp,28,False,30,
All sensors,RFinter_cvVal,29,False,30,
All sensors,accx_peakToPeak,30,False,30,
All sensors,gyroy_cvVal,31,False,30,
All sensors,gyroz_minVal,32,False,30,
All sensors,gyrox_specEntropy,33,False,30,
All sensors,accx_varVal,34,False,30,
All sensors,PLinter_varVal,35,False,30,
All sensors,gyroy_rmsVal,36,False,30,
All sensors,MGinter_harmonicRatio,37,False,30,
All sensors,GMinter_minVal,38,False,30,
All sensors,GMinter_cvVal,39,False,30,
All sensors,accx_rmsVal,40,False,30,
All sensors,gyroz_psdAsymmetry,41,False,30,
All sensors,gyroz_domFreq,42,False,30,
All sensors,accz_sdVal,43,False,30,
All sensors,accx_harmonicRatio,44,False,30,
All sensors,PLinter_psdMean,45,False,30,
All sensors,accz_harmonicRatio,46,False,30,
All sensors,accy_rmsVal,47,False,30,
All sensors,MGinter_medianFreq,48,False,30,
All sensors,BFinter_minVal,49,False,30,
All sensors,TAinter_minVal,50,False,30,
All sensors,PLinter_psdAsymmetry,51,False,30,
All sensors,PLinter_meanPowerFreq,52,False,30,
All sensors,gyrox_rmsVal,53,False,30,
All sensors,accx_sdVal,54,False,30,
All sensors,RFinter_domFreq,55,False,30,
All sensors,accx_domFreq,56,False,30,
All sensors,gyroy_mavVal,57,False,30,
All sensors,BFinter_meanFreq,58,False,30,
All sensors,accx_psdMean,59,False,30,
All sensors,gyroy_domFreq,60,False,30,
All sensors,GMinter_cwtMean,61,False,30,
All sensors,accy_domFreq,62,False,30,
All sensors,gyrox_sdVal,63,False,30,
All sensors,accx_cvVal,64,False,30,
All sensors,gyroz_medianFreq,65,False,30,
All sensors,gyroy_harmonicRatio,66,False,30,
All sensors,gyroy_medianFreq,67,False,30,
All sensors,gyrox_meanVal,68,False,30,
All sensors,GMinter_medianFreq,69,False,30,
All sensors,PLinter_maxVal,70,False,30,
All sensors,GMinter_emdEnergy,71,False,30,
All sensors,gyrox_domAmp,72,False,30,
All sensors,gyroy_domAmp,73,False,30,
All sensors,accz_varVal,74,False,30,
All sensors,accx_maxVal,75,False,30,
All sensors,gyrox_meanFreq,76,False,30,
All sensors,gyrox_maxVal,77,False,30,
All sensors,BFinter_domFreq,78,False,30,
All sensors,accx_meanFreq,79,False,30,
All sensors,PLinter_peakToPeak,80,False,30,
All sensors,GMinter_peakToPeak,81,False,30,
All sensors,accy_mavVal,82,False,30,
All sensors,MGinter_cwtMean,83,False,30,
All sensors,gyroy_specEntropy,84,False,30,
All sensors,accz_mavVal,85,False,30,
All sensors,accz_cvVal,86,False,30,
All sensors,gyroy_psdMean,87,False,30,
All sensors,RFinter_medianFreq,88,False,30,
All sensors,gyroy_sdVal,89,False,30,
All sensors,PLinter_minVal,90,False,30,
All sensors,PLinter_cwtMean,91,False,30,
All sensors,BFinter_psdAsymmetry,92,False,30,
All sensors,TAinter_domAmp,93,False,30,
All sensors,GMinter_maxVal,94,False,30,
All sensors,PLinter_domFreq,95,False,30,
All sensors,BFinter_harmonicRatio,96,False,30,
All sensors,BFinter_peakToPeak,97,False,30,
All sensors,accy_meanFreq,98,False,30,
All sensors,accy_peakToPeak,99,False,30,
All sensors,gyroy_varVal,100,False,30,
All sensors,PLinter_specEntropy,101,False,30,
All sensors,accx_specEntropy,102,False,30,
All sensors,GMinter_varVal,103,False,30,
All sensors,gyrox_peakToPeak,104,False,30,
All sensors,RFinter_specEntropy,105,False,30,
All sensors,GMinter_meanPowerFreq,106,False,30,
All sensors,TAinter_waveformLength,107,False,30,
All sensors,MGinter_waveformLength,108,False,30,
All sensors,accz_specEntropy,109,False,30,
All sensors,gyrox_varVal,110,False,30,
All sensors,accz_maxVal,111,False,30,
All sensors,GMinter_psdMean,112,False,30,
All sensors,PLinter_emdEnergy,113,False,30,
All sensors,BFinter_varVal,114,False,30,
All sensors,GMinter_logDetector,115,False,30,
All sensors,gyrox_minVal,116,False,30,
All sensors,GMinter_sdVal,117,False,30,
All sensors,gyrox_psdMean,118,False,30,
All sensors,accz_peakToPeak,119,False,30,
All sensors,TAinter_specEntropy,120,False,30,
All sensors,GMinter_specEntropy,121,False,30,
All sensors,PLinter_meanFreq,122,False,30,
All sensors,GMinter_rmsVal,123,False,30,
All sensors,BFinter_cwtMean,124,False,30,
All sensors,accz_psdMean,125,False,30,
All sensors,GMinter_dwtEnergy,126,False,30,
All sensors,accy_minVal,127,False,30,
All sensors,PLinter_sdVal,128,False,30,
All sensors,RFinter_domAmp,129,False,30,
All sensors,TAinter_medianFreq,130,False,30,
All sensors,BFinter_domAmp,131,False,30,
All sensors,gyroy_maxVal,132,False,30,
All sensors,PLinter_dwtEnergy,133,False,30,
All sensors,BFinter_meanVal,134,False,30,
All sensors,accy_sdVal,135,False,30,
All sensors,RFinter_maxVal,136,False,30,
All sensors,gyroy_meanFreq,137,False,30,
All sensors,BFinter_maxVal,138,False,30,
All sensors,RFinter_peakToPeak,139,False,30,
All sensors,accy_cvVal,140,False,30,
All sensors,PLinter_medianFreq,141,False,30,
All sensors,RFinter_waveformLength,142,False,30,
All sensors,PLinter_rmsVal,143,False,30,
All sensors,TAinter_dwtEnergy,144,False,30,
All sensors,accy_psdMean,145,False,30,
All sensors,GMinter_mavVal,146,False,30,
All sensors,accz_psdAsymmetry,147,False,30,
All sensors,RFinter_harmonicRatio,148,False,30,
All sensors,MGinter_varVal,149,False,30,
All sensors,accx_psdAsymmetry,150,False,30,
All sensors,TAinter_psdMean,151,False,30,
All sensors,TAinter_meanPowerFreq,152,False,30,
All sensors,accy_varVal,153,False,30,
All sensors,RFinter_cwtMean,154,False,30,
All sensors,gyroy_psdAsymmetry,155,False,30,
All sensors,BFinter_dwtEnergy,156,False,30,
All sensors,MGinter_dwtEnergy,157,False,30,
All sensors,MGinter_sdVal,158,False,30,
All sensors,MGinter_meanPowerFreq,159,False,30,
All sensors,gyrox_psdAsymmetry,160,False,30,
All sensors,MGinter_psdMean,161,False,30,
All sensors,MGinter_rmsVal,162,False,30,
All sensors,PLinter_mavVal,163,False,30,
All sensors,TAinter_mavVal,164,False,30,
All sensors,TAinter_meanFreq,165,False,30,
All sensors,MGinter_mavVal,166,False,30,
All sensors,TAinter_rmsVal,167,False,30,
All sensors,RFinter_logDetector,168,False,30,
All sensors,accz_domAmp,169,False,30,
All sensors,TAinter_logDetector,170,False,30,
All sensors,TAinter_sdVal,171,False,30,
All sensors,PLinter_meanVal,172,False,30,
All sensors,PLinter_logDetector,173,False,30,
All sensors,accy_psdAsymmetry,174,False,30,
All sensors,MGinter_meanVal,175,False,30,
All sensors,RFinter_mavVal,176,False,30,
All sensors,TAinter_emdEnergy,177,False,30,
All sensors,RFinter_varVal,178,False,30,
All sensors,MGinter_domAmp,179,False,30,
All sensors,PLinter_waveformLength,180,False,30,
All sensors,TAinter_meanVal,181,False,30,
All sensors,RFinter_sdVal,182,False,30,
All sensors,accz_meanFreq,183,False,30,
All sensors,accx_medianFreq,184,False,30,
All sensors,MGinter_emdEnergy,185,False,30,
All sensors,GMinter_domAmp,186,False,30,
All sensors,BFinter_psdMean,187,False,30,
All sensors,TAinter_cwtMean,188,False,30,
All sensors,BFinter_meanPowerFreq,189,False,30,
All sensors,RFinter_emdEnergy,190,False,30,
All sensors,MGinter_peakToPeak,191,False,30,
All sensors,RFinter_rmsVal,192,False,30,
All sensors,BFinter_sdVal,193,False,30,
All sensors,TAinter_domFreq,194,False,30,
All sensors,TAinter_varVal,195,False,30,
All sensors,GMinter_waveformLength,196,False,30,
All sensors,accz_medianFreq,197,False,30,
All sensors,BFinter_medianFreq,198,False,30,
All sensors,MGinter_specEntropy,199,False,30,
All sensors,TAinter_peakToPeak,200,False,30,
All sensors,MGinter_logDetector,201,False,30,
All sensors,GMinter_meanVal,202,False,30,
All sensors,BFinter_rmsVal,203,False,30,
All sensors,RFinter_meanVal,204,False,30,
All sensors,RFinter_psdMean,205,False,30,
All sensors,RFinter_meanPowerFreq,206,False,30,
All sensors,BFinter_emdEnergy,207,False,30,
All sensors,MGinter_maxVal,208,False,30,
All sensors,PLinter_domAmp,209,False,30,
All sensors,RFinter_dwtEnergy,210,False,30,
All sensors,TAinter_maxVal,211,False,30,
All sensors,GMinter_psdAsymmetry,1,True,40,0.5022440553640561
All sensors,MGinter_cvVal,1,True,40,0.492020065624245
All sensors,TAinter_harmonicRatio,1,True,40,0.45965129885946676
All sensors,BFinter_cvVal,1,True,40,0.4433042296021865
All sensors,gyrox_domFreq,1,True,40,0.4431750085655395
All sensors,accz_meanVal,1,True,40,0.42537498570842697
All sensors,gyroz_maxVal,1,True,40,0.42500722142167596
All sensors,PLinter_cvVal,1,True,40,0.3844865862623785
All sensors,gyroy_minVal,1,True,40,0.3698372348665819
All sensors,BFinter_logDetector,1,True,40,0.36370559109686057
All sensors,MGinter_psdAsymmetry,1,True,40,0.3517169384365135
All sensors,gyroz_cvVal,1,True,40,0.35049180565308796
All sensors,gyrox_cvVal,1,True,40,0.3463071276143848
All sensors,gyrox_harmonicRatio,1,True,40,0.34545122710725473
All sensors,RFinter_minVal,1,True,40,0.31784552445200975
All sensors,gyroz_peakToPeak,1,True,40,0.313099870720824
All sensors,accz_rmsVal,1,True,40,0.28350354113989434
All sensors,gyroz_domAmp,1,True,40,0.27631379349127816
All sensors,gyroz_meanFreq,1,True,40,0.27463433929297126
All sensors,MGinter_minVal,1,True,40,0.27320903382435263
All sensors,BFinter_waveformLength,1,True,40,0.2722146016108384
All sensors,gyroz_psdMean,1,True,40,0.272040667464186
All sensors,gyroz_varVal,1,True,40,0.2718707440176239
All sensors,TAinter_psdAsymmetry,1,True,40,0.26458072574244085
All sensors,GMinter_harmonicRatio,1,True,40,0.2621504568127235
All sensors,accx_minVal,1,True,40,0.26180346053295794
All sensors,gyroz_specEntropy,1,True,40,0.25937516916310066
All sensors,accy_domAmp,1,True,40,0.24730143707978303
All sensors,gyroy_peakToPeak,1,True,40,0.24657144652339083
All sensors,accy_specEntropy,1,True,40,0.24591052944472006
All sensors,gyroz_meanVal,1,True,40,0.23351760229932425
All sensors,gyroz_mavVal,1,True,40,0.22711243021641114
All sensors,gyrox_mavVal,1,True,40,0.22232911361925145
All sensors,RFinter_meanFreq,1,True,40,0.20880369493721584
All sensors,GMinter_meanFreq,1,True,40,0.20837122802919317
All sensors,accy_maxVal,1,True,40,0.20630057961445133
All sensors,accy_harmonicRatio,1,True,40,0.2039272162163762
All sensors,gyroz_harmonicRatio,1,True,40,0.2014485926267764
All sensors,gyroz_sdVal,1,True,40,0.19959745069285295
All sensors,BFinter_specEntropy,1,True,40,0.172289879583676
All sensors,PLinter_harmonicRatio,2,False,40,
All sensors,accx_meanVal,3,False,40,
All sensors,gyroy_meanVal,4,False,40,
All sensors,accz_minVal,5,False,40,
All sensors,TAinter_cvVal,6,False,40,
All sensors,gyroz_rmsVal,7,False,40,
All sensors,GMinter_domFreq,8,False,40,
All sensors,BFinter_mavVal,9,False,40,
All sensors,RFinter_psdAsymmetry,10,False,40,
All sensors,accx_mavVal,11,False,40,
All sensors,accy_medianFreq,12,False,40,
All sensors,gyrox_medianFreq,13,False,40,
All sensors,MGinter_meanFreq,14,False,40,
All sensors,MGinter_domFreq,15,False,40,
All sensors,accy_meanVal,16,False,40,
All sensors,accz_domFreq,17,False,40,
All sensors,accx_domAmp,18,False,40,
All sensors,RFinter_cvVal,19,False,40,
All sensors,accx_peakToPeak,20,False,40,
All sensors,gyroy_cvVal,21,False,40,
All sensors,gyroz_minVal,22,False,40,
All sensors,gyrox_specEntropy,23,False,40,
All sensors,accx_varVal,24,False,40,
All sensors,PLinter_varVal,25,False,40,
All sensors,gyroy_rmsVal,26,False,40,
All sensors,MGinter_harmonicRatio,27,False,40,
All sensors,GMinter_minVal,28,False,40,
All sensors,GMinter_cvVal,29,False,40,
All sensors,accx_rmsVal,30,False,40,
All sensors,gyroz_psdAsymmetry,31,False,40,
All sensors,gyroz_domFreq,32,False,40,
All sensors,accz_sdVal,33,False,40,
All sensors,accx_harmonicRatio,34,False,40,
All sensors,PLinter_psdMean,35,False,40,
All sensors,accz_harmonicRatio,36,False,40,
All sensors,accy_rmsVal,37,False,40,
All sensors,MGinter_medianFreq,38,False,40,
All sensors,BFinter_minVal,39,False,40,
All sensors,TAinter_minVal,40,False,40,
All sensors,PLinter_psdAsymmetry,41,False,40,
All sensors,PLinter_meanPowerFreq,42,False,40,
All sensors,gyrox_rmsVal,43,False,40,
All sensors,accx_sdVal,44,False,40,
All sensors,RFinter_domFreq,45,False,40,
All sensors,accx_domFreq,46,False,40,
All sensors,gyroy_mavVal,47,False,40,
All sensors,BFinter_meanFreq,48,False,40,
All sensors,accx_psdMean,49,False,40,
All sensors,gyroy_domFreq,50,False,40,
All sensors,GMinter_cwtMean,51,False,40,
All sensors,accy_domFreq,52,False,40,
All sensors,gyrox_sdVal,53,False,40,
All sensors,accx_cvVal,54,False,40,
All sensors,gyroz_medianFreq,55,False,40,
All sensors,gyroy_harmonicRatio,56,False,40,
All sensors,gyroy_medianFreq,57,False,40,
All sensors,gyrox_meanVal,58,False,40,
All sensors,GMinter_medianFreq,59,False,40,
All sensors,PLinter_maxVal,60,False,40,
All sensors,GMinter_emdEnergy,61,False,40,
All sensors,gyrox_domAmp,62,False,40,
All sensors,gyroy_domAmp,63,False,40,
All sensors,accz_varVal,64,False,40,
All sensors,accx_maxVal,65,False,40,
All sensors,gyrox_meanFreq,66,False,40,
All sensors,gyrox_maxVal,67,False,40,
All sensors,BFinter_domFreq,68,False,40,
All sensors,accx_meanFreq,69,False,40,
All sensors,PLinter_peakToPeak,70,False,40,
All sensors,GMinter_peakToPeak,71,False,40,
All sensors,accy_mavVal,72,False,40,
All sensors,MGinter_cwtMean,73,False,40,
All sensors,gyroy_specEntropy,74,False,40,
All sensors,accz_mavVal,75,False,40,
All sensors,accz_cvVal,76,False,40,
All sensors,gyroy_psdMean,77,False,40,
All sensors,RFinter_medianFreq,78,False,40,
All sensors,gyroy_sdVal,79,False,40,
All sensors,PLinter_minVal,80,False,40,
All sensors,PLinter_cwtMean,81,False,40,
All sensors,BFinter_psdAsymmetry,82,False,40,
All sensors,TAinter_domAmp,83,False,40,
All sensors,GMinter_maxVal,84,False,40,
All sensors,PLinter_domFreq,85,False,40,
All sensors,BFinter_harmonicRatio,86,False,40,
All sensors,BFinter_peakToPeak,87,False,40,
All sensors,accy_meanFreq,88,False,40,
All sensors,accy_peakToPeak,89,False,40,
All sensors,gyroy_varVal,90,False,40,
All sensors,PLinter_specEntropy,91,False,40,
All sensors,accx_specEntropy,92,False,40,
All sensors,GMinter_varVal,93,False,40,
All sensors,gyrox_peakToPeak,94,False,40,
All sensors,RFinter_specEntropy,95,False,40,
All sensors,GMinter_meanPowerFreq,96,False,40,
All sensors,TAinter_waveformLength,97,False,40,
All sensors,MGinter_waveformLength,98,False,40,
All sensors,accz_specEntropy,99,False,40,
All sensors,gyrox_varVal,100,False,40,
All sensors,accz_maxVal,101,False,40,
All sensors,GMinter_psdMean,102,False,40,
All sensors,PLinter_emdEnergy,103,False,40,
All sensors,BFinter_varVal,104,False,40,
All sensors,GMinter_logDetector,105,False,40,
All sensors,gyrox_minVal,106,False,40,
All sensors,GMinter_sdVal,107,False,40,
All sensors,gyrox_psdMean,108,False,40,
All sensors,accz_peakToPeak,109,False,40,
All sensors,TAinter_specEntropy,110,False,40,
All sensors,GMinter_specEntropy,111,False,40,
All sensors,PLinter_meanFreq,112,False,40,
All sensors,GMinter_rmsVal,113,False,40,
All sensors,BFinter_cwtMean,114,False,40,
All sensors,accz_psdMean,115,False,40,
All sensors,GMinter_dwtEnergy,116,False,40,
All sensors,accy_minVal,117,False,40,
All sensors,PLinter_sdVal,118,False,40,
All sensors,RFinter_domAmp,119,False,40,
All sensors,TAinter_medianFreq,120,False,40,
All sensors,BFinter_domAmp,121,False,40,
All sensors,gyroy_maxVal,122,False,40,
All sensors,PLinter_dwtEnergy,123,False,40,
All sensors,BFinter_meanVal,124,False,40,
All sensors,accy_sdVal,125,False,40,
All sensors,RFinter_maxVal,126,False,40,
All sensors,gyroy_meanFreq,127,False,40,
All sensors,BFinter_maxVal,128,False,40,
All sensors,RFinter_peakToPeak,129,False,40,
All sensors,accy_cvVal,130,False,40,
All sensors,PLinter_medianFreq,131,False,40,
All sensors,RFinter_waveformLength,132,False,40,
All sensors,PLinter_rmsVal,133,False,40,
All sensors,TAinter_dwtEnergy,134,False,40,
All sensors,accy_psdMean,135,False,40,
All sensors,GMinter_mavVal,136,False,40,
All sensors,accz_psdAsymmetry,137,False,40,
All sensors,RFinter_harmonicRatio,138,False,40,
All sensors,MGinter_varVal,139,False,40,
All sensors,accx_psdAsymmetry,140,False,40,
All sensors,TAinter_psdMean,141,False,40,
All sensors,TAinter_meanPowerFreq,142,False,40,
All sensors,accy_varVal,143,False,40,
All sensors,RFinter_cwtMean,144,False,40,
All sensors,gyroy_psdAsymmetry,145,False,40,
All sensors,BFinter_dwtEnergy,146,False,40,
All sensors,MGinter_dwtEnergy,147,False,40,
All sensors,MGinter_sdVal,148,False,40,
All sensors,MGinter_meanPowerFreq,149,False,40,
All sensors,gyrox_psdAsymmetry,150,False,40,
All sensors,MGinter_psdMean,151,False,40,
All sensors,MGinter_rmsVal,152,False,40,
All sensors,PLinter_mavVal,153,False,40,
All sensors,TAinter_mavVal,154,False,40,
All sensors,TAinter_meanFreq,155,False,40,
All sensors,MGinter_mavVal,156,False,40,
All sensors,TAinter_rmsVal,157,False,40,
All sensors,RFinter_logDetector,158,False,40,
All sensors,accz_domAmp,159,False,40,
All sensors,TAinter_logDetector,160,False,40,
All sensors,TAinter_sdVal,161,False,40,
All sensors,PLinter_meanVal,162,False,40,
All sensors,PLinter_logDetector,163,False,40,
All sensors,accy_psdAsymmetry,164,False,40,
All sensors,MGinter_meanVal,165,False,40,
All sensors,RFinter_mavVal,166,False,40,
All sensors,TAinter_emdEnergy,167,False,40,
All sensors,RFinter_varVal,168,False,40,
All sensors,MGinter_domAmp,169,False,40,
All sensors,PLinter_waveformLength,170,False,40,
All sensors,TAinter_meanVal,171,False,40,
All sensors,RFinter_sdVal,172,False,40,
All sensors,accz_meanFreq,173,False,40,
All sensors,accx_medianFreq,174,False,40,
All sensors,MGinter_emdEnergy,175,False,40,
All sensors,GMinter_domAmp,176,False,40,
All sensors,BFinter_psdMean,177,False,40,
All sensors,TAinter_cwtMean,178,False,40,
All sensors,BFinter_meanPowerFreq,179,False,40,
All sensors,RFinter_emdEnergy,180,False,40,
All sensors,MGinter_peakToPeak,181,False,40,
All sensors,RFinter_rmsVal,182,False,40,
All sensors,BFinter_sdVal,183,False,40,
All sensors,TAinter_domFreq,184,False,40,
All sensors,TAinter_varVal,185,False,40,
All sensors,GMinter_waveformLength,186,False,40,
All sensors,accz_medianFreq,187,False,40,
All sensors,BFinter_medianFreq,188,False,40,
All sensors,MGinter_specEntropy,189,False,40,
All sensors,TAinter_peakToPeak,190,False,40,
All sensors,MGinter_logDetector,191,False,40,
All sensors,GMinter_meanVal,192,False,40,
All sensors,BFinter_rmsVal,193,False,40,
All sensors,RFinter_meanVal,194,False,40,
All sensors,RFinter_psdMean,195,False,40,
All sensors,RFinter_meanPowerFreq,196,False,40,
All sensors,BFinter_emdEnergy,197,False,40,
All sensors,MGinter_maxVal,198,False,40,
All sensors,PLinter_domAmp,199,False,40,
All sensors,RFinter_dwtEnergy,200,False,40,
All sensors,TAinter_maxVal,201,False,40,
All sensors,MGinter_cvVal,1,True,50,0.4916167194785916
All sensors,GMinter_psdAsymmetry,1,True,50,0.4798849392315625
All sensors,TAinter_harmonicRatio,1,True,50,0.42623837416824334
All sensors,gyrox_domFreq,1,True,50,0.4108097011290324
All sensors,BFinter_cvVal,1,True,50,0.40014389728892014
All sensors,PLinter_cvVal,1,True,50,0.38396052610856796
All sensors,gyrox_harmonicRatio,1,True,50,0.3805519946254681
All sensors,gyroz_maxVal,1,True,50,0.3670081746014176
All sensors,MGinter_psdAsymmetry,1,True,50,0.36510658350583
All sensors,gyroy_minVal,1,True,50,0.35428276489380234
All sensors,gyroz_cvVal,1,True,50,0.3448677906054188
All sensors,accz_meanVal,1,True,50,0.34383196245795117
All sensors,BFinter_logDetector,1,True,50,0.33648927573565396
All sensors,RFinter_minVal,1,True,50,0.3028973303918259
All sensors,gyrox_cvVal,1,True,50,0.2958128435316285
All sensors,BFinter_waveformLength,1,True,50,0.2792617476891202
All sensors,GMinter_meanFreq,1,True,50,0.27475090704177535
All sensors,accz_rmsVal,1,True,50,0.2736574133926904
All sensors,gyroz_peakToPeak,1,True,50,0.27082676122004695
All sensors,accx_minVal,1,True,50,0.2545783615851196
All sensors,gyroz_specEntropy,1,True,50,0.24964758536756518
All sensors,gyroz_meanFreq,1,True,50,0.24678497080593123
All sensors,GMinter_harmonicRatio,1,True,50,0.23953508908519264
All sensors,accy_domAmp,1,True,50,0.2332764981667531
All sensors,MGinter_minVal,1,True,50,0.232956507945451
All sensors,gyroz_domAmp,1,True,50,0.23259858301907646
All sensors,gyroz_meanVal,1,True,50,0.2284916221420793
All sensors,gyroy_meanVal,1,True,50,0.22705264154476593
All sensors,gyroz_varVal,1,True,50,0.2266803587012701
All sensors,gyroz_psdMean,1,True,50,0.22559985223448653
All sensors,gyroy_peakToPeak,1,True,50,0.21917414239100594
All sensors,TAinter_psdAsymmetry,1,True,50,0.2145391126796893
All sensors,accy_maxVal,1,True,50,0.21369494869329464
All sensors,gyrox_mavVal,1,True,50,0.20578745305628007
All sensors,BFinter_mavVal,1,True,50,0.20263029842334376
All sensors,accy_specEntropy,1,True,50,0.20044397053520058
All sensors,accy_harmonicRatio,1,True,50,0.19957313116357847
All sensors,gyroz_mavVal,1,True,50,0.19883274018582872
All sensors,TAinter_cvVal,1,True,50,0.19695957346909654
All sensors,accz_minVal,1,True,50,0.1953479772331751
All sensors,RFinter_meanFreq,1,True,50,0.19445216994257283
All sensors,GMinter_domFreq,1,True,50,0.19393678956626306
All sensors,RFinter_psdAsymmetry,1,True,50,0.18835139810652649
All sensors,PLinter_harmonicRatio,1,True,50,0.1877933137633837
All sensors,gyroz_harmonicRatio,1,True,50,0.18019461719429983
All sensors,BFinter_specEntropy,1,True,50,0.1704194542744435
All sensors,gyroz_sdVal,1,True,50,0.1677110320739389
All sensors,gyroz_rmsVal,1,True,50,0.1670437883869511
All sensors,accx_meanVal,1,True,50,0.15377709438348477
All sensors,accx_mavVal,1,True,50,0.15367501647144755
All sensors,accy_medianFreq,2,False,50,
All sensors,gyrox_medianFreq,3,False,50,
All sensors,MGinter_meanFreq,4,False,50,
All sensors,MGinter_domFreq,5,False,50,
All sensors,accy_meanVal,6,False,50,
All sensors,accz_domFreq,7,False,50,
All sensors,accx_domAmp,8,False,50,
All sensors,RFinter_cvVal,9,False,50,
All sensors,accx_peakToPeak,10,False,50,
All sensors,gyroy_cvVal,11,False,50,
All sensors,gyroz_minVal,12,False,50,
All sensors,gyrox_specEntropy,13,False,50,
All sensors,accx_varVal,14,False,50,
All sensors,PLinter_varVal,15,False,50,
All sensors,gyroy_rmsVal,16,False,50,
All sensors,MGinter_harmonicRatio,17,False,50,
All sensors,GMinter_minVal,18,False,50,
All sensors,GMinter_cvVal,19,False,50,
All sensors,accx_rmsVal,20,False,50,
All sensors,gyroz_psdAsymmetry,21,False,50,
All sensors,gyroz_domFreq,22,False,50,
All sensors,accz_sdVal,23,False,50,
All sensors,accx_harmonicRatio,24,False,50,
All sensors,PLinter_psdMean,25,False,50,
All sensors,accz_harmonicRatio,26,False,50,
All sensors,accy_rmsVal,27,False,50,
All sensors,MGinter_medianFreq,28,False,50,
All sensors,BFinter_minVal,29,False,50,
All sensors,TAinter_minVal,30,False,50,
All sensors,PLinter_psdAsymmetry,31,False,50,
All sensors,PLinter_meanPowerFreq,32,False,50,
All sensors,gyrox_rmsVal,33,False,50,
All sensors,accx_sdVal,34,False,50,
All sensors,RFinter_domFreq,35,False,50,
All sensors,accx_domFreq,36,False,50,
All sensors,gyroy_mavVal,37,False,50,
All sensors,BFinter_meanFreq,38,False,50,
All sensors,accx_psdMean,39,False,50,
All sensors,gyroy_domFreq,40,False,50,
All sensors,GMinter_cwtMean,41,False,50,
All sensors,accy_domFreq,42,False,50,
All sensors,gyrox_sdVal,43,False,50,
All sensors,accx_cvVal,44,False,50,
All sensors,gyroz_medianFreq,45,False,50,
All sensors,gyroy_harmonicRatio,46,False,50,
All sensors,gyroy_medianFreq,47,False,50,
All sensors,gyrox_meanVal,48,False,50,
All sensors,GMinter_medianFreq,49,False,50,
All sensors,PLinter_maxVal,50,False,50,
All sensors,GMinter_emdEnergy,51,False,50,
All sensors,gyrox_domAmp,52,False,50,
All sensors,gyroy_domAmp,53,False,50,
All sensors,accz_varVal,54,False,50,
All sensors,accx_maxVal,55,False,50,
All sensors,gyrox_meanFreq,56,False,50,
All sensors,gyrox_maxVal,57,False,50,
All sensors,BFinter_domFreq,58,False,50,
All sensors,accx_meanFreq,59,False,50,
All sensors,PLinter_peakToPeak,60,False,50,
All sensors,GMinter_peakToPeak,61,False,50,
All sensors,accy_mavVal,62,False,50,
All sensors,MGinter_cwtMean,63,False,50,
All sensors,gyroy_specEntropy,64,False,50,
All sensors,accz_mavVal,65,False,50,
All sensors,accz_cvVal,66,False,50,
All sensors,gyroy_psdMean,67,False,50,
All sensors,RFinter_medianFreq,68,False,50,
All sensors,gyroy_sdVal,69,False,50,
All sensors,PLinter_minVal,70,False,50,
All sensors,PLinter_cwtMean,71,False,50,
All sensors,BFinter_psdAsymmetry,72,False,50,
All sensors,TAinter_domAmp,73,False,50,
All sensors,GMinter_maxVal,74,False,50,
All sensors,PLinter_domFreq,75,False,50,
All sensors,BFinter_harmonicRatio,76,False,50,
All sensors,BFinter_peakToPeak,77,False,50,
All sensors,accy_meanFreq,78,False,50,
All sensors,accy_peakToPeak,79,False,50,
All sensors,gyroy_varVal,80,False,50,
All sensors,PLinter_specEntropy,81,False,50,
All sensors,accx_specEntropy,82,False,50,
All sensors,GMinter_varVal,83,False,50,
All sensors,gyrox_peakToPeak,84,False,50,
All sensors,RFinter_specEntropy,85,False,50,
All sensors,GMinter_meanPowerFreq,86,False,50,
All sensors,TAinter_waveformLength,87,False,50,
All sensors,MGinter_waveformLength,88,False,50,
All sensors,accz_specEntropy,89,False,50,
All sensors,gyrox_varVal,90,False,50,
All sensors,accz_maxVal,91,False,50,
All sensors,GMinter_psdMean,92,False,50,
All sensors,PLinter_emdEnergy,93,False,50,
All sensors,BFinter_varVal,94,False,50,
All sensors,GMinter_logDetector,95,False,50,
All sensors,gyrox_minVal,96,False,50,
All sensors,GMinter_sdVal,97,False,50,
All sensors,gyrox_psdMean,98,False,50,
All sensors,accz_peakToPeak,99,False,50,
All sensors,TAinter_specEntropy,100,False,50,
All sensors,GMinter_specEntropy,101,False,50,
All sensors,PLinter_meanFreq,102,False,50,
All sensors,GMinter_rmsVal,103,False,50,
All sensors,BFinter_cwtMean,104,False,50,
All sensors,accz_psdMean,105,False,50,
All sensors,GMinter_dwtEnergy,106,False,50,
All sensors,accy_minVal,107,False,50,
All sensors,PLinter_sdVal,108,False,50,
All sensors,RFinter_domAmp,109,False,50,
All sensors,TAinter_medianFreq,110,False,50,
All sensors,BFinter_domAmp,111,False,50,
All sensors,gyroy_maxVal,112,False,50,
All sensors,PLinter_dwtEnergy,113,False,50,
All sensors,BFinter_meanVal,114,False,50,
All sensors,accy_sdVal,115,False,50,
All sensors,RFinter_maxVal,116,False,50,
All sensors,gyroy_meanFreq,117,False,50,
All sensors,BFinter_maxVal,118,False,50,
All sensors,RFinter_peakToPeak,119,False,50,
All sensors,accy_cvVal,120,False,50,
All sensors,PLinter_medianFreq,121,False,50,
All sensors,RFinter_waveformLength,122,False,50,
All sensors,PLinter_rmsVal,123,False,50,
All sensors,TAinter_dwtEnergy,124,False,50,
All sensors,accy_psdMean,125,False,50,
All sensors,GMinter_mavVal,126,False,50,
All sensors,accz_psdAsymmetry,127,False,50,
All sensors,RFinter_harmonicRatio,128,False,50,
All sensors,MGinter_varVal,129,False,50,
All sensors,accx_psdAsymmetry,130,False,50,
All sensors,TAinter_psdMean,131,False,50,
All sensors,TAinter_meanPowerFreq,132,False,50,
All sensors,accy_varVal,133,False,50,
All sensors,RFinter_cwtMean,134,False,50,
All sensors,gyroy_psdAsymmetry,135,False,50,
All sensors,BFinter_dwtEnergy,136,False,50,
All sensors,MGinter_dwtEnergy,137,False,50,
All sensors,MGinter_sdVal,138,False,50,
All sensors,MGinter_meanPowerFreq,139,False,50,
All sensors,gyrox_psdAsymmetry,140,False,50,
All sensors,MGinter_psdMean,141,False,50,
All sensors,MGinter_rmsVal,142,False,50,
All sensors,PLinter_mavVal,143,False,50,
All sensors,TAinter_mavVal,144,False,50,
All sensors,TAinter_meanFreq,145,False,50,
All sensors,MGinter_mavVal,146,False,50,
All sensors,TAinter_rmsVal,147,False,50,
All sensors,RFinter_logDetector,148,False,50,
All sensors,accz_domAmp,149,False,50,
All sensors,TAinter_logDetector,150,False,50,
All sensors,TAinter_sdVal,151,False,50,
All sensors,PLinter_meanVal,152,False,50,
All sensors,PLinter_logDetector,153,False,50,
All sensors,accy_psdAsymmetry,154,False,50,
All sensors,MGinter_meanVal,155,False,50,
All sensors,RFinter_mavVal,156,False,50,
All sensors,TAinter_emdEnergy,157,False,50,
All sensors,RFinter_varVal,158,False,50,
All sensors,MGinter_domAmp,159,False,50,
All sensors,PLinter_waveformLength,160,False,50,
All sensors,TAinter_meanVal,161,False,50,
All sensors,RFinter_sdVal,162,False,50,
All sensors,accz_meanFreq,163,False,50,
All sensors,accx_medianFreq,164,False,50,
All sensors,MGinter_emdEnergy,165,False,50,
All sensors,GMinter_domAmp,166,False,50,
All sensors,BFinter_psdMean,167,False,50,
All sensors,TAinter_cwtMean,168,False,50,
All sensors,BFinter_meanPowerFreq,169,False,50,
All sensors,RFinter_emdEnergy,170,False,50,
All sensors,MGinter_peakToPeak,171,False,50,
All sensors,RFinter_rmsVal,172,False,50,
All sensors,BFinter_sdVal,173,False,50,
All sensors,TAinter_domFreq,174,False,50,
All sensors,TAinter_varVal,175,False,50,
All sensors,GMinter_waveformLength,176,False,50,
All sensors,accz_medianFreq,177,False,50,
All sensors,BFinter_medianFreq,178,False,50,
All sensors,MGinter_specEntropy,179,False,50,
All sensors,TAinter_peakToPeak,180,False,50,
All sensors,MGinter_logDetector,181,False,50,
All sensors,GMinter_meanVal,182,False,50,
All sensors,BFinter_rmsVal,183,False,50,
All sensors,RFinter_meanVal,184,False,50,
All sensors,RFinter_psdMean,185,False,50,
All sensors,RFinter_meanPowerFreq,186,False,50,
All sensors,BFinter_emdEnergy,187,False,50,
All sensors,MGinter_maxVal,188,False,50,
All sensors,PLinter_domAmp,189,False,50,
All sensors,RFinter_dwtEnergy,190,False,50,
All sensors,TAinter_maxVal,191,False,50,
All sensors,MGinter_cvVal,1,True,240,0.44301538706032373
All sensors,GMinter_psdAsymmetry,1,True,240,0.4173002891409688
All sensors,TAinter_harmonicRatio,1,True,240,0.40430171392918623
All sensors,gyrox_domFreq,1,True,240,0.34224834724483005
All sensors,PLinter_cvVal,1,True,240,0.3388837987256323
All sensors,gyrox_harmonicRatio,1,True,240,0.3076478262657448
All sensors,BFinter_cvVal,1,True,240,0.29237253318377165
All sensors,gyroz_maxVal,1,True,240,0.29069390827726477
All sensors,accz_meanVal,1,True,240,0.2892972349821959
All sensors,RFinter_minVal,1,True,240,0.28098380362017117
All sensors,gyroz_cvVal,1,True,240,0.276081024200216
All sensors,MGinter_psdAsymmetry,1,True,240,0.2675035804956186
All sensors,gyroy_minVal,1,True,240,0.24927016137879607
All sensors,MGinter_minVal,1,True,240,0.22952924951940668
All sensors,gyrox_cvVal,1,True,240,0.22647451066576615
All sensors,GMinter_meanFreq,1,True,240,0.2256415049843842
All sensors,accx_minVal,1,True,240,0.22269406239634207
All sensors,gyroz_peakToPeak,1,True,240,0.20856907418649182
All sensors,gyroz_meanFreq,1,True,240,0.20188690943744347
All sensors,GMinter_domFreq,1,True,240,0.20087381073577482
All sensors,gyroz_specEntropy,1,True,240,0.19432369665840854
All sensors,gyroz_meanVal,1,True,240,0.19361095419378735
All sensors,accy_domAmp,1,True,240,0.19008701194369046
All sensors,BFinter_specEntropy,1,True,240,0.1895365893481522
All sensors,RFinter_psdAsymmetry,1,True,240,0.17781178106071904
All sensors,TAinter_psdAsymmetry,1,True,240,0.17568748262454506
All sensors,TAinter_cvVal,1,True,240,0.1754514008742205
All sensors,gyrox_medianFreq,1,True,240,0.1738297936137034
All sensors,accz_domFreq,1,True,240,0.1736919037215008
All sensors,accy_harmonicRatio,1,True,240,0.16497805668912255
All sensors,GMinter_harmonicRatio,1,True,240,0.16488964681567272
All sensors,gyroz_psdMean,1,True,240,0.16233697728326787
All sensors,gyroz_psdAsymmetry,1,True,240,0.16189097791120538
All sensors,gyroz_varVal,1,True,240,0.16155251798281253
All sensors,PLinter_harmonicRatio,1,True,240,0.15928077832434318
All sensors,gyroz_harmonicRatio,1,True,240,0.15857305041982137
All sensors,gyroz_domAmp,1,True,240,0.15810671221220293
All sensors,BFinter_logDetector,1,True,240,0.1579653398377655
All sensors,gyroy_meanVal,1,True,240,0.15786679010817095
All sensors,gyroy_peakToPeak,1,True,240,0.15682503341485748
All sensors,accy_medianFreq,1,True,240,0.15300532077778187
All sensors,gyroy_cvVal,1,True,240,0.14904348422438748
All sensors,accz_minVal,1,True,240,0.14900579402679842
All sensors,gyroz_mavVal,1,True,240,0.14625904930662798
All sensors,accy_specEntropy,1,True,240,0.14532117146439863
All sensors,gyroz_domFreq,1,True,240,0.14510655307858744
All sensors,accy_maxVal,1,True,240,0.14482084697514616
All sensors,accy_meanVal,1,True,240,0.14200071339809814
All sensors,BFinter_minVal,1,True,240,0.14180454455229774
All sensors,MGinter_meanFreq,1,True,240,0.14141863796996945
All sensors,gyrox_specEntropy,1,True,240,0.1408988653605131
All sensors,gyroz_sdVal,1,True,240,0.1280606409205128
All sensors,gyroz_rmsVal,1,True,240,0.12771629114976424
All sensors,accx_domAmp,1,True,240,0.12747568277117122
All sensors,accx_peakToPeak,1,True,240,0.12743723698878767
All sensors,BFinter_waveformLength,1,True,240,0.12710447484762796
All sensors,gyroz_minVal,1,True,240,0.12261975673181197
All sensors,TAinter_minVal,1,True,240,0.1213651901003359
All sensors,GMinter_cvVal,1,True,240,0.12007471713271589
All sensors,RFinter_meanFreq,1,True,240,0.11785399553083398
All sensors,accz_harmonicRatio,1,True,240,0.11671838900867386
All sensors,MGinter_harmonicRatio,1,True,240,0.11594787401713054
All sensors,RFinter_domFreq,1,True,240,0.11471790776897763
All sensors,MGinter_domFreq,1,True,240,0.11404264445743868
All sensors,GMinter_minVal,1,True,240,0.11384717474526339
All sensors,gyrox_mavVal,1,True,240,0.11327837155746012
All sensors,MGinter_medianFreq,1,True,240,0.11034443508213644
All sensors,gyroz_medianFreq,1,True,240,0.10668858759599176
All sensors,RFinter_cvVal,1,True,240,0.10630570602088796
All sensors,gyrox_meanFreq,1,True,240,0.10522649615503077
All sensors,accx_psdMean,1,True,240,0.1040608785351919
All sensors,BFinter_meanFreq,1,True,240,0.10397615416825375
All sensors,accx_rmsVal,1,True,240,0.1031894672617653
All sensors,accx_varVal,1,True,240,0.10256433350920686
All sensors,accz_sdVal,1,True,240,0.10193154611674737
All sensors,PLinter_psdAsymmetry,1,True,240,0.1018683431131232
All sensors,accz_rmsVal,1,True,240,0.09887161491647146
All sensors,gyroy_domFreq,1,True,240,0.09833630052297537
All sensors,accx_harmonicRatio,1,True,240,0.09646123267843328
All sensors,accx_meanVal,1,True,240,0.09613863424894703
All sensors,accx_mavVal,1,True,240,0.09603508026077222
All sensors,gyrox_meanVal,1,True,240,0.09593458879066598
All sensors,accx_sdVal,1,True,240,0.09492760097378383
All sensors,gyroy_medianFreq,1,True,240,0.09367769650446593
All sensors,accy_rmsVal,1,True,240,0.09244570036133982
All sensors,accy_domFreq,1,True,240,0.09218316545579934
All sensors,GMinter_medianFreq,1,True,240,0.09126132936491267
All sensors,PLinter_domFreq,1,True,240,0.09109431721464316
All sensors,gyrox_rmsVal,1,True,240,0.09039635530901512
All sensors,gyroy_specEntropy,1,True,240,0.08567727717427982
All sensors,accx_domFreq,1,True,240,0.08508252158440577
All sensors,accx_maxVal,1,True,240,0.08474635215314445
All sensors,gyroy_harmonicRatio,1,True,240,0.08457502778943841
All sensors,accx_cvVal,1,True,240,0.0844543034622996
All sensors,gyrox_sdVal,1,True,240,0.08256530815034925
All sensors,accx_meanFreq,1,True,240,0.08192822384273953
All sensors,PLinter_maxVal,1,True,240,0.08116358430009991
All sensors,gyroy_domAmp,1,True,240,0.07991377784385945
All sensors,gyroy_psdMean,1,True,240,0.07881464462246539
All sensors,PLinter_peakToPeak,1,True,240,0.07804607735622847
All sensors,PLinter_minVal,1,True,240,0.07799947249323462
All sensors,gyrox_domAmp,1,True,240,0.07790085730470472
All sensors,accz_cvVal,1,True,240,0.07737187185988965
All sensors,accx_specEntropy,1,True,240,0.07683713779974514
All sensors,BFinter_psdAsymmetry,1,True,240,0.07591354450161318
All sensors,gyroy_varVal,1,True,240,0.0738219448411334
All sensors,accz_mavVal,1,True,240,0.0736072453563718
All sensors,BFinter_domFreq,1,True,240,0.07296308457634702
All sensors,accz_varVal,1,True,240,0.07007760159221606
All sensors,gyroy_rmsVal,1,True,240,0.06965772372313343
All sensors,TAinter_domAmp,1,True,240,0.06857801583040558
All sensors,BFinter_harmonicRatio,1,True,240,0.0675824653139009
All sensors,gyroy_mavVal,1,True,240,0.06638501588257194
All sensors,BFinter_mavVal,1,True,240,0.06597955600370156
All sensors,PLinter_varVal,1,True,240,0.06428029176152156
All sensors,accz_maxVal,1,True,240,0.06330510192963786
All sensors,accy_meanFreq,1,True,240,0.06317029412239596
All sensors,gyrox_maxVal,1,True,240,0.06299985442927104
All sensors,gyroy_sdVal,1,True,240,0.06201124943131858
All sensors,GMinter_emdEnergy,1,True,240,0.061354406111706596
All sensors,RFinter_medianFreq,1,True,240,0.06039626446597205
All sensors,accy_mavVal,1,True,240,0.05989158028453085
All sensors,PLinter_psdMean,1,True,240,0.05909163792239919
All sensors,PLinter_meanPowerFreq,1,True,240,0.05909163792239919
All sensors,GMinter_peakToPeak,1,True,240,0.05753793320270947
All sensors,accy_peakToPeak,1,True,240,0.05581600104994894
All sensors,PLinter_specEntropy,1,True,240,0.05566779368151855
All sensors,accz_specEntropy,1,True,240,0.05519530362594572
All sensors,gyrox_minVal,1,True,240,0.05503486440820865
All sensors,RFinter_specEntropy,1,True,240,0.05496048295468806
All sensors,gyrox_peakToPeak,1,True,240,0.054569004960519224
All sensors,TAinter_waveformLength,1,True,240,0.054246957537097594
All sensors,GMinter_maxVal,1,True,240,0.05319401137944124
All sensors,accz_peakToPeak,1,True,240,0.05254852339390428
All sensors,GMinter_cwtMean,1,True,240,0.052473263912818736
All sensors,BFinter_varVal,1,True,240,0.05165448055138955
All sensors,TAinter_specEntropy,1,True,240,0.05037011470498672
All sensors,TAinter_medianFreq,1,True,240,0.05003319872758979
All sensors,MGinter_waveformLength,1,True,240,0.049854682728170084
All sensors,PLinter_meanFreq,1,True,240,0.04963395448307243
All sensors,GMinter_specEntropy,1,True,240,0.04905729086374969
All sensors,gyrox_varVal,1,True,240,0.04813983359320542
All sensors,GMinter_varVal,1,True,240,0.04729018513468822
All sensors,GMinter_sdVal,1,True,240,0.046274077829971554
All sensors,PLinter_cwtMean,1,True,240,0.045822324794007045
All sensors,GMinter_psdMean,1,True,240,0.045024855910890414
All sensors,GMinter_meanPowerFreq,1,True,240,0.045024855910890414
All sensors,gyroy_maxVal,1,True,240,0.04498891833809335
All sensors,BFinter_peakToPeak,1,True,240,0.044694765094358324
All sensors,MGinter_cwtMean,1,True,240,0.044143409097422474
All sensors,BFinter_cwtMean,1,True,240,0.04345999665590483
All sensors,PLinter_emdEnergy,1,True,240,0.043271443978665065
All sensors,gyrox_psdMean,1,True,240,0.04321879361222263
All sensors,GMinter_logDetector,1,True,240,0.042599796118215905
All sensors,GMinter_rmsVal,1,True,240,0.04138787508878838
All sensors,accz_psdMean,1,True,240,0.04076219337406237
All sensors,PLinter_sdVal,1,True,240,0.03956055946862666
All sensors,GMinter_dwtEnergy,1,True,240,0.03924689510525073
All sensors,accy_minVal,1,True,240,0.039202972961271815
All sensors,accy_cvVal,1,True,240,0.03852917059439409
All sensors,BFinter_domAmp,1,True,240,0.037970680564029205
All sensors,RFinter_domAmp,1,True,240,0.03768440609266077
All sensors,PLinter_dwtEnergy,1,True,240,0.036941363064769465
All sensors,BFinter_meanVal,1,True,240,0.035064752219889396
All sensors,PLinter_rmsVal,1,True,240,0.03376638583928209
All sensors,GMinter_mavVal,1,True,240,0.03358433346466439
All sensors,RFinter_waveformLength,1,True,240,0.03341198371717835
All sensors,RFinter_peakToPeak,1,True,240,0.033264774386064976
All sensors,RFinter_harmonicRatio,1,True,240,0.032792869806586675
All sensors,PLinter_medianFreq,1,True,240,0.03248101826467624
All sensors,accy_sdVal,1,True,240,0.03215698335259554
All sensors,MGinter_sdVal,1,True,240,0.03195518087462264
All sensors,RFinter_maxVal,1,True,240,0.03173136650255544
All sensors,BFinter_maxVal,1,True,240,0.0315280362967117
All sensors,MGinter_varVal,1,True,240,0.031169957814929195
All sensors,TAinter_dwtEnergy,1,True,240,0.03050609930105218
All sensors,gyrox_psdAsymmetry,1,True,240,0.02961879742429403
All sensors,RFinter_cwtMean,1,True,240,0.029329235330204262
All sensors,gyroy_meanFreq,1,True,240,0.028864133795709485
All sensors,TAinter_psdMean,1,True,240,0.028712673359414232
All sensors,TAinter_meanPowerFreq,1,True,240,0.028712673359414232
All sensors,accy_psdMean,1,True,240,0.02856712670577821
All sensors,MGinter_rmsVal,1,True,240,0.028309061025046208
All sensors,MGinter_dwtEnergy,1,True,240,0.027918604489373593
All sensors,accy_varVal,1,True,240,0.027482730448591036
All sensors,gyroy_psdAsymmetry,1,True,240,0.02725641940799679
All sensors,BFinter_dwtEnergy,1,True,240,0.026822840137891435
All sensors,PLinter_mavVal,1,True,240,0.025483418170770312
All sensors,accx_psdAsymmetry,1,True,240,0.0250512732603622
All sensors,MGinter_psdMean,1,True,240,0.024717415459479582
All sensors,MGinter_meanPowerFreq,1,True,240,0.024717415459479582
All sensors,MGinter_mavVal,1,True,240,0.024648808614615523
All sensors,accz_psdAsymmetry,1,True,240,0.024338391819052535
All sensors,TAinter_mavVal,1,True,240,0.02402542505904136
All sensors,accz_domAmp,1,True,240,0.023728273225819843
All sensors,TAinter_meanFreq,1,True,240,0.021240639603585926
All sensors,PLinter_meanVal,1,True,240,0.021188646179337616
All sensors,accy_psdAsymmetry,1,True,240,0.020150940307831145
All sensors,TAinter_rmsVal,1,True,240,0.020102520540923405
All sensors,MGinter_meanVal,1,True,240,0.01932052046182927
All sensors,TAinter_logDetector,1,True,240,0.019137292317361363
All sensors,RFinter_varVal,1,True,240,0.01908682245450125
All sensors,PLinter_logDetector,1,True,240,0.018726079876573622
All sensors,TAinter_sdVal,1,True,240,0.01855843675505739
All sensors,accx_medianFreq,1,True,240,0.01803466239499463
All sensors,TAinter_meanVal,1,True,240,0.017419500170401062
All sensors,RFinter_logDetector,1,True,240,0.017244610526854907
All sensors,PLinter_waveformLength,1,True,240,0.016844597773674815
All sensors,BFinter_psdMean,1,True,240,0.01665696498416674
All sensors,BFinter_meanPowerFreq,1,True,240,0.01665696498416674
All sensors,TAinter_cwtMean,1,True,240,0.015946812910240627
All sensors,TAinter_emdEnergy,1,True,240,0.015813914452806818
All sensors,MGinter_domAmp,1,True,240,0.015609288935983158
All sensors,MGinter_emdEnergy,1,True,240,0.015464666615282735
All sensors,accz_meanFreq,1,True,240,0.015221859300822907
All sensors,RFinter_emdEnergy,1,True,240,0.0151565803321057
All sensors,RFinter_sdVal,1,True,240,0.015036297539519109
All sensors,BFinter_sdVal,1,True,240,0.014370817101306716
All sensors,RFinter_mavVal,1,True,240,0.014229671182936963
All sensors,GMinter_domAmp,1,True,240,0.014051924720701858
All sensors,TAinter_domFreq,1,True,240,0.013900635495883341
All sensors,MGinter_peakToPeak,1,True,240,0.013838285486547542
All sensors,RFinter_rmsVal,1,True,240,0.01251022579787578
All sensors,TAinter_varVal,1,True,240,0.012376084991959904
All sensors,GMinter_waveformLength,1,True,240,0.011123790534866382
All sensors,BFinter_medianFreq,1,True,240,0.010730515804251424
All sensors,TAinter_peakToPeak,1,True,240,0.010413807290333794
All sensors,MGinter_logDetector,1,True,240,0.010129167841781273
All sensors,MGinter_specEntropy,1,True,240,0.009763093122891192
All sensors,GMinter_meanVal,1,True,240,0.009326575768187339
All sensors,BFinter_rmsVal,1,True,240,0.008588586661712723
All sensors,RFinter_meanVal,1,True,240,0.008015649327889325
All sensors,accz_medianFreq,1,True,240,0.00785268694173071
All sensors,BFinter_emdEnergy,1,True,240,0.007344022668902853
All sensors,RFinter_psdMean,1,True,240,0.006916031319200824
All sensors,RFinter_meanPowerFreq,1,True,240,0.006916031319200824
All sensors,PLinter_domAmp,1,True,240,0.0055569627248561295
All sensors,MGinter_maxVal,1,True,240,0.005307714498165757
All sensors,RFinter_dwtEnergy,1,True,240,0.004675866106768824
All sensors,TAinter_maxVal,1,True,240,0.003106318400404248
