source,n_features,feature,rfe_rank,selected_model_abs_coefficient_mean
Accelerometer,5,accx_harmonicRatio,1,1.0307641255660798
Accelerometer,5,accx_psdMean,1,0.6646899649187522
Accelerometer,5,accx_meanVal,1,0.6450935009598027
Accelerometer,5,accx_minVal,1,0.5948771231198435
Accelerometer,5,accx_peakToPeak,1,0.4504483492878973
Accelerometer,10,accz_meanVal,1,0.7007609653862265
Accelerometer,10,accx_minVal,1,0.5815355528280413
Accelerometer,10,accz_rmsVal,1,0.5236881651609875
Accelerometer,10,accx_harmonicRatio,1,0.5109234055657118
Accelerometer,10,accx_peakToPeak,1,0.4745274003960292
Accelerometer,10,accx_psdMean,1,0.4614908901814065
Accelerometer,10,accx_meanVal,1,0.44432378486460555
Accelerometer,10,accx_mavVal,1,0.4438702057308504
Accelerometer,10,accx_varVal,1,0.41769066649375275
Accelerometer,10,accx_maxVal,1,0.37725469743020307
Accelerometer,15,accz_meanVal,1,0.6978176016248255
Accelerometer,15,accx_harmonicRatio,1,0.5877440583493622
Accelerometer,15,accx_minVal,1,0.5816324380327177
Accelerometer,15,accz_harmonicRatio,1,0.5769798389013671
Accelerometer,15,accz_rmsVal,1,0.5658829150166865
Accelerometer,15,accy_maxVal,1,0.49953120067778306
Accelerometer,15,accx_peakToPeak,1,0.48736910536414985
Accelerometer,15,accy_domAmp,1,0.4829090398294984
Accelerometer,15,accx_psdMean,1,0.4769778611756439
Accelerometer,15,accx_meanVal,1,0.4736509236274824
Accelerometer,15,accx_mavVal,1,0.47320697534033757
Accelerometer,15,accx_varVal,1,0.4558952879740663
Accelerometer,15,accy_harmonicRatio,1,0.4168061385163908
Accelerometer,15,accz_domFreq,1,0.41292936437251954
Accelerometer,15,accx_maxVal,1,0.4042528338216456
Accelerometer,20,accz_meanVal,1,0.6633718196316988
Accelerometer,20,accx_minVal,1,0.6562408054581258
Accelerometer,20,accz_harmonicRatio,1,0.5675924491570989
Accelerometer,20,accy_domAmp,1,0.539332150499856
Accelerometer,20,accy_maxVal,1,0.525685102577359
Accelerometer,20,accz_rmsVal,1,0.5199845915980928
Accelerometer,20,accx_peakToPeak,1,0.5097450850449922
Accelerometer,20,accz_domFreq,1,0.46335048074787366
Accelerometer,20,accx_harmonicRatio,1,0.43505292032396986
Accelerometer,20,accy_harmonicRatio,1,0.3932287143753877
Accelerometer,20,accx_maxVal,1,0.3904094268816099
Accelerometer,20,accy_specEntropy,1,0.3672942479594174
Accelerometer,20,accx_psdMean,1,0.3658567978393618
Accelerometer,20,accx_sdVal,1,0.3582340251129641
Accelerometer,20,accx_rmsVal,1,0.35187908511180727
Accelerometer,20,accx_meanVal,1,0.3496399670587606
Accelerometer,20,accx_mavVal,1,0.34928013703144817
Accelerometer,20,accx_varVal,1,0.34351350083828125
Accelerometer,20,accx_specEntropy,1,0.30107213252664256
Accelerometer,20,accy_medianFreq,1,0.2914984762018853
Accelerometer,30,accx_minVal,1,0.65538532961322
Accelerometer,30,accz_meanVal,1,0.5937279953553248
Accelerometer,30,accz_harmonicRatio,1,0.5354248047885104
Accelerometer,30,accx_peakToPeak,1,0.5242126389956078
Accelerometer,30,accz_domFreq,1,0.49522048321874146
Accelerometer,30,accy_maxVal,1,0.4704713851237525
Accelerometer,30,accy_domAmp,1,0.4453597817430576
Accelerometer,30,accy_harmonicRatio,1,0.43744921122762204
Accelerometer,30,accx_maxVal,1,0.42127497411872233
Accelerometer,30,accx_meanVal,1,0.40903999710944555
Accelerometer,30,accx_mavVal,1,0.40866964437788705
Accelerometer,30,accx_psdMean,1,0.4055077751719107
Accelerometer,30,accx_rmsVal,1,0.39304812493184965
Accelerometer,30,accy_medianFreq,1,0.3792286820864616
Accelerometer,30,accx_harmonicRatio,1,0.37351252471283264
Accelerometer,30,accy_specEntropy,1,0.35747123738556513
Accelerometer,30,accx_sdVal,1,0.3514689651184259
Accelerometer,30,accy_peakToPeak,1,0.34302232483294
Accelerometer,30,accy_mavVal,1,0.33351765564501995
Accelerometer,30,accx_varVal,1,0.31133540447650887
Accelerometer,30,accx_specEntropy,1,0.299790173724557
Accelerometer,30,accy_domFreq,1,0.28385948098938424
Accelerometer,30,accz_rmsVal,1,0.27376504296231186
Accelerometer,30,accz_specEntropy,1,0.2607984444429952
Accelerometer,30,accx_meanFreq,1,0.2563164106907087
Accelerometer,30,accx_cvVal,1,0.24878194470678583
Accelerometer,30,accz_peakToPeak,1,0.24326542789913655
Accelerometer,30,accy_rmsVal,1,0.24049382107688144
Accelerometer,30,accz_minVal,1,0.23931053473139496
Accelerometer,30,accz_mavVal,1,0.19443241819217125
Accelerometer,40,accx_minVal,1,0.7120199575020852
Accelerometer,40,accz_meanVal,1,0.6087879137994401
Accelerometer,40,accy_maxVal,1,0.54584592235341
Accelerometer,40,accx_peakToPeak,1,0.5055957503319197
Accelerometer,40,accz_domFreq,1,0.48994283559109064
Accelerometer,40,accy_harmonicRatio,1,0.4856554413950027
Accelerometer,40,accz_harmonicRatio,1,0.4572575889902968
Accelerometer,40,accx_psdMean,1,0.41918810964268666
Accelerometer,40,accx_meanVal,1,0.4181570271813166
Accelerometer,40,accx_mavVal,1,0.41794050307693653
Accelerometer,40,accx_rmsVal,1,0.40318983073996906
Accelerometer,40,accx_maxVal,1,0.40053364390343615
Accelerometer,40,accy_domAmp,1,0.3795063333620015
Accelerometer,40,accx_harmonicRatio,1,0.37299285741413474
Accelerometer,40,accy_medianFreq,1,0.3581094250038288
Accelerometer,40,accy_mavVal,1,0.3362696561968641
Accelerometer,40,accx_sdVal,1,0.3341955905700968
Accelerometer,40,accx_varVal,1,0.3286241967115064
Accelerometer,40,accy_peakToPeak,1,0.3264483259106536
Accelerometer,40,accy_specEntropy,1,0.28022143589428694
Accelerometer,40,accy_meanVal,1,0.26033546635710764
Accelerometer,40,accy_domFreq,1,0.2483134355995168
Accelerometer,40,accz_specEntropy,1,0.23600820789886803
Accelerometer,40,accz_minVal,1,0.2353119935933936
Accelerometer,40,accz_rmsVal,1,0.2340594516600719
Accelerometer,40,accz_peakToPeak,1,0.2263630714745415
Accelerometer,40,accy_rmsVal,1,0.22619293419225203
Accelerometer,40,accx_cvVal,1,0.22593997235143073
Accelerometer,40,accx_meanFreq,1,0.21991523375756947
Accelerometer,40,accz_maxVal,1,0.2107805895540561
Accelerometer,40,accy_minVal,1,0.21029478004567692
Accelerometer,40,accz_mavVal,1,0.1761046209138599
Accelerometer,40,accy_cvVal,1,0.1673968779416843
Accelerometer,40,accx_domAmp,1,0.16263953419495786
Accelerometer,40,accy_psdMean,1,0.1573275870614387
Accelerometer,40,accz_sdVal,1,0.15494477222143224
Accelerometer,40,accx_specEntropy,1,0.15130873482574678
Accelerometer,40,accz_medianFreq,1,0.1497276531210455
Accelerometer,40,accx_domFreq,1,0.1451969465853399
Accelerometer,40,accz_psdMean,1,0.1410057753468146
Accelerometer,50,accx_minVal,1,0.7092515699842888
Accelerometer,50,accz_meanVal,1,0.5973040657835557
Accelerometer,50,accy_maxVal,1,0.5447188356545483
Accelerometer,50,accx_peakToPeak,1,0.5069772736100223
Accelerometer,50,accz_domFreq,1,0.4991906692519817
Accelerometer,50,accy_harmonicRatio,1,0.4840352722961236
Accelerometer,50,accz_harmonicRatio,1,0.4446379016088951
Accelerometer,50,accx_psdMean,1,0.41947773896241913
Accelerometer,50,accx_meanVal,1,0.41879141569921424
Accelerometer,50,accx_mavVal,1,0.41861806091635984
Accelerometer,50,accx_rmsVal,1,0.40461417351070056
Accelerometer,50,accx_maxVal,1,0.4043631675990014
Accelerometer,50,accy_domAmp,1,0.3781073125163334
Accelerometer,50,accx_harmonicRatio,1,0.36755293333661304
Accelerometer,50,accy_medianFreq,1,0.3454037077985177
Accelerometer,50,accx_sdVal,1,0.336357400054527
Accelerometer,50,accy_peakToPeak,1,0.3316267643175581
Accelerometer,50,accy_mavVal,1,0.3271751176132967
Accelerometer,50,accx_varVal,1,0.3242226767798167
Accelerometer,50,accy_specEntropy,1,0.2675877221422929
Accelerometer,50,accy_meanVal,1,0.26506766804593324
Accelerometer,50,accz_specEntropy,1,0.25770367943462524
Accelerometer,50,accy_domFreq,1,0.25388123075855645
Accelerometer,50,accz_rmsVal,1,0.24483900841175635
Accelerometer,50,accz_minVal,1,0.23914360223625986
Accelerometer,50,accx_cvVal,1,0.227269529483875
Accelerometer,50,accz_peakToPeak,1,0.2228771599141182
Accelerometer,50,accx_meanFreq,1,0.2172549389327556
Accelerometer,50,accz_maxVal,1,0.21479749578698584
Accelerometer,50,accy_rmsVal,1,0.21321539013103954
Accelerometer,50,accy_minVal,1,0.19170562435779612
Accelerometer,50,accz_mavVal,1,0.1883746819607904
Accelerometer,50,accx_domAmp,1,0.17357700115250763
Accelerometer,50,accy_cvVal,1,0.17183752348049688
Accelerometer,50,accx_specEntropy,1,0.17071312404171676
Accelerometer,50,accx_domFreq,1,0.16588949629319505
Accelerometer,50,accz_medianFreq,1,0.14760017665575065
Accelerometer,50,accz_psdMean,1,0.1470373027834749
Accelerometer,50,accy_psdMean,1,0.1383156913407101
Accelerometer,50,accz_sdVal,1,0.12555342208967293
Accelerometer,50,accz_varVal,1,0.0973259241672566
Accelerometer,50,accz_meanFreq,1,0.0966777309302453
Accelerometer,50,accx_medianFreq,1,0.08547037978284293
Accelerometer,50,accy_sdVal,1,0.07390680674102044
Accelerometer,50,accy_meanFreq,1,0.06803007898301267
Accelerometer,50,accz_cvVal,1,0.062449291552304075
Accelerometer,50,accy_psdAsymmetry,1,0.06036764803793757
Accelerometer,50,accz_domAmp,1,0.04334428714729525
Accelerometer,50,accx_psdAsymmetry,1,0.037620014869453884
Accelerometer,50,accy_varVal,1,0.0371913222394957
Accelerometer,51,accx_minVal,1,0.7089952950903106
Accelerometer,51,accz_meanVal,1,0.5978241449206113
Accelerometer,51,accy_maxVal,1,0.5447751280608356
Accelerometer,51,accx_peakToPeak,1,0.5071049826566079
Accelerometer,51,accz_domFreq,1,0.4989750121827858
Accelerometer,51,accy_harmonicRatio,1,0.48399247086605063
Accelerometer,51,accz_harmonicRatio,1,0.44402740161647597
Accelerometer,51,accx_psdMean,1,0.41943722472114464
Accelerometer,51,accx_meanVal,1,0.41874306542879247
Accelerometer,51,accx_mavVal,1,0.41857273727463046
Accelerometer,51,accx_maxVal,1,0.4046324269288533
Accelerometer,51,accx_rmsVal,1,0.4045881034122154
Accelerometer,51,accy_domAmp,1,0.3782898626478421
Accelerometer,51,accx_harmonicRatio,1,0.3672294391940438
Accelerometer,51,accy_medianFreq,1,0.3443476668166949
Accelerometer,51,accx_sdVal,1,0.33631756510423855
Accelerometer,51,accy_peakToPeak,1,0.3326785397802713
Accelerometer,51,accy_mavVal,1,0.3275322812593078
Accelerometer,51,accx_varVal,1,0.3242491409728636
Accelerometer,51,accy_specEntropy,1,0.2676050597362976
Accelerometer,51,accy_meanVal,1,0.26487951193690007
Accelerometer,51,accz_specEntropy,1,0.2577946504164794
Accelerometer,51,accy_domFreq,1,0.25381223771359496
Accelerometer,51,accz_rmsVal,1,0.2448915042108706
Accelerometer,51,accz_minVal,1,0.23921895352653713
Accelerometer,51,accx_cvVal,1,0.2276142090136081
Accelerometer,51,accz_peakToPeak,1,0.22278769066217585
Accelerometer,51,accx_meanFreq,1,0.21621071369867337
Accelerometer,51,accz_maxVal,1,0.21481051952127142
Accelerometer,51,accy_rmsVal,1,0.2131536662915666
Accelerometer,51,accy_minVal,1,0.19155383054158784
Accelerometer,51,accz_mavVal,1,0.18849518939444154
Accelerometer,51,accx_domAmp,1,0.17413636479630987
Accelerometer,51,accy_cvVal,1,0.1712635888194957
Accelerometer,51,accx_specEntropy,1,0.17050538878919283
Accelerometer,51,accx_domFreq,1,0.16592891476068908
Accelerometer,51,accz_psdMean,1,0.14706567286174452
Accelerometer,51,accz_medianFreq,1,0.14565515466825288
Accelerometer,51,accy_psdMean,1,0.13806406253090073
Accelerometer,51,accz_sdVal,1,0.12571371729658887
Accelerometer,51,accz_meanFreq,1,0.09663455173916463
Accelerometer,51,accz_varVal,1,0.09643976193067562
Accelerometer,51,accx_medianFreq,1,0.08509323263217954
Accelerometer,51,accy_sdVal,1,0.0738765322373413
Accelerometer,51,accy_meanFreq,1,0.06933634651895058
Accelerometer,51,accz_cvVal,1,0.062315252165489395
Accelerometer,51,accy_psdAsymmetry,1,0.058362950594868866
Accelerometer,51,accz_domAmp,1,0.04305660411235157
Accelerometer,51,accx_psdAsymmetry,1,0.03967237173545987
Accelerometer,51,accy_varVal,1,0.0369890915346821
Accelerometer,51,accz_psdAsymmetry,1,0.029759201710982855
Accelerometer + EMG,5,accx_sdVal,1,0.9887068843064512
Accelerometer + EMG,5,accx_rmsVal,1,0.9243689991961297
Accelerometer + EMG,5,BFinter_waveformLength,1,0.7775317570435241
Accelerometer + EMG,5,TAinter_harmonicRatio,1,0.7573942345348312
Accelerometer + EMG,5,BFinter_cvVal,1,0.7006870547391421
Accelerometer + EMG,10,accx_sdVal,1,0.850736800099459
Accelerometer + EMG,10,MGinter_cvVal,1,0.8120424770693667
Accelerometer + EMG,10,BFinter_cvVal,1,0.7198225199797799
Accelerometer + EMG,10,BFinter_waveformLength,1,0.6579730021982193
Accelerometer + EMG,10,accx_rmsVal,1,0.6377451057994149
Accelerometer + EMG,10,TAinter_harmonicRatio,1,0.6322523511851161
Accelerometer + EMG,10,accz_meanVal,1,0.576384930161224
Accelerometer + EMG,10,RFinter_minVal,1,0.5450596759795096
Accelerometer + EMG,10,accx_meanVal,1,0.502847290496078
Accelerometer + EMG,10,GMinter_psdAsymmetry,1,0.5024624880399355
Accelerometer + EMG,15,BFinter_cvVal,1,0.7931608700572568
Accelerometer + EMG,15,BFinter_waveformLength,1,0.7311175173725794
Accelerometer + EMG,15,accz_meanVal,1,0.7135879432360671
Accelerometer + EMG,15,MGinter_cvVal,1,0.682462049169383
Accelerometer + EMG,15,RFinter_minVal,1,0.5879116410158827
Accelerometer + EMG,15,accx_rmsVal,1,0.5349682073634957
Accelerometer + EMG,15,accx_meanVal,1,0.5172972030337323
Accelerometer + EMG,15,MGinter_psdAsymmetry,1,0.5104844774112848
Accelerometer + EMG,15,TAinter_harmonicRatio,1,0.5072731577501352
Accelerometer + EMG,15,accx_sdVal,1,0.49733069920636486
Accelerometer + EMG,15,accz_rmsVal,1,0.4898226527127462
Accelerometer + EMG,15,GMinter_psdAsymmetry,1,0.48735533068736786
Accelerometer + EMG,15,accx_varVal,1,0.4762962927649476
Accelerometer + EMG,15,MGinter_minVal,1,0.4689259350714075
Accelerometer + EMG,15,PLinter_harmonicRatio,1,0.393120856455075
Accelerometer + EMG,20,BFinter_cvVal,1,0.8065891276780075
Accelerometer + EMG,20,accz_meanVal,1,0.7121585326021949
Accelerometer + EMG,20,MGinter_cvVal,1,0.6224490824838049
Accelerometer + EMG,20,MGinter_psdAsymmetry,1,0.6055340633727005
Accelerometer + EMG,20,BFinter_waveformLength,1,0.5912024079902207
Accelerometer + EMG,20,RFinter_minVal,1,0.5760816507911038
Accelerometer + EMG,20,TAinter_harmonicRatio,1,0.5488688809933696
Accelerometer + EMG,20,MGinter_minVal,1,0.5185775161410641
Accelerometer + EMG,20,accz_rmsVal,1,0.5002963655391134
Accelerometer + EMG,20,accx_minVal,1,0.46202149167831214
Accelerometer + EMG,20,PLinter_meanFreq,1,0.45548874962584723
Accelerometer + EMG,20,accy_domAmp,1,0.45480260937122124
Accelerometer + EMG,20,PLinter_harmonicRatio,1,0.45210750838876873
Accelerometer + EMG,20,GMinter_psdAsymmetry,1,0.3969223034115304
Accelerometer + EMG,20,accx_sdVal,1,0.38297720424375453
Accelerometer + EMG,20,accx_rmsVal,1,0.38173873141212433
Accelerometer + EMG,20,accx_varVal,1,0.3766281087096521
Accelerometer + EMG,20,accx_psdMean,1,0.37432007970866127
Accelerometer + EMG,20,accx_harmonicRatio,1,0.35593419524912434
Accelerometer + EMG,20,accx_meanVal,1,0.3544846466098581
Accelerometer + EMG,30,BFinter_cvVal,1,0.7185450873740495
Accelerometer + EMG,30,accz_meanVal,1,0.6600379036829818
Accelerometer + EMG,30,MGinter_psdAsymmetry,1,0.6285744001645155
Accelerometer + EMG,30,MGinter_cvVal,1,0.6276499156866601
Accelerometer + EMG,30,TAinter_harmonicRatio,1,0.5316580450298817
Accelerometer + EMG,30,GMinter_psdAsymmetry,1,0.5229092169032504
Accelerometer + EMG,30,RFinter_minVal,1,0.5197517521396199
Accelerometer + EMG,30,PLinter_harmonicRatio,1,0.46050932216064294
Accelerometer + EMG,30,accx_minVal,1,0.4329922867087193
Accelerometer + EMG,30,MGinter_domFreq,1,0.42019335122172946
Accelerometer + EMG,30,BFinter_waveformLength,1,0.4176422183815154
Accelerometer + EMG,30,PLinter_meanFreq,1,0.36485377118569
Accelerometer + EMG,30,accy_harmonicRatio,1,0.3639747842261826
Accelerometer + EMG,30,MGinter_minVal,1,0.35640676038221236
Accelerometer + EMG,30,BFinter_logDetector,1,0.3556627153123788
Accelerometer + EMG,30,accz_rmsVal,1,0.34489379039248474
Accelerometer + EMG,30,accz_sdVal,1,0.34201347473983706
Accelerometer + EMG,30,TAinter_cvVal,1,0.3357679812197833
Accelerometer + EMG,30,accx_varVal,1,0.3325719945545749
Accelerometer + EMG,30,accx_sdVal,1,0.3248735637991706
Accelerometer + EMG,30,GMinter_domFreq,1,0.32204115353220564
Accelerometer + EMG,30,accx_harmonicRatio,1,0.30718242905585397
Accelerometer + EMG,30,accy_domAmp,1,0.3064145153235099
Accelerometer + EMG,30,accz_domFreq,1,0.30190580460161137
Accelerometer + EMG,30,accx_psdMean,1,0.3007771006014819
Accelerometer + EMG,30,accx_rmsVal,1,0.29973470889815823
Accelerometer + EMG,30,accx_cvVal,1,0.29003807068891707
Accelerometer + EMG,30,accx_meanVal,1,0.2679448873024723
Accelerometer + EMG,30,accx_mavVal,1,0.26786655403528564
Accelerometer + EMG,30,MGinter_meanFreq,1,0.24674556381886517
Accelerometer + EMG,40,BFinter_cvVal,1,0.7497778984359614
Accelerometer + EMG,40,accz_meanVal,1,0.600946336784288
Accelerometer + EMG,40,TAinter_harmonicRatio,1,0.5567169852477901
Accelerometer + EMG,40,MGinter_psdAsymmetry,1,0.5447969304532045
Accelerometer + EMG,40,MGinter_cvVal,1,0.5334728545517858
Accelerometer + EMG,40,RFinter_minVal,1,0.48721205993577926
Accelerometer + EMG,40,GMinter_psdAsymmetry,1,0.46024721804703655
Accelerometer + EMG,40,MGinter_domFreq,1,0.35729084786033666
Accelerometer + EMG,40,MGinter_minVal,1,0.3553526130338606
Accelerometer + EMG,40,accy_harmonicRatio,1,0.34912280952659613
Accelerometer + EMG,40,BFinter_logDetector,1,0.34237492719474316
Accelerometer + EMG,40,accx_minVal,1,0.33878672489779565
Accelerometer + EMG,40,BFinter_waveformLength,1,0.33248575750905457
Accelerometer + EMG,40,accz_domFreq,1,0.32609289527511504
Accelerometer + EMG,40,PLinter_harmonicRatio,1,0.31429332254551356
Accelerometer + EMG,40,accy_domAmp,1,0.31349963953125815
Accelerometer + EMG,40,GMinter_domFreq,1,0.310799469633569
Accelerometer + EMG,40,accy_maxVal,1,0.3073001622953903
Accelerometer + EMG,40,accx_psdMean,1,0.30611467202687637
Accelerometer + EMG,40,accx_rmsVal,1,0.3050280117589011
Accelerometer + EMG,40,accx_sdVal,1,0.3008192511020786
Accelerometer + EMG,40,PLinter_meanFreq,1,0.29959659875896966
Accelerometer + EMG,40,accx_varVal,1,0.29759753399636074
Accelerometer + EMG,40,TAinter_cvVal,1,0.2932632510008914
Accelerometer + EMG,40,accz_rmsVal,1,0.2908957734833862
Accelerometer + EMG,40,accx_meanVal,1,0.28634191674259674
Accelerometer + EMG,40,accx_mavVal,1,0.28622354327444527
Accelerometer + EMG,40,accz_sdVal,1,0.283825838489491
Accelerometer + EMG,40,PLinter_cvVal,1,0.28270578472751795
Accelerometer + EMG,40,accx_harmonicRatio,1,0.2721796260370928
Accelerometer + EMG,40,GMinter_emdEnergy,1,0.26658820912966974
Accelerometer + EMG,40,accx_cvVal,1,0.2653048158023203
Accelerometer + EMG,40,accx_domAmp,1,0.264258808064826
Accelerometer + EMG,40,GMinter_harmonicRatio,1,0.2634222152958528
Accelerometer + EMG,40,accy_medianFreq,1,0.24183979954083243
Accelerometer + EMG,40,PLinter_psdAsymmetry,1,0.22245348829501319
Accelerometer + EMG,40,accx_peakToPeak,1,0.21735195479441397
Accelerometer + EMG,40,MGinter_meanFreq,1,0.20414739425244488
Accelerometer + EMG,40,GMinter_cvVal,1,0.1936075368053193
Accelerometer + EMG,40,MGinter_medianFreq,1,0.18199283300801705
Accelerometer + EMG,50,BFinter_cvVal,1,0.718144417753345
Accelerometer + EMG,50,accz_meanVal,1,0.5663300979440767
Accelerometer + EMG,50,TAinter_harmonicRatio,1,0.5528928309025685
Accelerometer + EMG,50,MGinter_cvVal,1,0.5268268908168062
Accelerometer + EMG,50,MGinter_psdAsymmetry,1,0.5001680529723891
Accelerometer + EMG,50,RFinter_minVal,1,0.4821664637341909
Accelerometer + EMG,50,GMinter_psdAsymmetry,1,0.4189421200485503
Accelerometer + EMG,50,PLinter_harmonicRatio,1,0.35818717510229375
Accelerometer + EMG,50,accx_minVal,1,0.3501289181393417
Accelerometer + EMG,50,accx_domAmp,1,0.34690690757207204
Accelerometer + EMG,50,accz_domFreq,1,0.34379375800972795
Accelerometer + EMG,50,MGinter_domFreq,1,0.32037971683230704
Accelerometer + EMG,50,MGinter_minVal,1,0.31700993298312435
Accelerometer + EMG,50,accy_maxVal,1,0.3026420340282457
Accelerometer + EMG,50,accy_harmonicRatio,1,0.2947657332995031
Accelerometer + EMG,50,GMinter_harmonicRatio,1,0.28640601779733227
Accelerometer + EMG,50,accx_psdMean,1,0.28338710484709745
Accelerometer + EMG,50,accx_rmsVal,1,0.28170304135518554
Accelerometer + EMG,50,PLinter_cvVal,1,0.2810077344246671
Accelerometer + EMG,50,GMinter_domFreq,1,0.27830120256237323
Accelerometer + EMG,50,BFinter_logDetector,1,0.27796004792703144
Accelerometer + EMG,50,accx_sdVal,1,0.2743555391009211
Accelerometer + EMG,50,accy_domAmp,1,0.27368369954760263
Accelerometer + EMG,50,accx_varVal,1,0.27124100734769446
Accelerometer + EMG,50,accx_meanVal,1,0.26641306668502457
Accelerometer + EMG,50,accx_mavVal,1,0.26618790542751053
Accelerometer + EMG,50,accz_rmsVal,1,0.2567256039969739
Accelerometer + EMG,50,TAinter_cvVal,1,0.24898255524066912
Accelerometer + EMG,50,BFinter_waveformLength,1,0.24181904519650232
Accelerometer + EMG,50,accx_harmonicRatio,1,0.24178279682645454
Accelerometer + EMG,50,accx_cvVal,1,0.23789309830523875
Accelerometer + EMG,50,accz_sdVal,1,0.23054567662575529
Accelerometer + EMG,50,GMinter_emdEnergy,1,0.22969058095388642
Accelerometer + EMG,50,MGinter_meanFreq,1,0.22836544148918558
Accelerometer + EMG,50,accz_minVal,1,0.22802731096457227
Accelerometer + EMG,50,accz_harmonicRatio,1,0.22243944936689242
Accelerometer + EMG,50,accx_peakToPeak,1,0.22079344113847052
Accelerometer + EMG,50,accy_specEntropy,1,0.22052317878500774
Accelerometer + EMG,50,PLinter_meanFreq,1,0.21447870625076115
Accelerometer + EMG,50,MGinter_medianFreq,1,0.20485951273170297
Accelerometer + EMG,50,accy_medianFreq,1,0.20398676140458405
Accelerometer + EMG,50,GMinter_cvVal,1,0.20380044520477325
Accelerometer + EMG,50,accx_maxVal,1,0.20032508111314662
Accelerometer + EMG,50,PLinter_psdAsymmetry,1,0.1958113055316847
Accelerometer + EMG,50,accx_domFreq,1,0.19334220268922206
Accelerometer + EMG,50,accz_mavVal,1,0.18999750663821083
Accelerometer + EMG,50,BFinter_specEntropy,1,0.18961598127244703
Accelerometer + EMG,50,PLinter_specEntropy,1,0.17754964468467574
Accelerometer + EMG,50,accy_rmsVal,1,0.1750637146286652
Accelerometer + EMG,50,RFinter_domFreq,1,0.172624955739453
Accelerometer + EMG,189,BFinter_cvVal,1,0.6574160356704298
Accelerometer + EMG,189,TAinter_harmonicRatio,1,0.5500387930283938
Accelerometer + EMG,189,MGinter_cvVal,1,0.4897047421497978
Accelerometer + EMG,189,accz_meanVal,1,0.4868202390045527
Accelerometer + EMG,189,MGinter_psdAsymmetry,1,0.48536676818244134
Accelerometer + EMG,189,RFinter_minVal,1,0.45579455150858766
Accelerometer + EMG,189,GMinter_psdAsymmetry,1,0.3475591508989659
Accelerometer + EMG,189,PLinter_harmonicRatio,1,0.3411208169830007
Accelerometer + EMG,189,MGinter_minVal,1,0.3179131841893834
Accelerometer + EMG,189,accz_domFreq,1,0.31744598332919943
Accelerometer + EMG,189,PLinter_cvVal,1,0.31221454252686204
Accelerometer + EMG,189,GMinter_domFreq,1,0.2811764579566078
Accelerometer + EMG,189,accx_domAmp,1,0.276514859729101
Accelerometer + EMG,189,MGinter_domFreq,1,0.2762752979897841
Accelerometer + EMG,189,accx_minVal,1,0.2740604527735558
Accelerometer + EMG,189,accx_rmsVal,1,0.2698274892489807
Accelerometer + EMG,189,accx_psdMean,1,0.2697688010688957
Accelerometer + EMG,189,TAinter_cvVal,1,0.26452206991767924
Accelerometer + EMG,189,accx_meanVal,1,0.257950300443678
Accelerometer + EMG,189,accx_mavVal,1,0.2578092995077385
Accelerometer + EMG,189,accy_harmonicRatio,1,0.2566594379932908
Accelerometer + EMG,189,accy_domAmp,1,0.2538211428081684
Accelerometer + EMG,189,GMinter_harmonicRatio,1,0.25350224348865097
Accelerometer + EMG,189,accx_varVal,1,0.25314796716790544
Accelerometer + EMG,189,accx_sdVal,1,0.2506338425421957
Accelerometer + EMG,189,GMinter_cvVal,1,0.23781234233772763
Accelerometer + EMG,189,accy_maxVal,1,0.23201718145995218
Accelerometer + EMG,189,MGinter_meanFreq,1,0.22554374997387514
Accelerometer + EMG,189,accx_harmonicRatio,1,0.22285936743213777
Accelerometer + EMG,189,accz_harmonicRatio,1,0.2211161039879507
Accelerometer + EMG,189,accx_cvVal,1,0.21378030200131093
Accelerometer + EMG,189,accy_medianFreq,1,0.21374635749297258
Accelerometer + EMG,189,BFinter_specEntropy,1,0.21155256606855907
Accelerometer + EMG,189,MGinter_medianFreq,1,0.20070804887581692
Accelerometer + EMG,189,accz_minVal,1,0.1986520224201649
Accelerometer + EMG,189,accy_specEntropy,1,0.19557066500271447
Accelerometer + EMG,189,accx_maxVal,1,0.19532609956937944
Accelerometer + EMG,189,accz_rmsVal,1,0.18652825037003598
Accelerometer + EMG,189,accz_sdVal,1,0.18613492888006436
Accelerometer + EMG,189,TAinter_domFreq,1,0.17865470626365101
Accelerometer + EMG,189,TAinter_psdAsymmetry,1,0.17781190987582574
Accelerometer + EMG,189,RFinter_psdAsymmetry,1,0.17492108275205512
Accelerometer + EMG,189,accx_peakToPeak,1,0.1745994339492314
Accelerometer + EMG,189,PLinter_psdAsymmetry,1,0.17223433011635403
Accelerometer + EMG,189,accx_domFreq,1,0.16884409733265848
Accelerometer + EMG,189,TAinter_minVal,1,0.16582841889522296
Accelerometer + EMG,189,BFinter_logDetector,1,0.1597637170242409
Accelerometer + EMG,189,RFinter_domFreq,1,0.15650981652004906
Accelerometer + EMG,189,accy_rmsVal,1,0.1535735725911839
Accelerometer + EMG,189,PLinter_meanFreq,1,0.1493528977173563
Accelerometer + EMG,189,BFinter_psdAsymmetry,1,0.1452288063372302
Accelerometer + EMG,189,accx_meanFreq,1,0.1402741147355784
Accelerometer + EMG,189,BFinter_waveformLength,1,0.13810507964454008
Accelerometer + EMG,189,accy_peakToPeak,1,0.12967355233795874
Accelerometer + EMG,189,PLinter_specEntropy,1,0.12490189958257618
Accelerometer + EMG,189,RFinter_meanFreq,1,0.12288970364663672
Accelerometer + EMG,189,accz_mavVal,1,0.12067659938891355
Accelerometer + EMG,189,GMinter_meanFreq,1,0.11701149235741133
Accelerometer + EMG,189,PLinter_minVal,1,0.11472297533766986
Accelerometer + EMG,189,accy_meanVal,1,0.11420358817333448
Accelerometer + EMG,189,BFinter_harmonicRatio,1,0.1117818034722522
Accelerometer + EMG,189,BFinter_meanFreq,1,0.1090403013316168
Accelerometer + EMG,189,accz_specEntropy,1,0.10387224723702004
Accelerometer + EMG,189,accz_varVal,1,0.10036412580545462
Accelerometer + EMG,189,accz_psdMean,1,0.09673882471608168
Accelerometer + EMG,189,accz_maxVal,1,0.09549540437395687
Accelerometer + EMG,189,GMinter_medianFreq,1,0.09462002518971264
Accelerometer + EMG,189,accy_minVal,1,0.09238026570101837
Accelerometer + EMG,189,PLinter_medianFreq,1,0.09045364258108268
Accelerometer + EMG,189,RFinter_specEntropy,1,0.08907555835057916
Accelerometer + EMG,189,GMinter_emdEnergy,1,0.08843526430659705
Accelerometer + EMG,189,accy_domFreq,1,0.08695213358109037
Accelerometer + EMG,189,accz_cvVal,1,0.08423387967977813
Accelerometer + EMG,189,MGinter_waveformLength,1,0.08322973324206032
Accelerometer + EMG,189,PLinter_maxVal,1,0.08308375400893425
Accelerometer + EMG,189,accx_specEntropy,1,0.0803922930440809
Accelerometer + EMG,189,PLinter_peakToPeak,1,0.07713908660206324
Accelerometer + EMG,189,BFinter_medianFreq,1,0.07630122525960471
Accelerometer + EMG,189,accz_peakToPeak,1,0.07390607376368853
Accelerometer + EMG,189,accy_sdVal,1,0.07304736058262627
Accelerometer + EMG,189,GMinter_peakToPeak,1,0.0728342580951125
Accelerometer + EMG,189,TAinter_specEntropy,1,0.07276842994102493
Accelerometer + EMG,189,GMinter_maxVal,1,0.07262883880047899
Accelerometer + EMG,189,GMinter_varVal,1,0.07127578195033564
Accelerometer + EMG,189,PLinter_domFreq,1,0.06930879601527624
Accelerometer + EMG,189,TAinter_domAmp,1,0.06740205694390432
Accelerometer + EMG,189,accy_psdAsymmetry,1,0.06693583093180332
Accelerometer + EMG,189,accy_varVal,1,0.06683144862527046
Accelerometer + EMG,189,BFinter_domFreq,1,0.06617710230284143
Accelerometer + EMG,189,accz_domAmp,1,0.06603268838746654
Accelerometer + EMG,189,accz_medianFreq,1,0.06563650384690012
Accelerometer + EMG,189,TAinter_medianFreq,1,0.0641237345888609
Accelerometer + EMG,189,PLinter_varVal,1,0.06401497987636263
Accelerometer + EMG,189,GMinter_psdMean,1,0.06353240127344356
Accelerometer + EMG,189,GMinter_meanPowerFreq,1,0.06353240127344356
Accelerometer + EMG,189,BFinter_mavVal,1,0.06336537122761321
Accelerometer + EMG,189,accy_cvVal,1,0.06319485339456186
Accelerometer + EMG,189,GMinter_cwtMean,1,0.06310314787415829
Accelerometer + EMG,189,accy_mavVal,1,0.06301270809305835
Accelerometer + EMG,189,GMinter_sdVal,1,0.06293445364862889
Accelerometer + EMG,189,accz_meanFreq,1,0.06259862320925176
Accelerometer + EMG,189,BFinter_minVal,1,0.06234487851678849
Accelerometer + EMG,189,GMinter_dwtEnergy,1,0.060737023331356076
Accelerometer + EMG,189,MGinter_specEntropy,1,0.05736261098219728
Accelerometer + EMG,189,RFinter_cvVal,1,0.05685481590144093
Accelerometer + EMG,189,PLinter_psdMean,1,0.05659439527425277
Accelerometer + EMG,189,PLinter_meanPowerFreq,1,0.05659439527425277
Accelerometer + EMG,189,BFinter_varVal,1,0.056592485061505195
Accelerometer + EMG,189,MGinter_sdVal,1,0.054751814940336686
Accelerometer + EMG,189,TAinter_waveformLength,1,0.0545978310146297
Accelerometer + EMG,189,BFinter_cwtMean,1,0.053041843528085296
Accelerometer + EMG,189,GMinter_rmsVal,1,0.05256649617929923
Accelerometer + EMG,189,MGinter_cwtMean,1,0.0505386076862027
Accelerometer + EMG,189,RFinter_medianFreq,1,0.05040617168895359
Accelerometer + EMG,189,PLinter_emdEnergy,1,0.048535497598223364
Accelerometer + EMG,189,BFinter_domAmp,1,0.047646517793080455
Accelerometer + EMG,189,MGinter_rmsVal,1,0.046482456592024525
Accelerometer + EMG,189,GMinter_specEntropy,1,0.046145204560258744
Accelerometer + EMG,189,RFinter_harmonicRatio,1,0.044222419140447826
Accelerometer + EMG,189,MGinter_harmonicRatio,1,0.04389845058164024
Accelerometer + EMG,189,accy_psdMean,1,0.0419363295075193
Accelerometer + EMG,189,MGinter_mavVal,1,0.041521417298575204
Accelerometer + EMG,189,PLinter_dwtEnergy,1,0.04107203525102843
Accelerometer + EMG,189,PLinter_sdVal,1,0.04048642480586387
Accelerometer + EMG,189,RFinter_waveformLength,1,0.04046201842823575
Accelerometer + EMG,189,PLinter_cwtMean,1,0.03975824614090423
Accelerometer + EMG,189,PLinter_waveformLength,1,0.037807319994623716
Accelerometer + EMG,189,TAinter_logDetector,1,0.036779957325926434
Accelerometer + EMG,189,accx_medianFreq,1,0.036236927244868315
Accelerometer + EMG,189,RFinter_peakToPeak,1,0.03577885203097949
Accelerometer + EMG,189,accy_meanFreq,1,0.035639647577721166
Accelerometer + EMG,189,RFinter_domAmp,1,0.03545215653504418
Accelerometer + EMG,189,GMinter_mavVal,1,0.0354277630541055
Accelerometer + EMG,189,GMinter_logDetector,1,0.035306918778525744
Accelerometer + EMG,189,GMinter_minVal,1,0.03430049027866041
Accelerometer + EMG,189,TAinter_mavVal,1,0.03427455535324045
Accelerometer + EMG,189,RFinter_sdVal,1,0.03339232605879873
Accelerometer + EMG,189,BFinter_meanVal,1,0.03238761934877433
Accelerometer + EMG,189,PLinter_rmsVal,1,0.03215791201711836
Accelerometer + EMG,189,RFinter_cwtMean,1,0.030436874396162567
Accelerometer + EMG,189,BFinter_sdVal,1,0.029347844566181502
Accelerometer + EMG,189,MGinter_dwtEnergy,1,0.028988069949121464
Accelerometer + EMG,189,accz_psdAsymmetry,1,0.028726116825815495
Accelerometer + EMG,189,RFinter_maxVal,1,0.028625360120473994
Accelerometer + EMG,189,BFinter_dwtEnergy,1,0.028433915065788722
Accelerometer + EMG,189,TAinter_psdMean,1,0.028349761257258063
Accelerometer + EMG,189,TAinter_meanPowerFreq,1,0.028349761257258063
Accelerometer + EMG,189,MGinter_peakToPeak,1,0.028338700784803408
Accelerometer + EMG,189,TAinter_meanFreq,1,0.02828627723729542
Accelerometer + EMG,189,TAinter_rmsVal,1,0.027297771071391964
Accelerometer + EMG,189,TAinter_sdVal,1,0.026871688525373305
Accelerometer + EMG,189,RFinter_rmsVal,1,0.02660880713810535
Accelerometer + EMG,189,GMinter_waveformLength,1,0.026305228578841544
Accelerometer + EMG,189,TAinter_dwtEnergy,1,0.026116776949282813
Accelerometer + EMG,189,MGinter_varVal,1,0.026084912884561415
Accelerometer + EMG,189,RFinter_mavVal,1,0.02590293165475523
Accelerometer + EMG,189,accx_psdAsymmetry,1,0.025322865475456553
Accelerometer + EMG,189,MGinter_psdMean,1,0.025226278756683398
Accelerometer + EMG,189,MGinter_meanPowerFreq,1,0.025226278756683398
Accelerometer + EMG,189,RFinter_varVal,1,0.023253650426520233
Accelerometer + EMG,189,PLinter_logDetector,1,0.02153890401874904
Accelerometer + EMG,189,RFinter_logDetector,1,0.020765025964465986
Accelerometer + EMG,189,BFinter_psdMean,1,0.020510667206350554
Accelerometer + EMG,189,BFinter_meanPowerFreq,1,0.020510667206350554
Accelerometer + EMG,189,TAinter_meanVal,1,0.01973297661690009
Accelerometer + EMG,189,PLinter_mavVal,1,0.01889891030379399
Accelerometer + EMG,189,PLinter_meanVal,1,0.017768906841180664
Accelerometer + EMG,189,BFinter_maxVal,1,0.017503660502569386
Accelerometer + EMG,189,BFinter_peakToPeak,1,0.01643452282885064
Accelerometer + EMG,189,MGinter_emdEnergy,1,0.01608978857541436
Accelerometer + EMG,189,MGinter_meanVal,1,0.01582430406481346
Accelerometer + EMG,189,MGinter_maxVal,1,0.014033484372155148
Accelerometer + EMG,189,MGinter_logDetector,1,0.013586450300237802
Accelerometer + EMG,189,PLinter_domAmp,1,0.012713941008462093
Accelerometer + EMG,189,RFinter_emdEnergy,1,0.012199721414913782
Accelerometer + EMG,189,BFinter_rmsVal,1,0.011428320857538476
Accelerometer + EMG,189,TAinter_emdEnergy,1,0.010037821142132291
Accelerometer + EMG,189,MGinter_domAmp,1,0.009451879091192458
Accelerometer + EMG,189,TAinter_maxVal,1,0.009106033672763313
Accelerometer + EMG,189,TAinter_varVal,1,0.008265681795189056
Accelerometer + EMG,189,GMinter_domAmp,1,0.007897879987408344
Accelerometer + EMG,189,RFinter_psdMean,1,0.007739216328998595
Accelerometer + EMG,189,RFinter_meanPowerFreq,1,0.007739216328998595
Accelerometer + EMG,189,TAinter_cwtMean,1,0.0064336527588095375
Accelerometer + EMG,189,GMinter_meanVal,1,0.006196800213913757
Accelerometer + EMG,189,RFinter_dwtEnergy,1,0.005924159855966456
Accelerometer + EMG,189,TAinter_peakToPeak,1,0.005882051861506734
Accelerometer + EMG,189,BFinter_emdEnergy,1,0.00551765279185449
Accelerometer + EMG,189,RFinter_meanVal,1,0.004187859904140035
All sensors,5,gyroz_maxVal,1,1.146403415589656
All sensors,5,gyroz_varVal,1,0.9294795731196901
All sensors,5,BFinter_cvVal,1,0.8628263415871903
All sensors,5,gyroz_domAmp,1,0.8565493253845746
All sensors,5,MGinter_cvVal,1,0.5056230438195782
All sensors,10,MGinter_cvVal,1,0.8891142191706365
All sensors,10,gyroz_maxVal,1,0.7732783977265423
All sensors,10,BFinter_cvVal,1,0.7491356680759994
All sensors,10,GMinter_psdAsymmetry,1,0.6949797071318643
All sensors,10,gyroz_varVal,1,0.666870371858578
All sensors,10,gyroz_domAmp,1,0.6594559510099018
All sensors,10,gyroy_minVal,1,0.6124060578925214
All sensors,10,gyrox_domFreq,1,0.6111754704876255
All sensors,10,accz_meanVal,1,0.5423108904684871
All sensors,10,gyrox_cvVal,1,0.4944533528964216
All sensors,15,MGinter_cvVal,1,0.8317108137717835
All sensors,15,gyroz_maxVal,1,0.6877882292294554
All sensors,15,GMinter_psdAsymmetry,1,0.6271611982338593
All sensors,15,gyroz_cvVal,1,0.6012210917573264
All sensors,15,gyroy_minVal,1,0.558754190212763
All sensors,15,BFinter_logDetector,1,0.5532073790753791
All sensors,15,BFinter_cvVal,1,0.5511846905894019
All sensors,15,gyrox_domFreq,1,0.5373149108452299
All sensors,15,gyroz_domAmp,1,0.5130590849386116
All sensors,15,MGinter_psdAsymmetry,1,0.4916414407069846
All sensors,15,gyroz_varVal,1,0.4859641786987638
All sensors,15,gyrox_cvVal,1,0.4786885606965479
All sensors,15,gyroz_psdMean,1,0.4758043804218844
All sensors,15,accz_meanVal,1,0.4725248011110432
All sensors,15,TAinter_harmonicRatio,1,0.4593186320398687
All sensors,20,MGinter_cvVal,1,0.7354822508043922
All sensors,20,GMinter_psdAsymmetry,1,0.6380386626820057
All sensors,20,BFinter_logDetector,1,0.600673374036372
All sensors,20,BFinter_cvVal,1,0.5499042440365832
All sensors,20,accz_meanVal,1,0.5254264612803508
All sensors,20,gyroz_maxVal,1,0.5210049125741648
All sensors,20,TAinter_harmonicRatio,1,0.47836375056049557
All sensors,20,gyrox_domFreq,1,0.47647448833183886
All sensors,20,gyroz_cvVal,1,0.47428080301810405
All sensors,20,gyrox_cvVal,1,0.4531935777365655
All sensors,20,gyroy_minVal,1,0.45164006816186947
All sensors,20,gyroz_domAmp,1,0.4278725440274773
All sensors,20,RFinter_minVal,1,0.41705381645352874
All sensors,20,gyroz_meanFreq,1,0.4166886461337132
All sensors,20,PLinter_cvVal,1,0.4093705175380225
All sensors,20,MGinter_psdAsymmetry,1,0.40348873936225815
All sensors,20,gyroz_peakToPeak,1,0.39061130105250186
All sensors,20,gyroz_varVal,1,0.38133898870620553
All sensors,20,accz_rmsVal,1,0.3800372932742015
All sensors,20,gyroz_psdMean,1,0.3735940326702807
All sensors,30,GMinter_psdAsymmetry,1,0.6260810256454192
All sensors,30,MGinter_cvVal,1,0.5829983949191148
All sensors,30,BFinter_cvVal,1,0.540454742689354
All sensors,30,gyroz_maxVal,1,0.47987273560476407
All sensors,30,TAinter_harmonicRatio,1,0.43605626569299183
All sensors,30,BFinter_logDetector,1,0.43258612913373923
All sensors,30,accz_meanVal,1,0.42816891160116527
All sensors,30,gyrox_domFreq,1,0.4183063177486148
All sensors,30,accy_domAmp,1,0.39679375294746183
All sensors,30,MGinter_psdAsymmetry,1,0.3816398357033875
All sensors,30,PLinter_cvVal,1,0.37929994365846764
All sensors,30,gyroz_cvVal,1,0.37588327749579964
All sensors,30,BFinter_waveformLength,1,0.36422300467672963
All sensors,30,gyrox_cvVal,1,0.36296970850472726
All sensors,30,RFinter_minVal,1,0.36069403541146916
All sensors,30,gyroy_minVal,1,0.35989486753678585
All sensors,30,gyroz_peakToPeak,1,0.3527819679020392
All sensors,30,gyrox_harmonicRatio,1,0.32912078835744424
All sensors,30,gyroz_meanFreq,1,0.31931622569283347
All sensors,30,gyroz_domAmp,1,0.31233275962835433
All sensors,30,gyroz_varVal,1,0.30349541564722443
All sensors,30,gyroz_psdMean,1,0.3013867280862264
All sensors,30,MGinter_minVal,1,0.29549480764005376
All sensors,30,gyroy_peakToPeak,1,0.29049978719797537
All sensors,30,accz_rmsVal,1,0.2829252429078879
All sensors,30,gyroz_meanVal,1,0.28191566131887374
All sensors,30,gyroz_specEntropy,1,0.2728129226554334
All sensors,30,gyroz_mavVal,1,0.2527261171253278
All sensors,30,TAinter_psdAsymmetry,1,0.245854113364769
All sensors,30,GMinter_harmonicRatio,1,0.2208157569587833
All sensors,40,GMinter_psdAsymmetry,1,0.5022440553640561
All sensors,40,MGinter_cvVal,1,0.492020065624245
All sensors,40,TAinter_harmonicRatio,1,0.45965129885946676
All sensors,40,BFinter_cvVal,1,0.4433042296021865
All sensors,40,gyrox_domFreq,1,0.4431750085655395
All sensors,40,accz_meanVal,1,0.42537498570842697
All sensors,40,gyroz_maxVal,1,0.42500722142167596
All sensors,40,PLinter_cvVal,1,0.3844865862623785
All sensors,40,gyroy_minVal,1,0.3698372348665819
All sensors,40,BFinter_logDetector,1,0.36370559109686057
All sensors,40,MGinter_psdAsymmetry,1,0.3517169384365135
All sensors,40,gyroz_cvVal,1,0.35049180565308796
All sensors,40,gyrox_cvVal,1,0.3463071276143848
All sensors,40,gyrox_harmonicRatio,1,0.34545122710725473
All sensors,40,RFinter_minVal,1,0.31784552445200975
All sensors,40,gyroz_peakToPeak,1,0.313099870720824
All sensors,40,accz_rmsVal,1,0.28350354113989434
All sensors,40,gyroz_domAmp,1,0.27631379349127816
All sensors,40,gyroz_meanFreq,1,0.27463433929297126
All sensors,40,MGinter_minVal,1,0.27320903382435263
All sensors,40,BFinter_waveformLength,1,0.2722146016108384
All sensors,40,gyroz_psdMean,1,0.272040667464186
All sensors,40,gyroz_varVal,1,0.2718707440176239
All sensors,40,TAinter_psdAsymmetry,1,0.26458072574244085
All sensors,40,GMinter_harmonicRatio,1,0.2621504568127235
All sensors,40,accx_minVal,1,0.26180346053295794
All sensors,40,gyroz_specEntropy,1,0.25937516916310066
All sensors,40,accy_domAmp,1,0.24730143707978303
All sensors,40,gyroy_peakToPeak,1,0.24657144652339083
All sensors,40,accy_specEntropy,1,0.24591052944472006
All sensors,40,gyroz_meanVal,1,0.23351760229932425
All sensors,40,gyroz_mavVal,1,0.22711243021641114
All sensors,40,gyrox_mavVal,1,0.22232911361925145
All sensors,40,RFinter_meanFreq,1,0.20880369493721584
All sensors,40,GMinter_meanFreq,1,0.20837122802919317
All sensors,40,accy_maxVal,1,0.20630057961445133
All sensors,40,accy_harmonicRatio,1,0.2039272162163762
All sensors,40,gyroz_harmonicRatio,1,0.2014485926267764
All sensors,40,gyroz_sdVal,1,0.19959745069285295
All sensors,40,BFinter_specEntropy,1,0.172289879583676
All sensors,50,MGinter_cvVal,1,0.4916167194785916
All sensors,50,GMinter_psdAsymmetry,1,0.4798849392315625
All sensors,50,TAinter_harmonicRatio,1,0.42623837416824334
All sensors,50,gyrox_domFreq,1,0.4108097011290324
All sensors,50,BFinter_cvVal,1,0.40014389728892014
All sensors,50,PLinter_cvVal,1,0.38396052610856796
All sensors,50,gyrox_harmonicRatio,1,0.3805519946254681
All sensors,50,gyroz_maxVal,1,0.3670081746014176
All sensors,50,MGinter_psdAsymmetry,1,0.36510658350583
All sensors,50,gyroy_minVal,1,0.35428276489380234
All sensors,50,gyroz_cvVal,1,0.3448677906054188
All sensors,50,accz_meanVal,1,0.34383196245795117
All sensors,50,BFinter_logDetector,1,0.33648927573565396
All sensors,50,RFinter_minVal,1,0.3028973303918259
All sensors,50,gyrox_cvVal,1,0.2958128435316285
All sensors,50,BFinter_waveformLength,1,0.2792617476891202
All sensors,50,GMinter_meanFreq,1,0.27475090704177535
All sensors,50,accz_rmsVal,1,0.2736574133926904
All sensors,50,gyroz_peakToPeak,1,0.27082676122004695
All sensors,50,accx_minVal,1,0.2545783615851196
All sensors,50,gyroz_specEntropy,1,0.24964758536756518
All sensors,50,gyroz_meanFreq,1,0.24678497080593123
All sensors,50,GMinter_harmonicRatio,1,0.23953508908519264
All sensors,50,accy_domAmp,1,0.2332764981667531
All sensors,50,MGinter_minVal,1,0.232956507945451
All sensors,50,gyroz_domAmp,1,0.23259858301907646
All sensors,50,gyroz_meanVal,1,0.2284916221420793
All sensors,50,gyroy_meanVal,1,0.22705264154476593
All sensors,50,gyroz_varVal,1,0.2266803587012701
All sensors,50,gyroz_psdMean,1,0.22559985223448653
All sensors,50,gyroy_peakToPeak,1,0.21917414239100594
All sensors,50,TAinter_psdAsymmetry,1,0.2145391126796893
All sensors,50,accy_maxVal,1,0.21369494869329464
All sensors,50,gyrox_mavVal,1,0.20578745305628007
All sensors,50,BFinter_mavVal,1,0.20263029842334376
All sensors,50,accy_specEntropy,1,0.20044397053520058
All sensors,50,accy_harmonicRatio,1,0.19957313116357847
All sensors,50,gyroz_mavVal,1,0.19883274018582872
All sensors,50,TAinter_cvVal,1,0.19695957346909654
All sensors,50,accz_minVal,1,0.1953479772331751
All sensors,50,RFinter_meanFreq,1,0.19445216994257283
All sensors,50,GMinter_domFreq,1,0.19393678956626306
All sensors,50,RFinter_psdAsymmetry,1,0.18835139810652649
All sensors,50,PLinter_harmonicRatio,1,0.1877933137633837
All sensors,50,gyroz_harmonicRatio,1,0.18019461719429983
All sensors,50,BFinter_specEntropy,1,0.1704194542744435
All sensors,50,gyroz_sdVal,1,0.1677110320739389
All sensors,50,gyroz_rmsVal,1,0.1670437883869511
All sensors,50,accx_meanVal,1,0.15377709438348477
All sensors,50,accx_mavVal,1,0.15367501647144755
All sensors,240,MGinter_cvVal,1,0.44301538706032373
All sensors,240,GMinter_psdAsymmetry,1,0.4173002891409688
All sensors,240,TAinter_harmonicRatio,1,0.40430171392918623
All sensors,240,gyrox_domFreq,1,0.34224834724483005
All sensors,240,PLinter_cvVal,1,0.3388837987256323
All sensors,240,gyrox_harmonicRatio,1,0.3076478262657448
All sensors,240,BFinter_cvVal,1,0.29237253318377165
All sensors,240,gyroz_maxVal,1,0.29069390827726477
All sensors,240,accz_meanVal,1,0.2892972349821959
All sensors,240,RFinter_minVal,1,0.28098380362017117
All sensors,240,gyroz_cvVal,1,0.276081024200216
All sensors,240,MGinter_psdAsymmetry,1,0.2675035804956186
All sensors,240,gyroy_minVal,1,0.24927016137879607
All sensors,240,MGinter_minVal,1,0.22952924951940668
All sensors,240,gyrox_cvVal,1,0.22647451066576615
All sensors,240,GMinter_meanFreq,1,0.2256415049843842
All sensors,240,accx_minVal,1,0.22269406239634207
All sensors,240,gyroz_peakToPeak,1,0.20856907418649182
All sensors,240,gyroz_meanFreq,1,0.20188690943744347
All sensors,240,GMinter_domFreq,1,0.20087381073577482
All sensors,240,gyroz_specEntropy,1,0.19432369665840854
All sensors,240,gyroz_meanVal,1,0.19361095419378735
All sensors,240,accy_domAmp,1,0.19008701194369046
All sensors,240,BFinter_specEntropy,1,0.1895365893481522
All sensors,240,RFinter_psdAsymmetry,1,0.17781178106071904
All sensors,240,TAinter_psdAsymmetry,1,0.17568748262454506
All sensors,240,TAinter_cvVal,1,0.1754514008742205
All sensors,240,gyrox_medianFreq,1,0.1738297936137034
All sensors,240,accz_domFreq,1,0.1736919037215008
All sensors,240,accy_harmonicRatio,1,0.16497805668912255
All sensors,240,GMinter_harmonicRatio,1,0.16488964681567272
All sensors,240,gyroz_psdMean,1,0.16233697728326787
All sensors,240,gyroz_psdAsymmetry,1,0.16189097791120538
All sensors,240,gyroz_varVal,1,0.16155251798281253
All sensors,240,PLinter_harmonicRatio,1,0.15928077832434318
All sensors,240,gyroz_harmonicRatio,1,0.15857305041982137
All sensors,240,gyroz_domAmp,1,0.15810671221220293
All sensors,240,BFinter_logDetector,1,0.1579653398377655
All sensors,240,gyroy_meanVal,1,0.15786679010817095
All sensors,240,gyroy_peakToPeak,1,0.15682503341485748
All sensors,240,accy_medianFreq,1,0.15300532077778187
All sensors,240,gyroy_cvVal,1,0.14904348422438748
All sensors,240,accz_minVal,1,0.14900579402679842
All sensors,240,gyroz_mavVal,1,0.14625904930662798
All sensors,240,accy_specEntropy,1,0.14532117146439863
All sensors,240,gyroz_domFreq,1,0.14510655307858744
All sensors,240,accy_maxVal,1,0.14482084697514616
All sensors,240,accy_meanVal,1,0.14200071339809814
All sensors,240,BFinter_minVal,1,0.14180454455229774
All sensors,240,MGinter_meanFreq,1,0.14141863796996945
All sensors,240,gyrox_specEntropy,1,0.1408988653605131
All sensors,240,gyroz_sdVal,1,0.1280606409205128
All sensors,240,gyroz_rmsVal,1,0.12771629114976424
All sensors,240,accx_domAmp,1,0.12747568277117122
All sensors,240,accx_peakToPeak,1,0.12743723698878767
All sensors,240,BFinter_waveformLength,1,0.12710447484762796
All sensors,240,gyroz_minVal,1,0.12261975673181197
All sensors,240,TAinter_minVal,1,0.1213651901003359
All sensors,240,GMinter_cvVal,1,0.12007471713271589
All sensors,240,RFinter_meanFreq,1,0.11785399553083398
All sensors,240,accz_harmonicRatio,1,0.11671838900867386
All sensors,240,MGinter_harmonicRatio,1,0.11594787401713054
All sensors,240,RFinter_domFreq,1,0.11471790776897763
All sensors,240,MGinter_domFreq,1,0.11404264445743868
All sensors,240,GMinter_minVal,1,0.11384717474526339
All sensors,240,gyrox_mavVal,1,0.11327837155746012
All sensors,240,MGinter_medianFreq,1,0.11034443508213644
All sensors,240,gyroz_medianFreq,1,0.10668858759599176
All sensors,240,RFinter_cvVal,1,0.10630570602088796
All sensors,240,gyrox_meanFreq,1,0.10522649615503077
All sensors,240,accx_psdMean,1,0.1040608785351919
All sensors,240,BFinter_meanFreq,1,0.10397615416825375
All sensors,240,accx_rmsVal,1,0.1031894672617653
All sensors,240,accx_varVal,1,0.10256433350920686
All sensors,240,accz_sdVal,1,0.10193154611674737
All sensors,240,PLinter_psdAsymmetry,1,0.1018683431131232
All sensors,240,accz_rmsVal,1,0.09887161491647146
All sensors,240,gyroy_domFreq,1,0.09833630052297537
All sensors,240,accx_harmonicRatio,1,0.09646123267843328
All sensors,240,accx_meanVal,1,0.09613863424894703
All sensors,240,accx_mavVal,1,0.09603508026077222
All sensors,240,gyrox_meanVal,1,0.09593458879066598
All sensors,240,accx_sdVal,1,0.09492760097378383
All sensors,240,gyroy_medianFreq,1,0.09367769650446593
All sensors,240,accy_rmsVal,1,0.09244570036133982
All sensors,240,accy_domFreq,1,0.09218316545579934
All sensors,240,GMinter_medianFreq,1,0.09126132936491267
All sensors,240,PLinter_domFreq,1,0.09109431721464316
All sensors,240,gyrox_rmsVal,1,0.09039635530901512
All sensors,240,gyroy_specEntropy,1,0.08567727717427982
All sensors,240,accx_domFreq,1,0.08508252158440577
All sensors,240,accx_maxVal,1,0.08474635215314445
All sensors,240,gyroy_harmonicRatio,1,0.08457502778943841
All sensors,240,accx_cvVal,1,0.0844543034622996
All sensors,240,gyrox_sdVal,1,0.08256530815034925
All sensors,240,accx_meanFreq,1,0.08192822384273953
All sensors,240,PLinter_maxVal,1,0.08116358430009991
All sensors,240,gyroy_domAmp,1,0.07991377784385945
All sensors,240,gyroy_psdMean,1,0.07881464462246539
All sensors,240,PLinter_peakToPeak,1,0.07804607735622847
All sensors,240,PLinter_minVal,1,0.07799947249323462
All sensors,240,gyrox_domAmp,1,0.07790085730470472
All sensors,240,accz_cvVal,1,0.07737187185988965
All sensors,240,accx_specEntropy,1,0.07683713779974514
All sensors,240,BFinter_psdAsymmetry,1,0.07591354450161318
All sensors,240,gyroy_varVal,1,0.0738219448411334
All sensors,240,accz_mavVal,1,0.0736072453563718
All sensors,240,BFinter_domFreq,1,0.07296308457634702
All sensors,240,accz_varVal,1,0.07007760159221606
All sensors,240,gyroy_rmsVal,1,0.06965772372313343
All sensors,240,TAinter_domAmp,1,0.06857801583040558
All sensors,240,BFinter_harmonicRatio,1,0.0675824653139009
All sensors,240,gyroy_mavVal,1,0.06638501588257194
All sensors,240,BFinter_mavVal,1,0.06597955600370156
All sensors,240,PLinter_varVal,1,0.06428029176152156
All sensors,240,accz_maxVal,1,0.06330510192963786
All sensors,240,accy_meanFreq,1,0.06317029412239596
All sensors,240,gyrox_maxVal,1,0.06299985442927104
All sensors,240,gyroy_sdVal,1,0.06201124943131858
All sensors,240,GMinter_emdEnergy,1,0.061354406111706596
All sensors,240,RFinter_medianFreq,1,0.06039626446597205
All sensors,240,accy_mavVal,1,0.05989158028453085
All sensors,240,PLinter_psdMean,1,0.05909163792239919
All sensors,240,PLinter_meanPowerFreq,1,0.05909163792239919
All sensors,240,GMinter_peakToPeak,1,0.05753793320270947
All sensors,240,accy_peakToPeak,1,0.05581600104994894
All sensors,240,PLinter_specEntropy,1,0.05566779368151855
All sensors,240,accz_specEntropy,1,0.05519530362594572
All sensors,240,gyrox_minVal,1,0.05503486440820865
All sensors,240,RFinter_specEntropy,1,0.05496048295468806
All sensors,240,gyrox_peakToPeak,1,0.054569004960519224
All sensors,240,TAinter_waveformLength,1,0.054246957537097594
All sensors,240,GMinter_maxVal,1,0.05319401137944124
All sensors,240,accz_peakToPeak,1,0.05254852339390428
All sensors,240,GMinter_cwtMean,1,0.052473263912818736
All sensors,240,BFinter_varVal,1,0.05165448055138955
All sensors,240,TAinter_specEntropy,1,0.05037011470498672
All sensors,240,TAinter_medianFreq,1,0.05003319872758979
All sensors,240,MGinter_waveformLength,1,0.049854682728170084
All sensors,240,PLinter_meanFreq,1,0.04963395448307243
All sensors,240,GMinter_specEntropy,1,0.04905729086374969
All sensors,240,gyrox_varVal,1,0.04813983359320542
All sensors,240,GMinter_varVal,1,0.04729018513468822
All sensors,240,GMinter_sdVal,1,0.046274077829971554
All sensors,240,PLinter_cwtMean,1,0.045822324794007045
All sensors,240,GMinter_psdMean,1,0.045024855910890414
All sensors,240,GMinter_meanPowerFreq,1,0.045024855910890414
All sensors,240,gyroy_maxVal,1,0.04498891833809335
All sensors,240,BFinter_peakToPeak,1,0.044694765094358324
All sensors,240,MGinter_cwtMean,1,0.044143409097422474
All sensors,240,BFinter_cwtMean,1,0.04345999665590483
All sensors,240,PLinter_emdEnergy,1,0.043271443978665065
All sensors,240,gyrox_psdMean,1,0.04321879361222263
All sensors,240,GMinter_logDetector,1,0.042599796118215905
All sensors,240,GMinter_rmsVal,1,0.04138787508878838
All sensors,240,accz_psdMean,1,0.04076219337406237
All sensors,240,PLinter_sdVal,1,0.03956055946862666
All sensors,240,GMinter_dwtEnergy,1,0.03924689510525073
All sensors,240,accy_minVal,1,0.039202972961271815
All sensors,240,accy_cvVal,1,0.03852917059439409
All sensors,240,BFinter_domAmp,1,0.037970680564029205
All sensors,240,RFinter_domAmp,1,0.03768440609266077
All sensors,240,PLinter_dwtEnergy,1,0.036941363064769465
All sensors,240,BFinter_meanVal,1,0.035064752219889396
All sensors,240,PLinter_rmsVal,1,0.03376638583928209
All sensors,240,GMinter_mavVal,1,0.03358433346466439
All sensors,240,RFinter_waveformLength,1,0.03341198371717835
All sensors,240,RFinter_peakToPeak,1,0.033264774386064976
All sensors,240,RFinter_harmonicRatio,1,0.032792869806586675
All sensors,240,PLinter_medianFreq,1,0.03248101826467624
All sensors,240,accy_sdVal,1,0.03215698335259554
All sensors,240,MGinter_sdVal,1,0.03195518087462264
All sensors,240,RFinter_maxVal,1,0.03173136650255544
All sensors,240,BFinter_maxVal,1,0.0315280362967117
All sensors,240,MGinter_varVal,1,0.031169957814929195
All sensors,240,TAinter_dwtEnergy,1,0.03050609930105218
All sensors,240,gyrox_psdAsymmetry,1,0.02961879742429403
All sensors,240,RFinter_cwtMean,1,0.029329235330204262
All sensors,240,gyroy_meanFreq,1,0.028864133795709485
All sensors,240,TAinter_psdMean,1,0.028712673359414232
All sensors,240,TAinter_meanPowerFreq,1,0.028712673359414232
All sensors,240,accy_psdMean,1,0.02856712670577821
All sensors,240,MGinter_rmsVal,1,0.028309061025046208
All sensors,240,MGinter_dwtEnergy,1,0.027918604489373593
All sensors,240,accy_varVal,1,0.027482730448591036
All sensors,240,gyroy_psdAsymmetry,1,0.02725641940799679
All sensors,240,BFinter_dwtEnergy,1,0.026822840137891435
All sensors,240,PLinter_mavVal,1,0.025483418170770312
All sensors,240,accx_psdAsymmetry,1,0.0250512732603622
All sensors,240,MGinter_psdMean,1,0.024717415459479582
All sensors,240,MGinter_meanPowerFreq,1,0.024717415459479582
All sensors,240,MGinter_mavVal,1,0.024648808614615523
All sensors,240,accz_psdAsymmetry,1,0.024338391819052535
All sensors,240,TAinter_mavVal,1,0.02402542505904136
All sensors,240,accz_domAmp,1,0.023728273225819843
All sensors,240,TAinter_meanFreq,1,0.021240639603585926
All sensors,240,PLinter_meanVal,1,0.021188646179337616
All sensors,240,accy_psdAsymmetry,1,0.020150940307831145
All sensors,240,TAinter_rmsVal,1,0.020102520540923405
All sensors,240,MGinter_meanVal,1,0.01932052046182927
All sensors,240,TAinter_logDetector,1,0.019137292317361363
All sensors,240,RFinter_varVal,1,0.01908682245450125
All sensors,240,PLinter_logDetector,1,0.018726079876573622
All sensors,240,TAinter_sdVal,1,0.01855843675505739
All sensors,240,accx_medianFreq,1,0.01803466239499463
All sensors,240,TAinter_meanVal,1,0.017419500170401062
All sensors,240,RFinter_logDetector,1,0.017244610526854907
All sensors,240,PLinter_waveformLength,1,0.016844597773674815
All sensors,240,BFinter_psdMean,1,0.01665696498416674
All sensors,240,BFinter_meanPowerFreq,1,0.01665696498416674
All sensors,240,TAinter_cwtMean,1,0.015946812910240627
All sensors,240,TAinter_emdEnergy,1,0.015813914452806818
All sensors,240,MGinter_domAmp,1,0.015609288935983158
All sensors,240,MGinter_emdEnergy,1,0.015464666615282735
All sensors,240,accz_meanFreq,1,0.015221859300822907
All sensors,240,RFinter_emdEnergy,1,0.0151565803321057
All sensors,240,RFinter_sdVal,1,0.015036297539519109
All sensors,240,BFinter_sdVal,1,0.014370817101306716
All sensors,240,RFinter_mavVal,1,0.014229671182936963
All sensors,240,GMinter_domAmp,1,0.014051924720701858
All sensors,240,TAinter_domFreq,1,0.013900635495883341
All sensors,240,MGinter_peakToPeak,1,0.013838285486547542
All sensors,240,RFinter_rmsVal,1,0.01251022579787578
All sensors,240,TAinter_varVal,1,0.012376084991959904
All sensors,240,GMinter_waveformLength,1,0.011123790534866382
All sensors,240,BFinter_medianFreq,1,0.010730515804251424
All sensors,240,TAinter_peakToPeak,1,0.010413807290333794
All sensors,240,MGinter_logDetector,1,0.010129167841781273
All sensors,240,MGinter_specEntropy,1,0.009763093122891192
All sensors,240,GMinter_meanVal,1,0.009326575768187339
All sensors,240,BFinter_rmsVal,1,0.008588586661712723
All sensors,240,RFinter_meanVal,1,0.008015649327889325
All sensors,240,accz_medianFreq,1,0.00785268694173071
All sensors,240,BFinter_emdEnergy,1,0.007344022668902853
All sensors,240,RFinter_psdMean,1,0.006916031319200824
All sensors,240,RFinter_meanPowerFreq,1,0.006916031319200824
All sensors,240,PLinter_domAmp,1,0.0055569627248561295
All sensors,240,MGinter_maxVal,1,0.005307714498165757
All sensors,240,RFinter_dwtEnergy,1,0.004675866106768824
All sensors,240,TAinter_maxVal,1,0.003106318400404248
EMG,5,RFinter_peakToPeak,1,0.9683209113987464
EMG,5,MGinter_cvVal,1,0.8753893036196124
EMG,5,BFinter_cvVal,1,0.830007627306513
EMG,5,GMinter_psdAsymmetry,1,0.752063936460157
EMG,5,TAinter_harmonicRatio,1,0.6465131035469766
EMG,10,MGinter_cvVal,1,0.9842903823651078
EMG,10,RFinter_peakToPeak,1,0.8935449415927555
EMG,10,BFinter_cvVal,1,0.8828887003326741
EMG,10,BFinter_waveformLength,1,0.8466392236215626
EMG,10,TAinter_harmonicRatio,1,0.7594601633437378
EMG,10,GMinter_psdAsymmetry,1,0.7283557878649004
EMG,10,RFinter_minVal,1,0.5197372829845774
EMG,10,MGinter_psdAsymmetry,1,0.5195865292874761
EMG,10,TAinter_cvVal,1,0.48767072502573167
EMG,10,BFinter_psdAsymmetry,1,0.4551506119027641
EMG,15,MGinter_cvVal,1,0.9659980893206378
EMG,15,BFinter_cvVal,1,0.8689047295477073
EMG,15,TAinter_harmonicRatio,1,0.7581186610941941
EMG,15,BFinter_psdAsymmetry,1,0.6756113040604497
EMG,15,PLinter_medianFreq,1,0.6446381784337745
EMG,15,GMinter_psdAsymmetry,1,0.6397728958386225
EMG,15,MGinter_psdAsymmetry,1,0.5871337630233224
EMG,15,RFinter_peakToPeak,1,0.5834865728231338
EMG,15,PLinter_harmonicRatio,1,0.5587859108829071
EMG,15,BFinter_waveformLength,1,0.5172453681290784
EMG,15,RFinter_meanFreq,1,0.46577972735938356
EMG,15,TAinter_cvVal,1,0.4575691667891196
EMG,15,PLinter_minVal,1,0.4464607484557203
EMG,15,RFinter_minVal,1,0.4145060416276447
EMG,15,BFinter_logDetector,1,0.37531549258682406
EMG,20,BFinter_cvVal,1,0.9319176121985467
EMG,20,MGinter_cvVal,1,0.8526812811718197
EMG,20,GMinter_psdAsymmetry,1,0.764545334098664
EMG,20,MGinter_psdAsymmetry,1,0.734260994544982
EMG,20,TAinter_harmonicRatio,1,0.642350180173258
EMG,20,BFinter_psdAsymmetry,1,0.5966189932720308
EMG,20,RFinter_peakToPeak,1,0.5868661808763417
EMG,20,BFinter_waveformLength,1,0.561047829095285
EMG,20,PLinter_medianFreq,1,0.5340341316256226
EMG,20,PLinter_minVal,1,0.49584198401482
EMG,20,RFinter_minVal,1,0.46500194694031266
EMG,20,RFinter_meanFreq,1,0.4482984733158579
EMG,20,PLinter_harmonicRatio,1,0.44616812789774185
EMG,20,BFinter_logDetector,1,0.42618366091120813
EMG,20,MGinter_domFreq,1,0.4202107300117559
EMG,20,BFinter_harmonicRatio,1,0.4118821529591743
EMG,20,TAinter_cvVal,1,0.40227213299139214
EMG,20,MGinter_meanFreq,1,0.3866503986733658
EMG,20,GMinter_domFreq,1,0.38115800069955963
EMG,20,MGinter_minVal,1,0.2688551792617566
EMG,30,BFinter_cvVal,1,0.8303582438971491
EMG,30,GMinter_psdAsymmetry,1,0.7554824130437825
EMG,30,MGinter_cvVal,1,0.7287657210572872
EMG,30,MGinter_psdAsymmetry,1,0.7070557358069909
EMG,30,TAinter_harmonicRatio,1,0.6948408964305539
EMG,30,RFinter_minVal,1,0.5511199114384728
EMG,30,BFinter_psdAsymmetry,1,0.46771151364295366
EMG,30,MGinter_domFreq,1,0.45756068234935166
EMG,30,PLinter_harmonicRatio,1,0.4314762649331068
EMG,30,BFinter_logDetector,1,0.42799117192158875
EMG,30,BFinter_waveformLength,1,0.4211733715011537
EMG,30,RFinter_meanFreq,1,0.404125452031822
EMG,30,PLinter_minVal,1,0.40331709415938644
EMG,30,TAinter_cvVal,1,0.3904078858468456
EMG,30,TAinter_minVal,1,0.3819781078938602
EMG,30,BFinter_harmonicRatio,1,0.38009729971983014
EMG,30,GMinter_domFreq,1,0.37664737154238637
EMG,30,PLinter_medianFreq,1,0.365667927205846
EMG,30,RFinter_peakToPeak,1,0.3486172389684341
EMG,30,PLinter_cvVal,1,0.3462347815978611
EMG,30,MGinter_meanFreq,1,0.34207759951044886
EMG,30,MGinter_minVal,1,0.3245717475884724
EMG,30,RFinter_cvVal,1,0.31643955211553826
EMG,30,PLinter_specEntropy,1,0.312089629489214
EMG,30,TAinter_waveformLength,1,0.31086662192347186
EMG,30,PLinter_meanFreq,1,0.3106003458833941
EMG,30,GMinter_emdEnergy,1,0.30995134347458664
EMG,30,RFinter_psdAsymmetry,1,0.2933760492886293
EMG,30,PLinter_maxVal,1,0.28513747292433805
EMG,30,BFinter_meanFreq,1,0.27876413808766415
EMG,40,BFinter_cvVal,1,0.8531405285509456
EMG,40,MGinter_cvVal,1,0.7655436975802026
EMG,40,TAinter_harmonicRatio,1,0.7427407282282447
EMG,40,MGinter_psdAsymmetry,1,0.655348076120044
EMG,40,GMinter_psdAsymmetry,1,0.5572154988262269
EMG,40,RFinter_minVal,1,0.5182850435481061
EMG,40,MGinter_domFreq,1,0.44337662930303595
EMG,40,BFinter_psdAsymmetry,1,0.43418348603744744
EMG,40,PLinter_harmonicRatio,1,0.41676715768368827
EMG,40,RFinter_meanFreq,1,0.4117123249781565
EMG,40,TAinter_minVal,1,0.40263684982119025
EMG,40,BFinter_harmonicRatio,1,0.38930159303676914
EMG,40,GMinter_domFreq,1,0.38866805098285023
EMG,40,TAinter_cvVal,1,0.3877457639085549
EMG,40,PLinter_cvVal,1,0.3774254651163919
EMG,40,PLinter_minVal,1,0.3711782098632779
EMG,40,BFinter_logDetector,1,0.33675390051552617
EMG,40,BFinter_waveformLength,1,0.32989580063577867
EMG,40,BFinter_meanFreq,1,0.32911991224362963
EMG,40,RFinter_cvVal,1,0.3155531444708044
EMG,40,RFinter_harmonicRatio,1,0.3113424710261095
EMG,40,RFinter_psdAsymmetry,1,0.30162425362276357
EMG,40,MGinter_minVal,1,0.2992522732982181
EMG,40,BFinter_domFreq,1,0.2907451333741309
EMG,40,GMinter_cvVal,1,0.2887135372350927
EMG,40,PLinter_medianFreq,1,0.2838747521156873
EMG,40,PLinter_meanFreq,1,0.2837377553815016
EMG,40,MGinter_meanFreq,1,0.2812713562130949
EMG,40,GMinter_meanFreq,1,0.2783498483581744
EMG,40,RFinter_peakToPeak,1,0.26419538067659065
EMG,40,BFinter_minVal,1,0.2572781058638937
EMG,40,TAinter_domFreq,1,0.2459121406210855
EMG,40,MGinter_medianFreq,1,0.24410636378275427
EMG,40,PLinter_specEntropy,1,0.24189891896954377
EMG,40,TAinter_waveformLength,1,0.23947980417778222
EMG,40,PLinter_maxVal,1,0.23377133965536648
EMG,40,PLinter_peakToPeak,1,0.22024305537478606
EMG,40,GMinter_emdEnergy,1,0.21630672339217813
EMG,40,GMinter_peakToPeak,1,0.21089507944447847
EMG,40,GMinter_maxVal,1,0.2040002844722717
EMG,50,BFinter_cvVal,1,0.8677346536930202
EMG,50,MGinter_cvVal,1,0.8006808405388551
EMG,50,TAinter_harmonicRatio,1,0.7510063962737652
EMG,50,MGinter_psdAsymmetry,1,0.6401053374663069
EMG,50,GMinter_psdAsymmetry,1,0.49867183776508855
EMG,50,RFinter_minVal,1,0.4983356104717093
EMG,50,TAinter_minVal,1,0.4387265024734071
EMG,50,BFinter_psdAsymmetry,1,0.42680272259508056
EMG,50,PLinter_cvVal,1,0.4265416581031248
EMG,50,MGinter_domFreq,1,0.42612867382791025
EMG,50,TAinter_cvVal,1,0.42492493720776364
EMG,50,BFinter_harmonicRatio,1,0.377582825217833
EMG,50,PLinter_harmonicRatio,1,0.37610155931153916
EMG,50,GMinter_domFreq,1,0.35597506843553944
EMG,50,RFinter_meanFreq,1,0.35263051152111186
EMG,50,RFinter_cvVal,1,0.3452148429195336
EMG,50,MGinter_minVal,1,0.34269960643449227
EMG,50,PLinter_minVal,1,0.33182664343908347
EMG,50,BFinter_meanFreq,1,0.32100738070372464
EMG,50,GMinter_cvVal,1,0.3046138642296921
EMG,50,BFinter_waveformLength,1,0.3010813405372193
EMG,50,RFinter_harmonicRatio,1,0.30103302421456696
EMG,50,PLinter_meanFreq,1,0.29517094276516775
EMG,50,BFinter_logDetector,1,0.2833477631773565
EMG,50,RFinter_psdAsymmetry,1,0.2785695408530086
EMG,50,BFinter_domFreq,1,0.26965802566510017
EMG,50,MGinter_meanFreq,1,0.26750154380139024
EMG,50,PLinter_medianFreq,1,0.25526802522884423
EMG,50,TAinter_domFreq,1,0.24991443410324035
EMG,50,TAinter_waveformLength,1,0.2470469111019521
EMG,50,GMinter_meanFreq,1,0.22691049693683538
EMG,50,BFinter_minVal,1,0.22635218615287064
EMG,50,PLinter_specEntropy,1,0.22524432856273713
EMG,50,RFinter_peakToPeak,1,0.2251473603022658
EMG,50,PLinter_domFreq,1,0.21425212726894352
EMG,50,MGinter_medianFreq,1,0.213472896520574
EMG,50,GMinter_emdEnergy,1,0.21346855688722388
EMG,50,RFinter_maxVal,1,0.20776331165257103
EMG,50,GMinter_harmonicRatio,1,0.20726520432164028
EMG,50,PLinter_logDetector,1,0.20370717701928145
EMG,50,PLinter_maxVal,1,0.20280009413333475
EMG,50,GMinter_peakToPeak,1,0.2000265459177025
EMG,50,GMinter_maxVal,1,0.19403026223632236
EMG,50,MGinter_waveformLength,1,0.1896885080103837
EMG,50,PLinter_mavVal,1,0.18868999916637189
EMG,50,PLinter_peakToPeak,1,0.18716099831254338
EMG,50,RFinter_domFreq,1,0.18237791794584032
EMG,50,GMinter_medianFreq,1,0.18069694558641422
EMG,50,TAinter_domAmp,1,0.16126513557243885
EMG,50,PLinter_cwtMean,1,0.14572274249130124
EMG,138,BFinter_cvVal,1,0.8300732259170478
EMG,138,MGinter_cvVal,1,0.7746198838787978
EMG,138,TAinter_harmonicRatio,1,0.7289126796042297
EMG,138,MGinter_psdAsymmetry,1,0.6391656098272963
EMG,138,RFinter_minVal,1,0.49847013158030234
EMG,138,GMinter_psdAsymmetry,1,0.4619247874196306
EMG,138,TAinter_cvVal,1,0.453557455263766
EMG,138,PLinter_cvVal,1,0.4310295919228682
EMG,138,MGinter_domFreq,1,0.4194938772025221
EMG,138,TAinter_minVal,1,0.4140665075396406
EMG,138,BFinter_psdAsymmetry,1,0.38063437572270953
EMG,138,GMinter_domFreq,1,0.3787915079287178
EMG,138,RFinter_cvVal,1,0.3667472801248635
EMG,138,PLinter_harmonicRatio,1,0.36516841811179485
EMG,138,GMinter_cvVal,1,0.3571461008686488
EMG,138,MGinter_minVal,1,0.34485167404374106
EMG,138,BFinter_harmonicRatio,1,0.34305410210602877
EMG,138,RFinter_harmonicRatio,1,0.30483172346620535
EMG,138,RFinter_meanFreq,1,0.2980100491262321
EMG,138,PLinter_minVal,1,0.29496308605919724
EMG,138,MGinter_meanFreq,1,0.27462945865116567
EMG,138,PLinter_meanFreq,1,0.27215555564387156
EMG,138,BFinter_domFreq,1,0.26688777880895337
EMG,138,RFinter_psdAsymmetry,1,0.25545177898154475
EMG,138,TAinter_domFreq,1,0.2537991953771417
EMG,138,BFinter_meanFreq,1,0.2501656103846203
EMG,138,PLinter_medianFreq,1,0.24446782666686828
EMG,138,BFinter_minVal,1,0.23413095887558386
EMG,138,GMinter_meanFreq,1,0.21244459990489625
EMG,138,MGinter_medianFreq,1,0.21136304539666464
EMG,138,GMinter_harmonicRatio,1,0.20914587089876105
EMG,138,GMinter_medianFreq,1,0.20639500987452916
EMG,138,BFinter_waveformLength,1,0.20261005786740469
EMG,138,PLinter_domFreq,1,0.19413638197595215
EMG,138,BFinter_logDetector,1,0.18457060354247243
EMG,138,TAinter_psdAsymmetry,1,0.1817825891824195
EMG,138,RFinter_domFreq,1,0.18117762834351706
EMG,138,PLinter_mavVal,1,0.18077543554424527
EMG,138,BFinter_medianFreq,1,0.17869614658367614
EMG,138,PLinter_logDetector,1,0.17444727512124927
EMG,138,TAinter_waveformLength,1,0.17313384214907157
EMG,138,BFinter_specEntropy,1,0.17272337470267085
EMG,138,PLinter_sdVal,1,0.16762826943292908
EMG,138,PLinter_specEntropy,1,0.15955740242943553
EMG,138,PLinter_rmsVal,1,0.1477922472560352
EMG,138,TAinter_specEntropy,1,0.14763601362523981
EMG,138,RFinter_peakToPeak,1,0.14644203811710477
EMG,138,MGinter_harmonicRatio,1,0.14423220122496236
EMG,138,PLinter_maxVal,1,0.13743865643696393
EMG,138,PLinter_cwtMean,1,0.13580038699166988
EMG,138,RFinter_maxVal,1,0.12888967088086192
EMG,138,GMinter_minVal,1,0.1231842197495635
EMG,138,PLinter_peakToPeak,1,0.12290078341538702
EMG,138,TAinter_domAmp,1,0.12012931449525725
EMG,138,GMinter_emdEnergy,1,0.11854103643892507
EMG,138,MGinter_waveformLength,1,0.11525492002388733
EMG,138,PLinter_psdAsymmetry,1,0.11405281142108331
EMG,138,TAinter_meanFreq,1,0.10919004105853042
EMG,138,GMinter_waveformLength,1,0.1088031323203265
EMG,138,GMinter_peakToPeak,1,0.10479912895059913
EMG,138,GMinter_maxVal,1,0.10271363829661595
EMG,138,TAinter_emdEnergy,1,0.10214694567188994
EMG,138,GMinter_logDetector,1,0.09789492478107216
EMG,138,RFinter_waveformLength,1,0.09706675133907271
EMG,138,GMinter_varVal,1,0.09665753135393407
EMG,138,MGinter_sdVal,1,0.09138353117550375
EMG,138,GMinter_sdVal,1,0.0878904608127502
EMG,138,MGinter_mavVal,1,0.08754984421228797
EMG,138,RFinter_specEntropy,1,0.08682221605288946
EMG,138,GMinter_dwtEnergy,1,0.08564567000688626
EMG,138,RFinter_medianFreq,1,0.08424652710388895
EMG,138,GMinter_domAmp,1,0.08345628305964466
EMG,138,PLinter_varVal,1,0.08326726678225194
EMG,138,MGinter_rmsVal,1,0.08278276454911211
EMG,138,GMinter_psdMean,1,0.08234716475000033
EMG,138,GMinter_meanPowerFreq,1,0.08234716475000033
EMG,138,TAinter_dwtEnergy,1,0.0820830740487481
EMG,138,GMinter_cwtMean,1,0.08076844446849789
EMG,138,BFinter_mavVal,1,0.0791660465281643
EMG,138,TAinter_medianFreq,1,0.07882482134903365
EMG,138,PLinter_emdEnergy,1,0.07741707251132839
EMG,138,MGinter_cwtMean,1,0.07727841939342173
EMG,138,PLinter_psdMean,1,0.07725189080319245
EMG,138,PLinter_meanPowerFreq,1,0.07725189080319245
EMG,138,MGinter_logDetector,1,0.07518168672934232
EMG,138,RFinter_domAmp,1,0.07213185261156858
EMG,138,GMinter_rmsVal,1,0.07192832825865404
EMG,138,BFinter_varVal,1,0.0711216828006817
EMG,138,TAinter_maxVal,1,0.07052939355338837
EMG,138,PLinter_waveformLength,1,0.06860944523838795
EMG,138,BFinter_domAmp,1,0.06830130086032929
EMG,138,RFinter_emdEnergy,1,0.06803194020308151
EMG,138,TAinter_mavVal,1,0.06706487387955214
EMG,138,PLinter_dwtEnergy,1,0.06664924377466926
EMG,138,TAinter_peakToPeak,1,0.06380192116832951
EMG,138,RFinter_sdVal,1,0.06329874367580443
EMG,138,BFinter_cwtMean,1,0.062235257524184684
EMG,138,GMinter_mavVal,1,0.06167350836607186
EMG,138,TAinter_varVal,1,0.05996028036541665
EMG,138,TAinter_logDetector,1,0.05981891318515841
EMG,138,GMinter_specEntropy,1,0.058325269949690554
EMG,138,RFinter_logDetector,1,0.057732169860266386
EMG,138,TAinter_sdVal,1,0.057501917303962646
EMG,138,PLinter_domAmp,1,0.055638860483876
EMG,138,TAinter_rmsVal,1,0.055062825771823976
EMG,138,TAinter_psdMean,1,0.052045247558098216
EMG,138,TAinter_meanPowerFreq,1,0.052045247558098216
EMG,138,BFinter_sdVal,1,0.05039131468525503
EMG,138,MGinter_domAmp,1,0.048796330345651305
EMG,138,RFinter_dwtEnergy,1,0.048584861481138726
EMG,138,RFinter_varVal,1,0.04628231915291566
EMG,138,BFinter_meanVal,1,0.04602803349714823
EMG,138,BFinter_dwtEnergy,1,0.045099470749208274
EMG,138,MGinter_specEntropy,1,0.04420878159521127
EMG,138,MGinter_varVal,1,0.043272284887149064
EMG,138,MGinter_psdMean,1,0.04324103966718543
EMG,138,MGinter_meanPowerFreq,1,0.04324103966718543
EMG,138,RFinter_rmsVal,1,0.04225295584616225
EMG,138,MGinter_dwtEnergy,1,0.03486856979635258
EMG,138,RFinter_cwtMean,1,0.03342171325246743
EMG,138,BFinter_emdEnergy,1,0.030006600637235217
EMG,138,TAinter_cwtMean,1,0.029281710696544158
EMG,138,BFinter_rmsVal,1,0.02913962870629125
EMG,138,MGinter_peakToPeak,1,0.02811342948752356
EMG,138,PLinter_meanVal,1,0.025619058100430775
EMG,138,MGinter_meanVal,1,0.024858909916393144
EMG,138,BFinter_peakToPeak,1,0.024485844434190957
EMG,138,BFinter_maxVal,1,0.021778680239613556
EMG,138,BFinter_psdMean,1,0.021211019250716685
EMG,138,BFinter_meanPowerFreq,1,0.021211019250716685
EMG,138,RFinter_psdMean,1,0.021019991732807466
EMG,138,RFinter_meanPowerFreq,1,0.021019991732807466
EMG,138,MGinter_emdEnergy,1,0.019890642725147543
EMG,138,TAinter_meanVal,1,0.017638067468534926
EMG,138,MGinter_maxVal,1,0.01175012425106637
EMG,138,GMinter_meanVal,1,0.011166401592162594
EMG,138,RFinter_mavVal,1,0.007452349972734309
EMG,138,RFinter_meanVal,1,0.007423293806411164
Gyroscope,5,gyroz_maxVal,1,1.417854198863789
Gyroscope,5,gyroz_domAmp,1,0.7523290387254971
Gyroscope,5,gyroz_varVal,1,0.6887031767182102
Gyroscope,5,gyroz_psdMean,1,0.6823917404333666
Gyroscope,5,gyrox_cvVal,1,0.5459031301187235
Gyroscope,10,gyroz_maxVal,1,1.0947050094288124
Gyroscope,10,gyroz_peakToPeak,1,0.6821405733849432
Gyroscope,10,gyroz_varVal,1,0.6076381949511754
Gyroscope,10,gyroz_psdMean,1,0.6063337951926803
Gyroscope,10,gyroy_minVal,1,0.6062385932557499
Gyroscope,10,gyroy_specEntropy,1,0.5219557330919407
Gyroscope,10,gyrox_cvVal,1,0.510181732464801
Gyroscope,10,gyroz_domAmp,1,0.4964231188401433
Gyroscope,10,gyroz_medianFreq,1,0.4605174154114005
Gyroscope,10,gyrox_harmonicRatio,1,0.43671114997170335
Gyroscope,15,gyroz_maxVal,1,1.0800402410413055
Gyroscope,15,gyroy_minVal,1,0.7108551799696117
Gyroscope,15,gyroz_peakToPeak,1,0.6938730405299164
Gyroscope,15,gyrox_cvVal,1,0.5431059860673372
Gyroscope,15,gyroz_varVal,1,0.5276426251321769
Gyroscope,15,gyroz_psdMean,1,0.5233239769548889
Gyroscope,15,gyroz_domAmp,1,0.500444235587879
Gyroscope,15,gyroz_medianFreq,1,0.44167352807901317
Gyroscope,15,gyroy_specEntropy,1,0.406319545273651
Gyroscope,15,gyroz_psdAsymmetry,1,0.3916152988979953
Gyroscope,15,gyrox_harmonicRatio,1,0.38708484296561313
Gyroscope,15,gyroz_meanVal,1,0.38505927210102114
Gyroscope,15,gyroz_minVal,1,0.37547212104227584
Gyroscope,15,gyrox_maxVal,1,0.3725876733353359
Gyroscope,15,gyroz_sdVal,1,0.24824018241604948
Gyroscope,20,gyroz_maxVal,1,0.9533501900716708
Gyroscope,20,gyroy_minVal,1,0.6181453142665979
Gyroscope,20,gyroz_peakToPeak,1,0.6026810750196897
Gyroscope,20,gyrox_cvVal,1,0.5167364651723618
Gyroscope,20,gyroz_varVal,1,0.5019681269708508
Gyroscope,20,gyroz_psdMean,1,0.49984880435594353
Gyroscope,20,gyroz_psdAsymmetry,1,0.4520376419576619
Gyroscope,20,gyroz_domAmp,1,0.4198850332532043
Gyroscope,20,gyroy_specEntropy,1,0.4107659784543551
Gyroscope,20,gyroy_medianFreq,1,0.38556448679618466
Gyroscope,20,gyroz_medianFreq,1,0.38290814562574793
Gyroscope,20,gyroz_cvVal,1,0.3796035926166004
Gyroscope,20,gyrox_harmonicRatio,1,0.37953788358930735
Gyroscope,20,gyroz_minVal,1,0.37734631059234264
Gyroscope,20,gyrox_maxVal,1,0.374403447221562
Gyroscope,20,gyroy_domFreq,1,0.3061150622278371
Gyroscope,20,gyroz_meanVal,1,0.2970838866749918
Gyroscope,20,gyroz_sdVal,1,0.2929620614390265
Gyroscope,20,gyroz_rmsVal,1,0.2895891128294581
Gyroscope,20,gyrox_meanVal,1,0.27328008057942405
Gyroscope,30,gyroz_maxVal,1,0.9714994514228116
Gyroscope,30,gyroz_peakToPeak,1,0.5875427954124087
Gyroscope,30,gyrox_cvVal,1,0.46891731530160796
Gyroscope,30,gyroy_minVal,1,0.4514779317439914
Gyroscope,30,gyroz_varVal,1,0.44405477686425915
Gyroscope,30,gyroz_psdMean,1,0.43920268166005827
Gyroscope,30,gyroz_minVal,1,0.42019431216047415
Gyroscope,30,gyroy_medianFreq,1,0.41797506155083025
Gyroscope,30,gyroz_domAmp,1,0.40871346710338446
Gyroscope,30,gyrox_harmonicRatio,1,0.38990529957126613
Gyroscope,30,gyroz_cvVal,1,0.3756432700044348
Gyroscope,30,gyroz_medianFreq,1,0.35536574398128007
Gyroscope,30,gyrox_maxVal,1,0.3509577951026864
Gyroscope,30,gyroz_meanVal,1,0.33230877546784227
Gyroscope,30,gyroy_specEntropy,1,0.3116883591957011
Gyroscope,30,gyroz_psdAsymmetry,1,0.3037371893085901
Gyroscope,30,gyroz_sdVal,1,0.29257424279550465
Gyroscope,30,gyroz_rmsVal,1,0.28922271807995037
Gyroscope,30,gyroy_domFreq,1,0.26770971293153745
Gyroscope,30,gyrox_meanVal,1,0.25249732763706567
Gyroscope,30,gyrox_specEntropy,1,0.23785562217842846
Gyroscope,30,gyroz_mavVal,1,0.21117724958067405
Gyroscope,30,gyroy_maxVal,1,0.20952160172150283
Gyroscope,30,gyroy_peakToPeak,1,0.19864909487270213
Gyroscope,30,gyroy_harmonicRatio,1,0.1976051233759946
Gyroscope,30,gyrox_domFreq,1,0.19301198802427008
Gyroscope,30,gyroy_mavVal,1,0.183738595451866
Gyroscope,30,gyroy_cvVal,1,0.17342110612016656
Gyroscope,30,gyroz_domFreq,1,0.1733530721288982
Gyroscope,30,gyroz_meanFreq,1,0.16377990633453293
Gyroscope,40,gyroz_maxVal,1,0.9727717985439744
Gyroscope,40,gyroz_peakToPeak,1,0.5886414625031269
Gyroscope,40,gyroy_medianFreq,1,0.45585210209032806
Gyroscope,40,gyrox_cvVal,1,0.44610943527802777
Gyroscope,40,gyroz_varVal,1,0.44055311826756777
Gyroscope,40,gyroy_minVal,1,0.43648090319564153
Gyroscope,40,gyroz_psdMean,1,0.4358453286244149
Gyroscope,40,gyroz_minVal,1,0.4242811359199499
Gyroscope,40,gyrox_harmonicRatio,1,0.4169084581651994
Gyroscope,40,gyroz_domAmp,1,0.3993332987665794
Gyroscope,40,gyroz_cvVal,1,0.3793456900899983
Gyroscope,40,gyrox_maxVal,1,0.3560177416943737
Gyroscope,40,gyroz_medianFreq,1,0.330133023441837
Gyroscope,40,gyroz_meanVal,1,0.313835827125794
Gyroscope,40,gyroz_sdVal,1,0.28782999128737097
Gyroscope,40,gyroz_rmsVal,1,0.28446788109549015
Gyroscope,40,gyroy_domFreq,1,0.2810692974135524
Gyroscope,40,gyrox_meanVal,1,0.28026316434132803
Gyroscope,40,gyroz_psdAsymmetry,1,0.2788206734236966
Gyroscope,40,gyroy_maxVal,1,0.2599067650023777
Gyroscope,40,gyroy_specEntropy,1,0.2559140775268722
Gyroscope,40,gyroz_mavVal,1,0.2083467830158813
Gyroscope,40,gyroy_meanVal,1,0.19058740975902944
Gyroscope,40,gyrox_mavVal,1,0.18354697206425452
Gyroscope,40,gyrox_specEntropy,1,0.16966770294685682
Gyroscope,40,gyrox_domFreq,1,0.16903770468118054
Gyroscope,40,gyroz_meanFreq,1,0.16900388425717952
Gyroscope,40,gyroy_harmonicRatio,1,0.16456123443606616
Gyroscope,40,gyroy_peakToPeak,1,0.16353844529747472
Gyroscope,40,gyroy_cvVal,1,0.16252932001046375
Gyroscope,40,gyroz_domFreq,1,0.1612594596986778
Gyroscope,40,gyrox_varVal,1,0.1536736522316299
Gyroscope,40,gyrox_psdMean,1,0.1465608514987294
Gyroscope,40,gyroy_rmsVal,1,0.13408073682501534
Gyroscope,40,gyrox_peakToPeak,1,0.13274840664266305
Gyroscope,40,gyroy_mavVal,1,0.12659343254128555
Gyroscope,40,gyroz_specEntropy,1,0.12600362969192855
Gyroscope,40,gyrox_meanFreq,1,0.1225086074899866
Gyroscope,40,gyroz_harmonicRatio,1,0.1218500582545076
Gyroscope,40,gyroy_psdMean,1,0.11159879604760053
Gyroscope,50,gyroz_maxVal,1,0.9711778052512355
Gyroscope,50,gyroz_peakToPeak,1,0.5905603514070005
Gyroscope,50,gyrox_cvVal,1,0.446161764177546
Gyroscope,50,gyroz_varVal,1,0.4441923713424744
Gyroscope,50,gyroz_psdMean,1,0.4394097043392682
Gyroscope,50,gyroy_medianFreq,1,0.4365869107597744
Gyroscope,50,gyroy_minVal,1,0.4345622870358851
Gyroscope,50,gyroz_minVal,1,0.4196927543507318
Gyroscope,50,gyrox_harmonicRatio,1,0.4145249387863026
Gyroscope,50,gyroz_domAmp,1,0.3973840080445923
Gyroscope,50,gyroz_cvVal,1,0.38193992599124993
Gyroscope,50,gyrox_maxVal,1,0.338232723573433
Gyroscope,50,gyroz_medianFreq,1,0.33455631858612916
Gyroscope,50,gyroz_meanVal,1,0.31574884073913895
Gyroscope,50,gyroz_sdVal,1,0.2882304502483551
Gyroscope,50,gyroz_psdAsymmetry,1,0.2874568821162484
Gyroscope,50,gyroz_rmsVal,1,0.2849065521063429
Gyroscope,50,gyroy_domFreq,1,0.28449425368991293
Gyroscope,50,gyrox_meanVal,1,0.2834373254847544
Gyroscope,50,gyroy_maxVal,1,0.2720553435299075
Gyroscope,50,gyroy_specEntropy,1,0.23687764257431998
Gyroscope,50,gyroz_mavVal,1,0.21142208793349745
Gyroscope,50,gyroy_meanVal,1,0.1903821631537406
Gyroscope,50,gyrox_mavVal,1,0.17771177730691542
Gyroscope,50,gyroy_harmonicRatio,1,0.1734871317477599
Gyroscope,50,gyrox_specEntropy,1,0.1712464078082653
Gyroscope,50,gyroz_meanFreq,1,0.16975576306589701
Gyroscope,50,gyrox_domFreq,1,0.16931478859381807
Gyroscope,50,gyrox_varVal,1,0.1633384260549781
Gyroscope,50,gyroy_cvVal,1,0.16271036523269725
Gyroscope,50,gyroz_domFreq,1,0.15800319529060938
Gyroscope,50,gyrox_psdMean,1,0.15674659136627714
Gyroscope,50,gyroy_peakToPeak,1,0.15621126694314783
Gyroscope,50,gyrox_meanFreq,1,0.146531691479356
Gyroscope,50,gyrox_peakToPeak,1,0.13941497763956687
Gyroscope,50,gyroz_specEntropy,1,0.12433736069111191
Gyroscope,50,gyroz_harmonicRatio,1,0.12365992152177596
Gyroscope,50,gyroy_rmsVal,1,0.11679827369597769
Gyroscope,50,gyroy_mavVal,1,0.10739702511188091
Gyroscope,50,gyroy_sdVal,1,0.10088415709157288
Gyroscope,50,gyroy_psdMean,1,0.09795124370174729
Gyroscope,50,gyrox_medianFreq,1,0.07762387816076498
Gyroscope,50,gyroy_varVal,1,0.07184071157806658
Gyroscope,50,gyroy_meanFreq,1,0.07154592138337669
Gyroscope,50,gyroy_domAmp,1,0.06768182559838319
Gyroscope,50,gyrox_psdAsymmetry,1,0.06411286639160733
Gyroscope,50,gyroy_psdAsymmetry,1,0.06133907507264882
Gyroscope,50,gyrox_rmsVal,1,0.05790672370533608
Gyroscope,50,gyrox_minVal,1,0.05373558956527034
Gyroscope,50,gyrox_sdVal,1,0.04973206387936894
Gyroscope,51,gyroz_maxVal,1,0.9710330688704144
Gyroscope,51,gyroz_peakToPeak,1,0.5909340709699867
Gyroscope,51,gyrox_cvVal,1,0.4460824112103172
Gyroscope,51,gyroz_varVal,1,0.44395359738910023
Gyroscope,51,gyroz_psdMean,1,0.43924999276088067
Gyroscope,51,gyroy_medianFreq,1,0.4366978686391967
Gyroscope,51,gyroy_minVal,1,0.43554683780948045
Gyroscope,51,gyroz_minVal,1,0.4191818516044026
Gyroscope,51,gyrox_harmonicRatio,1,0.4163846665526449
Gyroscope,51,gyroz_domAmp,1,0.39502336748176514
Gyroscope,51,gyroz_cvVal,1,0.3808397317980348
Gyroscope,51,gyrox_maxVal,1,0.3379573423520585
Gyroscope,51,gyroz_medianFreq,1,0.33645211387893675
Gyroscope,51,gyroz_meanVal,1,0.31605123290440035
Gyroscope,51,gyroz_sdVal,1,0.28825147175096033
Gyroscope,51,gyroz_psdAsymmetry,1,0.28783017321028864
Gyroscope,51,gyroz_rmsVal,1,0.2849427968098858
Gyroscope,51,gyroy_domFreq,1,0.28490535426679386
Gyroscope,51,gyrox_meanVal,1,0.2808455395620464
Gyroscope,51,gyroy_maxVal,1,0.2727077623241064
Gyroscope,51,gyroy_specEntropy,1,0.23641740195382235
Gyroscope,51,gyroz_mavVal,1,0.21141173339986774
Gyroscope,51,gyroy_meanVal,1,0.18955356079398059
Gyroscope,51,gyrox_mavVal,1,0.17632259285040516
Gyroscope,51,gyroy_harmonicRatio,1,0.17516038917578933
Gyroscope,51,gyroz_meanFreq,1,0.16952465235195366
Gyroscope,51,gyrox_domFreq,1,0.169013850181298
Gyroscope,51,gyrox_specEntropy,1,0.16503079029891823
Gyroscope,51,gyroy_cvVal,1,0.1621590430135371
Gyroscope,51,gyroz_domFreq,1,0.15787584889218684
Gyroscope,51,gyrox_varVal,1,0.15785219162487565
Gyroscope,51,gyroy_peakToPeak,1,0.15654725930833208
Gyroscope,51,gyrox_psdMean,1,0.15584353025906164
Gyroscope,51,gyrox_meanFreq,1,0.14740054857175766
Gyroscope,51,gyrox_peakToPeak,1,0.13975893405584783
Gyroscope,51,gyroz_harmonicRatio,1,0.12494950545965566
Gyroscope,51,gyroz_specEntropy,1,0.12409401259931979
Gyroscope,51,gyroy_rmsVal,1,0.11679371217422148
Gyroscope,51,gyroy_mavVal,1,0.10743906323267734
Gyroscope,51,gyroy_sdVal,1,0.1008301105880526
Gyroscope,51,gyroy_psdMean,1,0.09760290157352185
Gyroscope,51,gyrox_medianFreq,1,0.07548388351742973
Gyroscope,51,gyroy_varVal,1,0.07171653554654274
Gyroscope,51,gyroy_meanFreq,1,0.07113467862092604
Gyroscope,51,gyroy_domAmp,1,0.06690241495915546
Gyroscope,51,gyrox_psdAsymmetry,1,0.0639063583870493
Gyroscope,51,gyroy_psdAsymmetry,1,0.06157714852143079
Gyroscope,51,gyrox_rmsVal,1,0.05843206901290687
Gyroscope,51,gyrox_minVal,1,0.05415608511365603
Gyroscope,51,gyrox_sdVal,1,0.051937066699412004
Gyroscope,51,gyrox_domAmp,1,0.04862299774363518
Gyroscope + Accelerometer,5,gyroz_maxVal,1,1.1928999441581718
Gyroscope + Accelerometer,5,gyroz_varVal,1,0.7730138168020719
Gyroscope + Accelerometer,5,gyroz_psdMean,1,0.7692215265192339
Gyroscope + Accelerometer,5,gyroz_cvVal,1,0.6901868167363138
Gyroscope + Accelerometer,5,gyroz_domAmp,1,0.6719434171867201
Gyroscope + Accelerometer,10,gyroz_maxVal,1,1.018432822054742
Gyroscope + Accelerometer,10,gyroz_peakToPeak,1,0.7278084141191684
Gyroscope + Accelerometer,10,gyroz_cvVal,1,0.6235374195363977
Gyroscope + Accelerometer,10,gyrox_specEntropy,1,0.5901668257156117
Gyroscope + Accelerometer,10,gyroz_varVal,1,0.5763144015112004
Gyroscope + Accelerometer,10,gyroz_psdMean,1,0.570259895848372
Gyroscope + Accelerometer,10,gyroz_domAmp,1,0.5272561965859089
Gyroscope + Accelerometer,10,gyroy_minVal,1,0.5205088129765882
Gyroscope + Accelerometer,10,accy_harmonicRatio,1,0.5065564745429466
Gyroscope + Accelerometer,10,gyrox_cvVal,1,0.4891121891312605
Gyroscope + Accelerometer,15,gyroz_maxVal,1,0.8682701609749789
Gyroscope + Accelerometer,15,gyroz_peakToPeak,1,0.6104747130234776
Gyroscope + Accelerometer,15,accz_meanVal,1,0.5527876904906951
Gyroscope + Accelerometer,15,gyroz_domAmp,1,0.5498422701494231
Gyroscope + Accelerometer,15,gyrox_cvVal,1,0.5373520607488506
Gyroscope + Accelerometer,15,gyrox_specEntropy,1,0.5315477282087814
Gyroscope + Accelerometer,15,accy_harmonicRatio,1,0.5230302139608841
Gyroscope + Accelerometer,15,gyroz_varVal,1,0.49660466497744626
Gyroscope + Accelerometer,15,gyroz_cvVal,1,0.49168528428668473
Gyroscope + Accelerometer,15,gyroz_psdMean,1,0.48608328511820664
Gyroscope + Accelerometer,15,accz_rmsVal,1,0.46969329625411893
Gyroscope + Accelerometer,15,gyroy_minVal,1,0.43799592984459207
Gyroscope + Accelerometer,15,gyroz_meanFreq,1,0.3866166684666215
Gyroscope + Accelerometer,15,gyroz_minVal,1,0.38622658688513023
Gyroscope + Accelerometer,15,accx_minVal,1,0.35869223467001526
Gyroscope + Accelerometer,20,gyroz_maxVal,1,0.8199479390603325
Gyroscope + Accelerometer,20,gyrox_specEntropy,1,0.6153877799864073
Gyroscope + Accelerometer,20,gyroz_peakToPeak,1,0.5903390577523117
Gyroscope + Accelerometer,20,gyroz_domAmp,1,0.5661128133473087
Gyroscope + Accelerometer,20,gyroz_varVal,1,0.5533885230782184
Gyroscope + Accelerometer,20,gyroz_psdMean,1,0.545207957063884
Gyroscope + Accelerometer,20,gyrox_cvVal,1,0.544957261655897
Gyroscope + Accelerometer,20,accy_harmonicRatio,1,0.5098309855955002
Gyroscope + Accelerometer,20,accz_meanVal,1,0.4912493945264069
Gyroscope + Accelerometer,20,gyroy_minVal,1,0.47118269231710985
Gyroscope + Accelerometer,20,accz_rmsVal,1,0.46301973157649173
Gyroscope + Accelerometer,20,gyroz_cvVal,1,0.42283751277166903
Gyroscope + Accelerometer,20,gyroz_minVal,1,0.4220881736735486
Gyroscope + Accelerometer,20,accx_specEntropy,1,0.4215275965816147
Gyroscope + Accelerometer,20,accx_minVal,1,0.3799710913382057
Gyroscope + Accelerometer,20,gyroz_meanFreq,1,0.33838594557705176
Gyroscope + Accelerometer,20,gyroy_medianFreq,1,0.3140543484136568
Gyroscope + Accelerometer,20,accy_domFreq,1,0.29166340694801135
Gyroscope + Accelerometer,20,gyroz_medianFreq,1,0.2742023561352877
Gyroscope + Accelerometer,20,accy_rmsVal,1,0.2713875524524707
Gyroscope + Accelerometer,30,gyroz_maxVal,1,0.8505597107742989
Gyroscope + Accelerometer,30,gyroz_peakToPeak,1,0.5594512661462959
Gyroscope + Accelerometer,30,gyrox_cvVal,1,0.534962582235415
Gyroscope + Accelerometer,30,accz_meanVal,1,0.531515943243758
Gyroscope + Accelerometer,30,accx_minVal,1,0.48943086810582054
Gyroscope + Accelerometer,30,gyroz_varVal,1,0.4752331192828547
Gyroscope + Accelerometer,30,gyroz_psdMean,1,0.47046719277651466
Gyroscope + Accelerometer,30,gyroz_domAmp,1,0.45077585935757764
Gyroscope + Accelerometer,30,accx_specEntropy,1,0.4436882922524655
Gyroscope + Accelerometer,30,gyroz_cvVal,1,0.4310730972519947
Gyroscope + Accelerometer,30,gyroy_minVal,1,0.4079061907192835
Gyroscope + Accelerometer,30,accy_harmonicRatio,1,0.40473818827082914
Gyroscope + Accelerometer,30,gyroz_minVal,1,0.38479458843247727
Gyroscope + Accelerometer,30,gyroy_medianFreq,1,0.37029627491037553
Gyroscope + Accelerometer,30,accz_rmsVal,1,0.3349044037718638
Gyroscope + Accelerometer,30,gyroz_medianFreq,1,0.3214789050780706
Gyroscope + Accelerometer,30,gyrox_specEntropy,1,0.29630955678003285
Gyroscope + Accelerometer,30,gyroz_specEntropy,1,0.2947257450310666
Gyroscope + Accelerometer,30,accy_domFreq,1,0.2935840333692543
Gyroscope + Accelerometer,30,gyrox_mavVal,1,0.2929730277137174
Gyroscope + Accelerometer,30,accx_harmonicRatio,1,0.29227824577406475
Gyroscope + Accelerometer,30,accy_maxVal,1,0.2907114089108294
Gyroscope + Accelerometer,30,gyrox_domFreq,1,0.2890434558154756
Gyroscope + Accelerometer,30,gyroz_meanVal,1,0.27522664945098957
Gyroscope + Accelerometer,30,gyroz_domFreq,1,0.258714396573445
Gyroscope + Accelerometer,30,accy_rmsVal,1,0.2566985339596108
Gyroscope + Accelerometer,30,gyroz_sdVal,1,0.24367405673416165
Gyroscope + Accelerometer,30,gyroz_rmsVal,1,0.24153374249195714
Gyroscope + Accelerometer,30,gyroz_meanFreq,1,0.2332515205716745
Gyroscope + Accelerometer,30,accy_meanVal,1,0.22746469603966446
Gyroscope + Accelerometer,40,gyroz_maxVal,1,0.760917631098017
Gyroscope + Accelerometer,40,gyrox_cvVal,1,0.5583520209425125
Gyroscope + Accelerometer,40,gyroy_minVal,1,0.5387843333745508
Gyroscope + Accelerometer,40,gyroz_peakToPeak,1,0.5067024921668438
Gyroscope + Accelerometer,40,accx_minVal,1,0.47446458764789146
Gyroscope + Accelerometer,40,gyroz_cvVal,1,0.4739260029715249
Gyroscope + Accelerometer,40,accz_meanVal,1,0.46324415223662063
Gyroscope + Accelerometer,40,gyroz_varVal,1,0.4325170383856287
Gyroscope + Accelerometer,40,gyroz_psdMean,1,0.4263785346901335
Gyroscope + Accelerometer,40,gyroz_domAmp,1,0.41773922716772355
Gyroscope + Accelerometer,40,gyroy_medianFreq,1,0.3940511862855384
Gyroscope + Accelerometer,40,accx_specEntropy,1,0.3762957661370853
Gyroscope + Accelerometer,40,accy_harmonicRatio,1,0.3722429215333434
Gyroscope + Accelerometer,40,gyroz_minVal,1,0.33463031783752123
Gyroscope + Accelerometer,40,gyroy_meanVal,1,0.3034820154156248
Gyroscope + Accelerometer,40,accy_domFreq,1,0.2981550989712795
Gyroscope + Accelerometer,40,gyroz_psdAsymmetry,1,0.2921848353633764
Gyroscope + Accelerometer,40,gyroz_specEntropy,1,0.29153543507421825
Gyroscope + Accelerometer,40,gyrox_mavVal,1,0.2894561965285834
Gyroscope + Accelerometer,40,gyroz_medianFreq,1,0.2876644947443412
Gyroscope + Accelerometer,40,gyrox_meanVal,1,0.2850328321683459
Gyroscope + Accelerometer,40,gyroz_domFreq,1,0.282828565311849
Gyroscope + Accelerometer,40,accx_peakToPeak,1,0.2826421292480137
Gyroscope + Accelerometer,40,accz_minVal,1,0.2818242660606883
Gyroscope + Accelerometer,40,accy_maxVal,1,0.275688636861438
Gyroscope + Accelerometer,40,accx_harmonicRatio,1,0.2724351890023411
Gyroscope + Accelerometer,40,gyroy_maxVal,1,0.2693034203208448
Gyroscope + Accelerometer,40,accz_rmsVal,1,0.26558639575638693
Gyroscope + Accelerometer,40,gyrox_specEntropy,1,0.2559661392093841
Gyroscope + Accelerometer,40,gyroz_mavVal,1,0.25122365817006725
Gyroscope + Accelerometer,40,gyrox_domFreq,1,0.24817592786456136
Gyroscope + Accelerometer,40,accy_rmsVal,1,0.23684204774971473
Gyroscope + Accelerometer,40,accz_maxVal,1,0.2331295252839115
Gyroscope + Accelerometer,40,gyroz_sdVal,1,0.2310974636007793
Gyroscope + Accelerometer,40,gyroz_rmsVal,1,0.22908227870687792
Gyroscope + Accelerometer,40,accy_meanVal,1,0.22355153027633037
Gyroscope + Accelerometer,40,gyrox_maxVal,1,0.2176550051846091
Gyroscope + Accelerometer,40,gyroz_meanVal,1,0.2127599909171053
Gyroscope + Accelerometer,40,accz_domFreq,1,0.19099095397622967
Gyroscope + Accelerometer,40,gyroz_meanFreq,1,0.18449932016180895
Gyroscope + Accelerometer,50,gyroz_maxVal,1,0.735528108684394
Gyroscope + Accelerometer,50,gyrox_cvVal,1,0.552944278824974
Gyroscope + Accelerometer,50,accx_minVal,1,0.4975313834713247
Gyroscope + Accelerometer,50,gyroz_peakToPeak,1,0.4972616486511745
Gyroscope + Accelerometer,50,accz_meanVal,1,0.48396496918116094
Gyroscope + Accelerometer,50,gyroz_cvVal,1,0.42810903257714167
Gyroscope + Accelerometer,50,gyroy_minVal,1,0.41202529100618596
Gyroscope + Accelerometer,50,gyroz_varVal,1,0.4072831003872753
Gyroscope + Accelerometer,50,gyroz_psdMean,1,0.4034119515538908
Gyroscope + Accelerometer,50,gyroy_medianFreq,1,0.3874544853079053
Gyroscope + Accelerometer,50,gyroz_domAmp,1,0.37816252788359156
Gyroscope + Accelerometer,50,gyroz_minVal,1,0.35251887425331496
Gyroscope + Accelerometer,50,accy_harmonicRatio,1,0.34581833088982733
Gyroscope + Accelerometer,50,accy_domFreq,1,0.32800284799173135
Gyroscope + Accelerometer,50,gyroz_medianFreq,1,0.3167460634083646
Gyroscope + Accelerometer,50,accx_peakToPeak,1,0.30767582468717247
Gyroscope + Accelerometer,50,accx_specEntropy,1,0.307174375077038
Gyroscope + Accelerometer,50,gyroy_meanVal,1,0.2897469896156834
Gyroscope + Accelerometer,50,accy_maxVal,1,0.2883962520090448
Gyroscope + Accelerometer,50,gyroz_psdAsymmetry,1,0.28350035697053555
Gyroscope + Accelerometer,50,gyroz_domFreq,1,0.2827204180505228
Gyroscope + Accelerometer,50,accz_maxVal,1,0.27810108879742174
Gyroscope + Accelerometer,50,gyroy_maxVal,1,0.2767897924914247
Gyroscope + Accelerometer,50,gyrox_meanVal,1,0.2725680336903559
Gyroscope + Accelerometer,50,accz_harmonicRatio,1,0.2658075844524534
Gyroscope + Accelerometer,50,accy_rmsVal,1,0.2589731542243812
Gyroscope + Accelerometer,50,gyroz_specEntropy,1,0.25592997362474534
Gyroscope + Accelerometer,50,accz_minVal,1,0.24501876266970601
Gyroscope + Accelerometer,50,gyroz_mavVal,1,0.23925015080449727
Gyroscope + Accelerometer,50,gyrox_domFreq,1,0.23739375687638462
Gyroscope + Accelerometer,50,accz_rmsVal,1,0.23610605215984037
Gyroscope + Accelerometer,50,gyrox_maxVal,1,0.2321582461431653
Gyroscope + Accelerometer,50,gyroz_sdVal,1,0.2281659241447154
Gyroscope + Accelerometer,50,gyrox_mavVal,1,0.2274392841977292
Gyroscope + Accelerometer,50,gyroz_rmsVal,1,0.22633150094750398
Gyroscope + Accelerometer,50,gyrox_specEntropy,1,0.22182927742477476
Gyroscope + Accelerometer,50,gyroz_meanVal,1,0.21192374145573045
Gyroscope + Accelerometer,50,gyrox_harmonicRatio,1,0.21026280367128006
Gyroscope + Accelerometer,50,accx_harmonicRatio,1,0.2098539446833109
Gyroscope + Accelerometer,50,gyroy_cvVal,1,0.2084203245957453
Gyroscope + Accelerometer,50,gyroy_specEntropy,1,0.20186613830434805
Gyroscope + Accelerometer,50,gyroy_domFreq,1,0.1991702892593099
Gyroscope + Accelerometer,50,gyrox_rmsVal,1,0.19578263014414019
Gyroscope + Accelerometer,50,accz_domFreq,1,0.19268754822309941
Gyroscope + Accelerometer,50,accx_varVal,1,0.190886349814983
Gyroscope + Accelerometer,50,accx_meanFreq,1,0.18979573296271549
Gyroscope + Accelerometer,50,accx_psdMean,1,0.18578883727650708
Gyroscope + Accelerometer,50,accy_peakToPeak,1,0.17712879391402417
Gyroscope + Accelerometer,50,accy_meanVal,1,0.17543763376149105
Gyroscope + Accelerometer,50,gyroz_meanFreq,1,0.16226303529308433
Gyroscope + Accelerometer,102,gyroz_maxVal,1,0.6970853442037145
Gyroscope + Accelerometer,102,accz_meanVal,1,0.5553220499109933
Gyroscope + Accelerometer,102,gyrox_cvVal,1,0.5275753326972525
Gyroscope + Accelerometer,102,accx_minVal,1,0.4805438213209534
Gyroscope + Accelerometer,102,gyroz_peakToPeak,1,0.46779955944442014
Gyroscope + Accelerometer,102,gyroz_cvVal,1,0.42358829337743575
Gyroscope + Accelerometer,102,gyroz_varVal,1,0.38732810445007426
Gyroscope + Accelerometer,102,gyroz_psdMean,1,0.385779722249243
Gyroscope + Accelerometer,102,gyroy_medianFreq,1,0.3749482640600403
Gyroscope + Accelerometer,102,gyroz_domAmp,1,0.370922489336497
Gyroscope + Accelerometer,102,gyroy_minVal,1,0.3543427544298307
Gyroscope + Accelerometer,102,gyroz_minVal,1,0.34081332214645865
Gyroscope + Accelerometer,102,gyroz_medianFreq,1,0.3140239618074581
Gyroscope + Accelerometer,102,accy_domFreq,1,0.31044421041230114
Gyroscope + Accelerometer,102,accz_maxVal,1,0.30845860378579126
Gyroscope + Accelerometer,102,gyroy_meanVal,1,0.30100732055425244
Gyroscope + Accelerometer,102,accy_harmonicRatio,1,0.287900781059921
Gyroscope + Accelerometer,102,gyroz_domFreq,1,0.28580445590279774
Gyroscope + Accelerometer,102,gyroz_psdAsymmetry,1,0.2849735193998622
Gyroscope + Accelerometer,102,accx_peakToPeak,1,0.27898681467068603
Gyroscope + Accelerometer,102,accx_specEntropy,1,0.2694091215456108
Gyroscope + Accelerometer,102,accy_maxVal,1,0.23618836965458403
Gyroscope + Accelerometer,102,gyroy_cvVal,1,0.23523721937282296
Gyroscope + Accelerometer,102,gyroy_maxVal,1,0.23327592614022774
Gyroscope + Accelerometer,102,accz_harmonicRatio,1,0.23320490963867616
Gyroscope + Accelerometer,102,accz_minVal,1,0.2326812826244643
Gyroscope + Accelerometer,102,gyroz_specEntropy,1,0.23173777172048218
Gyroscope + Accelerometer,102,gyroz_mavVal,1,0.2233430074950705
Gyroscope + Accelerometer,102,accz_domFreq,1,0.21925001175709602
Gyroscope + Accelerometer,102,gyroz_sdVal,1,0.21449071331558525
Gyroscope + Accelerometer,102,gyroz_rmsVal,1,0.21267413382115663
Gyroscope + Accelerometer,102,gyrox_specEntropy,1,0.21186551331648648
Gyroscope + Accelerometer,102,gyrox_meanVal,1,0.20582209515327743
Gyroscope + Accelerometer,102,gyrox_domFreq,1,0.20495669448773154
Gyroscope + Accelerometer,102,gyrox_harmonicRatio,1,0.20355749164374837
Gyroscope + Accelerometer,102,accx_harmonicRatio,1,0.1973727319170826
Gyroscope + Accelerometer,102,gyroz_meanFreq,1,0.18248314669287294
Gyroscope + Accelerometer,102,gyrox_maxVal,1,0.18236283412047682
Gyroscope + Accelerometer,102,gyroy_domFreq,1,0.18003360711836713
Gyroscope + Accelerometer,102,accy_meanVal,1,0.17797387024367883
Gyroscope + Accelerometer,102,accx_maxVal,1,0.1772460574570147
Gyroscope + Accelerometer,102,gyroy_specEntropy,1,0.1743092071343725
Gyroscope + Accelerometer,102,accx_varVal,1,0.17395907905310437
Gyroscope + Accelerometer,102,accx_meanFreq,1,0.17171186177955958
Gyroscope + Accelerometer,102,accy_rmsVal,1,0.17051676999726287
Gyroscope + Accelerometer,102,gyroz_meanVal,1,0.16595721454743892
Gyroscope + Accelerometer,102,accy_domAmp,1,0.160430551785939
Gyroscope + Accelerometer,102,accy_peakToPeak,1,0.15601980084913655
Gyroscope + Accelerometer,102,accx_psdMean,1,0.15350751153958156
Gyroscope + Accelerometer,102,accz_mavVal,1,0.15017985004915596
Gyroscope + Accelerometer,102,gyrox_mavVal,1,0.1434786587426243
Gyroscope + Accelerometer,102,accz_rmsVal,1,0.1385416628476784
Gyroscope + Accelerometer,102,accy_cvVal,1,0.137257597788198
Gyroscope + Accelerometer,102,accy_medianFreq,1,0.13633397133640926
Gyroscope + Accelerometer,102,accx_meanVal,1,0.13296293017967345
Gyroscope + Accelerometer,102,accx_mavVal,1,0.13292449751802402
Gyroscope + Accelerometer,102,gyrox_rmsVal,1,0.13024381804601098
Gyroscope + Accelerometer,102,accy_mavVal,1,0.1298662434989797
Gyroscope + Accelerometer,102,accx_rmsVal,1,0.12826238316661645
Gyroscope + Accelerometer,102,accz_cvVal,1,0.12741681216903758
Gyroscope + Accelerometer,102,gyrox_domAmp,1,0.12708732709613113
Gyroscope + Accelerometer,102,gyrox_meanFreq,1,0.12253671795445979
Gyroscope + Accelerometer,102,gyroy_peakToPeak,1,0.12168613663697818
Gyroscope + Accelerometer,102,accx_medianFreq,1,0.12015650471707955
Gyroscope + Accelerometer,102,accz_specEntropy,1,0.11921350899758627
Gyroscope + Accelerometer,102,accz_sdVal,1,0.11839745015930321
Gyroscope + Accelerometer,102,accz_peakToPeak,1,0.11755266929688181
Gyroscope + Accelerometer,102,accx_domFreq,1,0.1142237543069331
Gyroscope + Accelerometer,102,gyrox_peakToPeak,1,0.10950505110103535
Gyroscope + Accelerometer,102,accy_specEntropy,1,0.10407132847727806
Gyroscope + Accelerometer,102,accy_sdVal,1,0.10359587944423258
Gyroscope + Accelerometer,102,gyroy_psdMean,1,0.10190105189175493
Gyroscope + Accelerometer,102,gyroy_mavVal,1,0.1007034862239186
Gyroscope + Accelerometer,102,gyroy_harmonicRatio,1,0.09681560609483399
Gyroscope + Accelerometer,102,gyrox_sdVal,1,0.09592810231578956
Gyroscope + Accelerometer,102,gyroy_meanFreq,1,0.09193197565663362
Gyroscope + Accelerometer,102,gyroy_varVal,1,0.08802577951089523
Gyroscope + Accelerometer,102,gyrox_medianFreq,1,0.08724663257226846
Gyroscope + Accelerometer,102,accy_minVal,1,0.08465454347118621
Gyroscope + Accelerometer,102,gyrox_minVal,1,0.08312210690976936
Gyroscope + Accelerometer,102,accz_varVal,1,0.08286494503766566
Gyroscope + Accelerometer,102,accy_psdMean,1,0.07729509331014213
Gyroscope + Accelerometer,102,accz_medianFreq,1,0.07674357440931724
Gyroscope + Accelerometer,102,gyroy_rmsVal,1,0.0704850779864234
Gyroscope + Accelerometer,102,gyrox_psdAsymmetry,1,0.06996296890476485
Gyroscope + Accelerometer,102,accz_psdMean,1,0.060978079549054966
Gyroscope + Accelerometer,102,accz_domAmp,1,0.059652535634500216
Gyroscope + Accelerometer,102,gyroy_sdVal,1,0.054570314496129646
Gyroscope + Accelerometer,102,accx_domAmp,1,0.04920035092272313
Gyroscope + Accelerometer,102,gyroy_domAmp,1,0.046723248439370944
Gyroscope + Accelerometer,102,accx_sdVal,1,0.04444455729316459
Gyroscope + Accelerometer,102,accx_cvVal,1,0.04357357726554204
Gyroscope + Accelerometer,102,gyroy_psdAsymmetry,1,0.039800057128547714
Gyroscope + Accelerometer,102,gyrox_varVal,1,0.036738651141432266
Gyroscope + Accelerometer,102,accy_meanFreq,1,0.03528236633031757
Gyroscope + Accelerometer,102,accy_varVal,1,0.03460180120696655
Gyroscope + Accelerometer,102,gyroz_harmonicRatio,1,0.03401553083498914
Gyroscope + Accelerometer,102,accz_meanFreq,1,0.0323144745431758
Gyroscope + Accelerometer,102,accz_psdAsymmetry,1,0.02975812425256319
Gyroscope + Accelerometer,102,accx_psdAsymmetry,1,0.023531665029688575
Gyroscope + Accelerometer,102,accy_psdAsymmetry,1,0.02197563626434038
Gyroscope + Accelerometer,102,gyrox_psdMean,1,0.015441477790773006
Gyroscope + EMG,5,gyroz_maxVal,1,1.146403415589656
Gyroscope + EMG,5,gyroz_varVal,1,0.9294795731196901
Gyroscope + EMG,5,BFinter_cvVal,1,0.8628263415871903
Gyroscope + EMG,5,gyroz_domAmp,1,0.8565493253845746
Gyroscope + EMG,5,MGinter_cvVal,1,0.5056230438195782
Gyroscope + EMG,10,MGinter_cvVal,1,0.921279457965921
Gyroscope + EMG,10,gyroz_maxVal,1,0.8910684815403002
Gyroscope + EMG,10,BFinter_cvVal,1,0.8240237563572013
Gyroscope + EMG,10,GMinter_psdAsymmetry,1,0.6929694323381955
Gyroscope + EMG,10,gyroz_domAmp,1,0.6859939031624416
Gyroscope + EMG,10,gyroz_varVal,1,0.6493263952355272
Gyroscope + EMG,10,gyroy_minVal,1,0.5455257839458838
Gyroscope + EMG,10,gyrox_cvVal,1,0.5295886522709702
Gyroscope + EMG,10,MGinter_psdAsymmetry,1,0.5119096195620733
Gyroscope + EMG,10,gyrox_domFreq,1,0.4994151807649576
Gyroscope + EMG,15,MGinter_cvVal,1,0.76602369140737
Gyroscope + EMG,15,gyroz_maxVal,1,0.720296078267113
Gyroscope + EMG,15,GMinter_psdAsymmetry,1,0.6769727400237949
Gyroscope + EMG,15,BFinter_logDetector,1,0.6475984455695101
Gyroscope + EMG,15,gyroz_domAmp,1,0.5648740772020191
Gyroscope + EMG,15,gyroy_minVal,1,0.5543539318845379
Gyroscope + EMG,15,MGinter_psdAsymmetry,1,0.548910842822058
Gyroscope + EMG,15,gyroz_cvVal,1,0.5467389555596323
Gyroscope + EMG,15,gyrox_domFreq,1,0.5436955447720108
Gyroscope + EMG,15,gyrox_cvVal,1,0.510047396719631
Gyroscope + EMG,15,BFinter_cvVal,1,0.5099905276425799
Gyroscope + EMG,15,TAinter_harmonicRatio,1,0.4881745482771378
Gyroscope + EMG,15,gyroz_varVal,1,0.48059856311279847
Gyroscope + EMG,15,gyroz_psdMean,1,0.473004466084945
Gyroscope + EMG,15,PLinter_cvVal,1,0.3697584847482032
Gyroscope + EMG,20,GMinter_psdAsymmetry,1,0.7344669108365803
Gyroscope + EMG,20,MGinter_cvVal,1,0.7171321625434738
Gyroscope + EMG,20,BFinter_logDetector,1,0.5793208556117412
Gyroscope + EMG,20,gyroz_maxVal,1,0.5780217761529497
Gyroscope + EMG,20,gyroy_minVal,1,0.569724546043957
Gyroscope + EMG,20,gyrox_cvVal,1,0.4964578003898064
Gyroscope + EMG,20,BFinter_cvVal,1,0.4616989068300496
Gyroscope + EMG,20,gyrox_domFreq,1,0.4615640076373899
Gyroscope + EMG,20,MGinter_psdAsymmetry,1,0.4576356726120007
Gyroscope + EMG,20,TAinter_harmonicRatio,1,0.45132331817564647
Gyroscope + EMG,20,gyroz_domAmp,1,0.4512929686317169
Gyroscope + EMG,20,gyroz_varVal,1,0.42912253571745884
Gyroscope + EMG,20,gyroz_cvVal,1,0.4262693879532306
Gyroscope + EMG,20,gyroz_psdMean,1,0.4253558269370479
Gyroscope + EMG,20,gyroz_meanFreq,1,0.42109414818668295
Gyroscope + EMG,20,gyrox_harmonicRatio,1,0.4010596993409809
Gyroscope + EMG,20,gyroz_peakToPeak,1,0.390280495260595
Gyroscope + EMG,20,PLinter_cvVal,1,0.3774862577108111
Gyroscope + EMG,20,RFinter_meanFreq,1,0.37633520956294664
Gyroscope + EMG,20,gyroz_meanVal,1,0.2993415493286955
Gyroscope + EMG,30,MGinter_cvVal,1,0.740186867856452
Gyroscope + EMG,30,GMinter_psdAsymmetry,1,0.5799718672470872
Gyroscope + EMG,30,gyroz_maxVal,1,0.525114489104784
Gyroscope + EMG,30,BFinter_logDetector,1,0.46287329935864596
Gyroscope + EMG,30,TAinter_harmonicRatio,1,0.45630881837742
Gyroscope + EMG,30,gyrox_domFreq,1,0.45499799651807
Gyroscope + EMG,30,BFinter_cvVal,1,0.4139274267122472
Gyroscope + EMG,30,gyroz_meanFreq,1,0.4126674524611085
Gyroscope + EMG,30,gyrox_harmonicRatio,1,0.41079845893907346
Gyroscope + EMG,30,PLinter_cvVal,1,0.3975691584143945
Gyroscope + EMG,30,gyroz_peakToPeak,1,0.39097846897912936
Gyroscope + EMG,30,gyrox_cvVal,1,0.38808677670682185
Gyroscope + EMG,30,gyroy_minVal,1,0.35404266468237955
Gyroscope + EMG,30,gyroz_cvVal,1,0.3404581257395714
Gyroscope + EMG,30,MGinter_psdAsymmetry,1,0.3403866368025315
Gyroscope + EMG,30,RFinter_meanFreq,1,0.33172843761703935
Gyroscope + EMG,30,GMinter_meanFreq,1,0.3294379437650003
Gyroscope + EMG,30,BFinter_waveformLength,1,0.3251404855479123
Gyroscope + EMG,30,gyroz_domAmp,1,0.31960913852324785
Gyroscope + EMG,30,gyroz_varVal,1,0.31795168397862905
Gyroscope + EMG,30,gyroz_psdMean,1,0.31478241977436133
Gyroscope + EMG,30,gyroz_meanVal,1,0.30881643287904853
Gyroscope + EMG,30,gyroy_peakToPeak,1,0.2820958925930998
Gyroscope + EMG,30,RFinter_minVal,1,0.2808245073201765
Gyroscope + EMG,30,gyroz_specEntropy,1,0.278537773357964
Gyroscope + EMG,30,gyrox_meanVal,1,0.2714372233988089
Gyroscope + EMG,30,gyroz_sdVal,1,0.269961876067027
Gyroscope + EMG,30,gyrox_maxVal,1,0.2603471183986997
Gyroscope + EMG,30,GMinter_domFreq,1,0.2500240314203969
Gyroscope + EMG,30,MGinter_meanFreq,1,0.23611733731894313
Gyroscope + EMG,40,MGinter_cvVal,1,0.6231477574675414
Gyroscope + EMG,40,GMinter_psdAsymmetry,1,0.5689347728906039
Gyroscope + EMG,40,gyrox_domFreq,1,0.46808681242684935
Gyroscope + EMG,40,TAinter_harmonicRatio,1,0.45626541498429046
Gyroscope + EMG,40,gyroz_maxVal,1,0.4496379414241698
Gyroscope + EMG,40,BFinter_logDetector,1,0.42784742768799494
Gyroscope + EMG,40,PLinter_cvVal,1,0.39955587395760633
Gyroscope + EMG,40,BFinter_cvVal,1,0.37905198884693747
Gyroscope + EMG,40,gyrox_harmonicRatio,1,0.37652500996141586
Gyroscope + EMG,40,GMinter_meanFreq,1,0.37195871519852847
Gyroscope + EMG,40,gyroz_meanFreq,1,0.365206164110615
Gyroscope + EMG,40,gyroz_meanVal,1,0.346907322194308
Gyroscope + EMG,40,MGinter_psdAsymmetry,1,0.34459519912908476
Gyroscope + EMG,40,gyrox_cvVal,1,0.3414884902049476
Gyroscope + EMG,40,gyroz_peakToPeak,1,0.32182310981027684
Gyroscope + EMG,40,gyroz_cvVal,1,0.3162589700554947
Gyroscope + EMG,40,gyroy_minVal,1,0.3020169026772946
Gyroscope + EMG,40,RFinter_minVal,1,0.2875986226412054
Gyroscope + EMG,40,BFinter_waveformLength,1,0.2843477622286214
Gyroscope + EMG,40,gyrox_maxVal,1,0.26157962734350404
Gyroscope + EMG,40,MGinter_minVal,1,0.2532212410940852
Gyroscope + EMG,40,gyroz_varVal,1,0.24856845190584456
Gyroscope + EMG,40,gyroz_psdMean,1,0.24626084467810014
Gyroscope + EMG,40,MGinter_meanFreq,1,0.23840145139539135
Gyroscope + EMG,40,RFinter_psdAsymmetry,1,0.23797042791131265
Gyroscope + EMG,40,BFinter_mavVal,1,0.22824227516703802
Gyroscope + EMG,40,RFinter_meanFreq,1,0.2247146385353301
Gyroscope + EMG,40,gyroz_domAmp,1,0.22368862615497875
Gyroscope + EMG,40,gyroy_peakToPeak,1,0.2178025640762724
Gyroscope + EMG,40,gyrox_meanVal,1,0.21775777499693136
Gyroscope + EMG,40,gyroz_sdVal,1,0.21649594218847149
Gyroscope + EMG,40,gyroz_rmsVal,1,0.2148123201627351
Gyroscope + EMG,40,GMinter_domFreq,1,0.2145696735034481
Gyroscope + EMG,40,gyroz_harmonicRatio,1,0.20896101310641738
Gyroscope + EMG,40,gyroz_mavVal,1,0.20016334798394828
Gyroscope + EMG,40,gyroy_rmsVal,1,0.19844504325918597
Gyroscope + EMG,40,gyroy_cvVal,1,0.19618644711242214
Gyroscope + EMG,40,gyrox_mavVal,1,0.1871597647083425
Gyroscope + EMG,40,gyroy_meanVal,1,0.18499018512387844
Gyroscope + EMG,40,gyroz_specEntropy,1,0.18422920233794082
Gyroscope + EMG,50,MGinter_cvVal,1,0.5959033341836689
Gyroscope + EMG,50,GMinter_psdAsymmetry,1,0.5009442078913534
Gyroscope + EMG,50,gyrox_domFreq,1,0.4609313495800838
Gyroscope + EMG,50,gyroz_maxVal,1,0.43868678235839753
Gyroscope + EMG,50,TAinter_harmonicRatio,1,0.409750456651276
Gyroscope + EMG,50,PLinter_cvVal,1,0.3901272925009544
Gyroscope + EMG,50,gyrox_harmonicRatio,1,0.38523063957741027
Gyroscope + EMG,50,gyroz_meanFreq,1,0.383986643533476
Gyroscope + EMG,50,BFinter_cvVal,1,0.38329457222159125
Gyroscope + EMG,50,gyroz_meanVal,1,0.3453268454393543
Gyroscope + EMG,50,BFinter_logDetector,1,0.3418895690707308
Gyroscope + EMG,50,gyroz_cvVal,1,0.3415924117474886
Gyroscope + EMG,50,MGinter_psdAsymmetry,1,0.3320524878003338
Gyroscope + EMG,50,gyrox_cvVal,1,0.3260179476101376
Gyroscope + EMG,50,gyroy_minVal,1,0.3207199688777456
Gyroscope + EMG,50,gyroz_peakToPeak,1,0.31633327022840807
Gyroscope + EMG,50,GMinter_meanFreq,1,0.2971816766297701
Gyroscope + EMG,50,RFinter_minVal,1,0.29210495669117803
Gyroscope + EMG,50,MGinter_minVal,1,0.26331957121496935
Gyroscope + EMG,50,GMinter_domFreq,1,0.2520795195760939
Gyroscope + EMG,50,RFinter_psdAsymmetry,1,0.24273245085732786
Gyroscope + EMG,50,BFinter_waveformLength,1,0.2340460648634337
Gyroscope + EMG,50,gyroz_varVal,1,0.23264568135730732
Gyroscope + EMG,50,gyroz_psdMean,1,0.23082670056761623
Gyroscope + EMG,50,TAinter_psdAsymmetry,1,0.21854794023167612
Gyroscope + EMG,50,gyroz_sdVal,1,0.21733560512727004
Gyroscope + EMG,50,gyroz_rmsVal,1,0.21551106614108462
Gyroscope + EMG,50,gyroy_peakToPeak,1,0.21447540086699735
Gyroscope + EMG,50,gyroz_domAmp,1,0.21148381308438458
Gyroscope + EMG,50,gyroz_mavVal,1,0.2021506741951897
Gyroscope + EMG,50,gyroz_harmonicRatio,1,0.20072764075380503
Gyroscope + EMG,50,MGinter_meanFreq,1,0.1998366458964269
Gyroscope + EMG,50,RFinter_meanFreq,1,0.1986764145142801
Gyroscope + EMG,50,gyrox_meanVal,1,0.19595923081800234
Gyroscope + EMG,50,GMinter_minVal,1,0.19249666426803436
Gyroscope + EMG,50,gyrox_mavVal,1,0.19155285449692683
Gyroscope + EMG,50,TAinter_minVal,1,0.18779456714946097
Gyroscope + EMG,50,gyrox_maxVal,1,0.1862327245292628
Gyroscope + EMG,50,TAinter_cvVal,1,0.18265151507869182
Gyroscope + EMG,50,gyroy_cvVal,1,0.18124590275371155
Gyroscope + EMG,50,BFinter_mavVal,1,0.1793841904507634
Gyroscope + EMG,50,gyroz_specEntropy,1,0.1781939718013179
Gyroscope + EMG,50,gyroy_meanVal,1,0.17720329172254368
Gyroscope + EMG,50,gyroy_rmsVal,1,0.1762788625264419
Gyroscope + EMG,50,PLinter_psdMean,1,0.17038094920888405
Gyroscope + EMG,50,PLinter_meanPowerFreq,1,0.17038094920888405
Gyroscope + EMG,50,MGinter_harmonicRatio,1,0.16985302070147545
Gyroscope + EMG,50,gyroz_domFreq,1,0.16833846732520455
Gyroscope + EMG,50,BFinter_minVal,1,0.15393668270848096
Gyroscope + EMG,50,MGinter_medianFreq,1,0.15148360443391665
Gyroscope + EMG,189,MGinter_cvVal,1,0.562839448171355
Gyroscope + EMG,189,GMinter_psdAsymmetry,1,0.44694829979856543
Gyroscope + EMG,189,PLinter_cvVal,1,0.41425255056647803
Gyroscope + EMG,189,gyrox_domFreq,1,0.40821659980231645
Gyroscope + EMG,189,TAinter_harmonicRatio,1,0.3871583235867751
Gyroscope + EMG,189,gyroz_maxVal,1,0.38653953088891174
Gyroscope + EMG,189,gyrox_harmonicRatio,1,0.3774724426024318
Gyroscope + EMG,189,MGinter_psdAsymmetry,1,0.34650798640113106
Gyroscope + EMG,189,gyroz_meanVal,1,0.3181002351329347
Gyroscope + EMG,189,gyroz_cvVal,1,0.30344518031346707
Gyroscope + EMG,189,RFinter_minVal,1,0.30179937332924817
Gyroscope + EMG,189,gyroz_meanFreq,1,0.2955026357208885
Gyroscope + EMG,189,gyroy_minVal,1,0.29147662416388975
Gyroscope + EMG,189,BFinter_cvVal,1,0.28620750880825624
Gyroscope + EMG,189,gyroz_peakToPeak,1,0.2813680164858337
Gyroscope + EMG,189,gyrox_cvVal,1,0.2685860674457398
Gyroscope + EMG,189,MGinter_minVal,1,0.2621476405346868
Gyroscope + EMG,189,GMinter_meanFreq,1,0.25389802804329353
Gyroscope + EMG,189,RFinter_psdAsymmetry,1,0.2346975227818091
Gyroscope + EMG,189,gyroz_psdMean,1,0.207360814084924
Gyroscope + EMG,189,gyroz_varVal,1,0.20662136937287814
Gyroscope + EMG,189,GMinter_domFreq,1,0.19980620778718297
Gyroscope + EMG,189,gyroz_domAmp,1,0.1945203269918674
Gyroscope + EMG,189,gyroy_peakToPeak,1,0.19286504811404936
Gyroscope + EMG,189,MGinter_meanFreq,1,0.19156884703832722
Gyroscope + EMG,189,TAinter_minVal,1,0.18926584796460008
Gyroscope + EMG,189,gyroz_sdVal,1,0.18917641019253836
Gyroscope + EMG,189,gyroz_rmsVal,1,0.1873196986432536
Gyroscope + EMG,189,gyroz_mavVal,1,0.18431677660749404
Gyroscope + EMG,189,TAinter_psdAsymmetry,1,0.17521175900623398
Gyroscope + EMG,189,BFinter_logDetector,1,0.17482443069533068
Gyroscope + EMG,189,gyroz_domFreq,1,0.17373203630054926
Gyroscope + EMG,189,gyrox_meanVal,1,0.17312622696970625
Gyroscope + EMG,189,gyroz_harmonicRatio,1,0.16718368145628534
Gyroscope + EMG,189,RFinter_meanFreq,1,0.1668732934400834
Gyroscope + EMG,189,GMinter_minVal,1,0.1629470058158989
Gyroscope + EMG,189,MGinter_harmonicRatio,1,0.1587723193838264
Gyroscope + EMG,189,gyroy_cvVal,1,0.15761020873944018
Gyroscope + EMG,189,gyrox_maxVal,1,0.15308888777295562
Gyroscope + EMG,189,gyroy_meanVal,1,0.1519356484775111
Gyroscope + EMG,189,BFinter_minVal,1,0.14628770163134627
Gyroscope + EMG,189,gyrox_medianFreq,1,0.1422610891721607
Gyroscope + EMG,189,RFinter_domFreq,1,0.13900257048918077
Gyroscope + EMG,189,BFinter_meanFreq,1,0.1386950973375383
Gyroscope + EMG,189,gyroz_minVal,1,0.13781754276340116
Gyroscope + EMG,189,TAinter_cvVal,1,0.1370569890507116
Gyroscope + EMG,189,gyrox_mavVal,1,0.1355929223780227
Gyroscope + EMG,189,gyroz_specEntropy,1,0.13549344393598373
Gyroscope + EMG,189,GMinter_cvVal,1,0.13405316389890654
Gyroscope + EMG,189,BFinter_waveformLength,1,0.12887094368468063
Gyroscope + EMG,189,gyroz_psdAsymmetry,1,0.1278733593494635
Gyroscope + EMG,189,MGinter_medianFreq,1,0.1271935410514346
Gyroscope + EMG,189,RFinter_cvVal,1,0.12443118847483899
Gyroscope + EMG,189,BFinter_specEntropy,1,0.12217333303279458
Gyroscope + EMG,189,PLinter_domFreq,1,0.11910143000863437
Gyroscope + EMG,189,gyroy_domFreq,1,0.11714494172999997
Gyroscope + EMG,189,BFinter_psdAsymmetry,1,0.11635530784051744
Gyroscope + EMG,189,GMinter_harmonicRatio,1,0.11628804115793907
Gyroscope + EMG,189,gyroy_harmonicRatio,1,0.11618744010406701
Gyroscope + EMG,189,gyroy_medianFreq,1,0.11546914459507558
Gyroscope + EMG,189,gyrox_specEntropy,1,0.11514135838562557
Gyroscope + EMG,189,gyrox_peakToPeak,1,0.1144621277543223
Gyroscope + EMG,189,PLinter_harmonicRatio,1,0.11237450244398244
Gyroscope + EMG,189,gyroz_medianFreq,1,0.11194650232477928
Gyroscope + EMG,189,MGinter_domFreq,1,0.10929532148507505
Gyroscope + EMG,189,GMinter_medianFreq,1,0.10571856375347884
Gyroscope + EMG,189,RFinter_medianFreq,1,0.10012620761443584
Gyroscope + EMG,189,gyroy_domAmp,1,0.09822119106633621
Gyroscope + EMG,189,gyrox_rmsVal,1,0.09797297452856436
Gyroscope + EMG,189,gyroy_psdMean,1,0.09654088517254693
Gyroscope + EMG,189,PLinter_minVal,1,0.09473032800084942
Gyroscope + EMG,189,gyroy_specEntropy,1,0.09272992657214742
Gyroscope + EMG,189,gyroy_sdVal,1,0.0911080954255802
Gyroscope + EMG,189,PLinter_maxVal,1,0.0905564720840517
Gyroscope + EMG,189,gyroy_rmsVal,1,0.08946641684266948
Gyroscope + EMG,189,gyrox_sdVal,1,0.0889995473118421
Gyroscope + EMG,189,PLinter_peakToPeak,1,0.08764335465285762
Gyroscope + EMG,189,gyroy_varVal,1,0.08699446147688907
Gyroscope + EMG,189,BFinter_harmonicRatio,1,0.08526329869046119
Gyroscope + EMG,189,TAinter_domAmp,1,0.0813663098377168
Gyroscope + EMG,189,gyrox_minVal,1,0.07889651212648797
Gyroscope + EMG,189,PLinter_varVal,1,0.07845257353333503
Gyroscope + EMG,189,PLinter_psdAsymmetry,1,0.07739197149870918
Gyroscope + EMG,189,gyrox_psdAsymmetry,1,0.07651835439990654
Gyroscope + EMG,189,TAinter_waveformLength,1,0.07615955455685859
Gyroscope + EMG,189,gyrox_domAmp,1,0.07607687710292181
Gyroscope + EMG,189,gyroy_meanFreq,1,0.07434556937494063
Gyroscope + EMG,189,RFinter_specEntropy,1,0.07288340149812585
Gyroscope + EMG,189,PLinter_psdMean,1,0.07270886162733894
Gyroscope + EMG,189,PLinter_meanPowerFreq,1,0.07270886162733894
Gyroscope + EMG,189,gyroy_mavVal,1,0.06989690044641643
Gyroscope + EMG,189,BFinter_mavVal,1,0.06933281479242542
Gyroscope + EMG,189,PLinter_specEntropy,1,0.06891677419972507
Gyroscope + EMG,189,TAinter_specEntropy,1,0.06730840276799975
Gyroscope + EMG,189,TAinter_medianFreq,1,0.06383606755105849
Gyroscope + EMG,189,BFinter_domFreq,1,0.061976614535523035
Gyroscope + EMG,189,BFinter_varVal,1,0.06038337054205647
Gyroscope + EMG,189,GMinter_emdEnergy,1,0.05934371671079149
Gyroscope + EMG,189,gyrox_varVal,1,0.05897039031784606
Gyroscope + EMG,189,GMinter_cwtMean,1,0.05874860463320148
Gyroscope + EMG,189,GMinter_peakToPeak,1,0.05855722619746471
Gyroscope + EMG,189,gyrox_psdMean,1,0.05678999298620202
Gyroscope + EMG,189,GMinter_logDetector,1,0.05513888945477752
Gyroscope + EMG,189,PLinter_cwtMean,1,0.0543105904486041
Gyroscope + EMG,189,RFinter_harmonicRatio,1,0.05409300543056334
Gyroscope + EMG,189,gyroy_psdAsymmetry,1,0.0536613431828022
Gyroscope + EMG,189,MGinter_cwtMean,1,0.05304284947265795
Gyroscope + EMG,189,PLinter_emdEnergy,1,0.052706659131518896
Gyroscope + EMG,189,BFinter_cwtMean,1,0.05203234457472386
Gyroscope + EMG,189,GMinter_maxVal,1,0.052011032844165084
Gyroscope + EMG,189,PLinter_meanFreq,1,0.051444737149134584
Gyroscope + EMG,189,BFinter_peakToPeak,1,0.05076161886491894
Gyroscope + EMG,189,GMinter_specEntropy,1,0.0495781421149166
Gyroscope + EMG,189,MGinter_specEntropy,1,0.048901972665269
Gyroscope + EMG,189,PLinter_sdVal,1,0.04867854415080497
Gyroscope + EMG,189,gyrox_meanFreq,1,0.04859859027403513
Gyroscope + EMG,189,RFinter_peakToPeak,1,0.04820205594870103
Gyroscope + EMG,189,GMinter_sdVal,1,0.04714146770793548
Gyroscope + EMG,189,RFinter_waveformLength,1,0.047091156921852145
Gyroscope + EMG,189,MGinter_waveformLength,1,0.04566783276534736
Gyroscope + EMG,189,GMinter_varVal,1,0.045608660312054995
Gyroscope + EMG,189,PLinter_dwtEnergy,1,0.04479566924353882
Gyroscope + EMG,189,GMinter_psdMean,1,0.044711065383543386
Gyroscope + EMG,189,GMinter_meanPowerFreq,1,0.044711065383543386
Gyroscope + EMG,189,PLinter_medianFreq,1,0.044331902052705645
Gyroscope + EMG,189,GMinter_rmsVal,1,0.04400146911651521
Gyroscope + EMG,189,RFinter_domAmp,1,0.04392499558229527
Gyroscope + EMG,189,BFinter_meanVal,1,0.043737823501428665
Gyroscope + EMG,189,RFinter_maxVal,1,0.04280771985802249
Gyroscope + EMG,189,GMinter_mavVal,1,0.04085345740928187
Gyroscope + EMG,189,PLinter_rmsVal,1,0.040746905334590224
Gyroscope + EMG,189,BFinter_domAmp,1,0.040152585427939175
Gyroscope + EMG,189,TAinter_dwtEnergy,1,0.0378194488236021
Gyroscope + EMG,189,GMinter_dwtEnergy,1,0.037290682732188364
Gyroscope + EMG,189,BFinter_maxVal,1,0.037117086879916994
Gyroscope + EMG,189,MGinter_varVal,1,0.03706498187427982
Gyroscope + EMG,189,RFinter_cwtMean,1,0.03388669457191739
Gyroscope + EMG,189,gyroy_maxVal,1,0.033597164256998935
Gyroscope + EMG,189,MGinter_sdVal,1,0.03291966414781536
Gyroscope + EMG,189,TAinter_psdMean,1,0.03261481220821037
Gyroscope + EMG,189,TAinter_meanPowerFreq,1,0.03261481220821037
Gyroscope + EMG,189,TAinter_meanFreq,1,0.03239037172064843
Gyroscope + EMG,189,MGinter_dwtEnergy,1,0.032137789256024195
Gyroscope + EMG,189,TAinter_domFreq,1,0.03178319796117685
Gyroscope + EMG,189,BFinter_dwtEnergy,1,0.031087837532303073
Gyroscope + EMG,189,MGinter_rmsVal,1,0.03048403784969234
Gyroscope + EMG,189,PLinter_mavVal,1,0.029182844047431017
Gyroscope + EMG,189,TAinter_sdVal,1,0.02803584186772569
Gyroscope + EMG,189,PLinter_meanVal,1,0.027628152648668247
Gyroscope + EMG,189,MGinter_mavVal,1,0.02750136587902055
Gyroscope + EMG,189,TAinter_rmsVal,1,0.026482076264166102
Gyroscope + EMG,189,MGinter_psdMean,1,0.026405522188863315
Gyroscope + EMG,189,MGinter_meanPowerFreq,1,0.026405522188863315
Gyroscope + EMG,189,TAinter_mavVal,1,0.025464328666449557
Gyroscope + EMG,189,MGinter_meanVal,1,0.025194506236190257
Gyroscope + EMG,189,TAinter_emdEnergy,1,0.02350348164547672
Gyroscope + EMG,189,TAinter_peakToPeak,1,0.02298238448335624
Gyroscope + EMG,189,RFinter_varVal,1,0.022744772845251646
Gyroscope + EMG,189,BFinter_sdVal,1,0.02264497820435712
Gyroscope + EMG,189,RFinter_logDetector,1,0.020719583932879246
Gyroscope + EMG,189,GMinter_domAmp,1,0.019930069553432937
Gyroscope + EMG,189,BFinter_medianFreq,1,0.019442141712537508
Gyroscope + EMG,189,MGinter_domAmp,1,0.019400330394987054
Gyroscope + EMG,189,MGinter_peakToPeak,1,0.01888827121145106
Gyroscope + EMG,189,TAinter_cwtMean,1,0.018590040543225304
Gyroscope + EMG,189,PLinter_waveformLength,1,0.01831634754606393
Gyroscope + EMG,189,RFinter_emdEnergy,1,0.01776252589949709
Gyroscope + EMG,189,PLinter_logDetector,1,0.01721885581568811
Gyroscope + EMG,189,MGinter_emdEnergy,1,0.01662939502436801
Gyroscope + EMG,189,BFinter_psdMean,1,0.016599426207967876
Gyroscope + EMG,189,BFinter_meanPowerFreq,1,0.016599426207967876
Gyroscope + EMG,189,TAinter_varVal,1,0.01566413298652562
Gyroscope + EMG,189,GMinter_waveformLength,1,0.015421671159353528
Gyroscope + EMG,189,TAinter_meanVal,1,0.015332693845886905
Gyroscope + EMG,189,RFinter_sdVal,1,0.015106515287166854
Gyroscope + EMG,189,TAinter_logDetector,1,0.014567626866753088
Gyroscope + EMG,189,GMinter_meanVal,1,0.013366730251999975
Gyroscope + EMG,189,RFinter_mavVal,1,0.013083525396773196
Gyroscope + EMG,189,RFinter_meanVal,1,0.012372423020049395
Gyroscope + EMG,189,RFinter_rmsVal,1,0.01214832904205018
Gyroscope + EMG,189,MGinter_logDetector,1,0.012128639604425048
Gyroscope + EMG,189,BFinter_emdEnergy,1,0.007442620218262422
Gyroscope + EMG,189,RFinter_psdMean,1,0.00723222087041783
Gyroscope + EMG,189,RFinter_meanPowerFreq,1,0.00723222087041783
Gyroscope + EMG,189,BFinter_rmsVal,1,0.00676467406063191
Gyroscope + EMG,189,TAinter_maxVal,1,0.006127112002592468
Gyroscope + EMG,189,MGinter_maxVal,1,0.005950035601265475
Gyroscope + EMG,189,PLinter_domAmp,1,0.004963757389508256
Gyroscope + EMG,189,RFinter_dwtEnergy,1,0.004756780647876365
