,accuracy,f1_score_asymmetry,precision_asymmetry,recall_asymmetry
SVM (linear),0.5703812316715543,0.7169082125603865,0.5815047021943573,0.9345088161209067
Logistic Regression,0.5395894428152492,0.6802443991853361,0.5709401709401709,0.8413098236775819
MLP,0.5483870967741935,0.6771488469601677,0.5798922800718133,0.8136020151133502
XGBoost,0.5351906158357771,0.6148238153098421,0.5938967136150235,0.6372795969773299
Gradient Boosting,0.4941348973607038,0.5907473309608541,0.5582959641255605,0.6272040302267002
Random Forest,0.4970674486803519,0.585247883917775,0.5627906976744186,0.6095717884130982
